segment,gait,direction,surface,ts_hoof_on_LF,ts_hoof_on_RF,ts_hoof_on_LH,ts_hoof_on_RH,ts_raw_hoof_on_LF,ts_raw_hoof_on_RF,ts_raw_hoof_on_LH,ts_raw_hoof_on_RH,stride_dur,duty_factor,stance_dur_LF,stance_dur_RF,stance_dur_LH,stance_dur_RH,swing_dur_LF,swing_dur_RF,swing_dur_LH,swing_dur_RH,swing_intensity_LF,swing_intensity_RF,swing_intensity_LH,swing_intensity_RH,duty_factor_LF,duty_factor_RF,duty_factor_LH,duty_factor_RH,suspension_sec,suspension_perc,suspension_L_sec,suspension_L_perc,suspension_R_sec,suspension_R_perc,dap_L_sec,dap_L_perc,dap_R_sec,dap_R_perc,lap_L_sec,lap_L_perc,lap_R_sec,lap_R_perc,rom_sagittal_LF,rom_sagittal_RF,rom_sagittal_LH,rom_sagittal_RH,rom_coronal_LF,rom_coronal_RF,rom_coronal_LH,rom_coronal_RH,protraction_LF,protraction_RF,protraction_LH,protraction_RH,retraction_LF,retraction_RF,retraction_LH,retraction_RH,abduction_LF,abduction_RF,abduction_LH,abduction_RH,adduction_LF,adduction_RF,adduction_LH,adduction_RH,stride_speed,stride_length,min_diff_head,max_diff_head,si_up_head,min_diff_wth,max_diff_wth,si_up_wth,min_diff_sac,max_diff_sac,si_up_sac,min_diff_stn,max_diff_stn,si_up_stn,hiphike_swing,hiphike_stance,romz_head,romz_wth,romz_sac,romz_stn,romz_ltc,romz_rtc,horse_name,horse_ueln,horse_chip,horse_age,horse_color,horse_sex,horse_breed,horse_discipline,horse_sire,measurement,date,exam_type,exam_purpose,flexion_test,diagnostic_analgesia,inconclusive
1,"walk","left","soft",76.525,77.285,76.315,76.97,2964.15,2964.91,2963.94,2964.595,1.4288,64.2554,1.025,0.955,0.825,0.87,0.395,0.5,0.65,0.55,198.1978,157.1585,91.2921,79.7413,71.1806,65.8621,59.246,60.733,,,,,,,0.97,67.8915,-0.445,-31.1461,0.21,14.6982,0.315,22.0472,63.8188,72.2161,47.4041,52.2863,17.2403,21.3124,22.0114,21.2483,26.9145,33.8976,28.6889,31.812,-36.9043,-38.3185,-18.7152,-20.4742,15.7377,3.7648,15.9449,12.2095,-1.5027,-17.5476,-6.0665,-9.0388,,,-0.2657,-7.5986,2.0413,0.5144,-10.6437,-0.0571,,-9.1222,,,,,,,72.94,33.1808,57.9069,,,,"Duque","","N/A","2008-01-01T00:00:00.000Z","Bay","Gelding","PRE horse (Pura Raza Espanola) - Andalusier","Dressage","","20260119T121135_logfile.itlog","2026-01-19T19:11:35.549Z","In hand","Research",,,
1,"walk","left","soft",77.985,78.73,77.625,78.415,2965.61,2966.355,2965.25,2966.04,1.4206,64.8737,1.015,0.93,0.915,0.83,0.435,0.49,0.485,0.575,173.0229,171.8228,115.4599,86.9655,69.7595,65.1489,64.5503,60.0362,,,,,,,-0.34,-23.9331,-0.43,-30.2684,0.36,25.341,0.315,22.1733,66.6512,70.2214,48.3836,53.6902,18.2737,20.7632,19.6603,25.4015,32.0955,32.4215,23.4064,30.3337,-34.5557,-37.7999,-24.9772,-23.3565,15.3557,1.6381,15.0345,15.5155,-2.9179,-19.1252,-4.6258,-9.886,,,-0.0043,31.4999,31.7768,0.4797,-10.1448,-8.1685,0.2774,-5.3093,-20.5186,,,,,,100.0904,32.8371,60.1398,,,,"Duque","","N/A","2008-01-01T00:00:00.000Z","Bay","Gelding","PRE horse (Pura Raza Espanola) - Andalusier","Dressage","","20260119T121135_logfile.itlog","2026-01-19T19:11:35.549Z","In hand","Research",,,
1,"walk","left","soft",79.445,80.165,79.06,79.775,2967.07,2967.79,2966.685,2967.4,1.395,64.8802,0.945,0.885,0.905,0.885,0.445,0.505,0.52,0.53,170.0299,162.1101,108.1995,95.9043,67.8636,64.3636,64.5276,62.766,,,,,,,-0.33,-23.6559,-0.33,-23.6559,0.385,27.5986,0.39,27.957,70.286,65.3518,51.4603,55.1627,18.3895,21.6809,24.0575,27.8903,33.9061,29.245,25.8784,29.6913,-36.3799,-36.1068,-25.5819,-25.4714,16.9629,4.1075,14.0206,13.4553,-1.4265,-17.5734,-10.0369,-14.435,,,0.2926,-12.7961,,0.5238,-16.6042,1.9355,0.1705,0.6906,-8.8244,,,,,,117.0605,29.1216,66.1896,,,,"Duque","","N/A","2008-01-01T00:00:00.000Z","Bay","Gelding","PRE horse (Pura Raza Espanola) - Andalusier","Dressage","","20260119T121135_logfile.itlog","2026-01-19T19:11:35.549Z","In hand","Research",,,
1,"walk","left","soft",80.84,81.525,80.44,81.18,2968.465,2969.15,2968.065,2968.805,1.4212,65.6846,0.975,0.95,0.935,0.875,0.45,0.475,0.475,0.52,187.4234,159.9453,127.9419,104.4925,68.4211,65.9722,65.8451,62.5,,,,,,,-0.275,-19.3492,-0.34,-23.9226,0.4,28.1442,0.345,24.2744,69.7186,67.8244,51.8662,56.8855,12.6282,14.6156,20.515,19.7594,31.5839,29.6875,26.8086,30.9773,-38.1347,-38.1369,-25.0576,-25.9083,8.3528,1.6297,15.3049,9.768,-4.2755,-12.9859,-5.2101,-9.9915,,,-0.1563,-26.5408,-11.6567,-0.4699,20.7434,-5.1679,,19.5184,-6.8631,,,,,,106.8639,38.4287,65.9752,,,,"Duque","","N/A","2008-01-01T00:00:00.000Z","Bay","Gelding","PRE horse (Pura Raza Espanola) - Andalusier","Dressage","","20260119T121135_logfile.itlog","2026-01-19T19:11:35.549Z","In hand","Research",,,
1,"walk","left","soft",82.265,82.98,81.87,82.585,2969.89,2970.605,2969.495,2970.21,1.4,64.3755,0.925,0.87,0.895,0.915,0.45,0.505,0.495,0.53,182.7337,155.8247,125.8607,100.6918,66.5468,63.0435,63.4752,64.4366,,,,,,,-0.345,-24.6429,-0.32,-22.8571,0.395,28.2143,0.395,28.2143,70.2939,69.6875,49.8944,57.3911,13.712,18.4783,15.5145,18.7378,32.5717,30.6121,23.378,32.1074,-37.7222,-39.0754,-26.5164,-25.2836,10.9829,3.6767,11.2029,9.2098,-2.7291,-14.8016,-4.3116,-9.528,,,0.3227,14.5487,-11.842,0.4175,-15.5106,0.7781,0.1336,5.3078,-2.2438,,,,,,107.2152,34.4189,59.5188,,,,"Duque","","N/A","2008-01-01T00:00:00.000Z","Bay","Gelding","PRE horse (Pura Raza Espanola) - Andalusier","Dressage","","20260119T121135_logfile.itlog","2026-01-19T19:11:35.549Z","In hand","Research",,,
1,"walk","left","soft",83.67,84.365,83.3,83.98,2971.295,2971.99,2970.925,2971.605,1.3969,63.6146,0.895,0.905,0.845,0.91,0.48,0.515,0.535,0.48,174.6427,165.8086,110.9005,107.9445,64.6209,64.2984,61.4545,64.0845,,,,,,,-0.32,-22.9083,-0.31,-22.1924,0.37,26.4877,0.385,27.5615,68.382,71.3574,56.9732,57.9532,14.0516,15.8714,16.9034,12.1188,28.4559,33.3349,29.0578,32.5909,-39.9261,-38.0225,-27.9153,-25.3623,9.574,2.1289,11.9772,6.5971,-4.4776,-13.7426,-4.9263,-5.5217,,,-0.1823,-17.9011,1.642,0.5855,-14.818,-5.3735,0.1557,0.3315,-8.4726,,,,,,109.0999,43.1519,66.7719,,,,"Duque","","N/A","2008-01-01T00:00:00.000Z","Bay","Gelding","PRE horse (Pura Raza Espanola) - Andalusier","Dressage","","20260119T121135_logfile.itlog","2026-01-19T19:11:35.549Z","In hand","Research",,,
1,"walk","left","soft",85.065,85.76,84.67,85.43,2972.69,2973.385,2972.295,2973.055,1.405,63.8735,0.91,0.925,0.895,0.86,0.5,0.49,0.525,0.54,167.0379,165.6137,120.2999,92.9988,65.3501,64.7986,63.1393,62.2061,,,,,,,-0.305,-21.7082,-0.365,-25.9786,0.395,28.1139,0.33,23.4875,70.572,70.4468,53.1427,58.7434,10.0048,14.191,17.4866,20.3233,29.2753,29.7944,24.3812,35.8789,-41.2967,-40.6525,-28.7615,-22.8645,9.4875,2.302,12.02,11.133,-0.5173,-11.889,-5.4666,-9.1903,,,-0.1252,-11.7739,1.5265,0.3735,-12.5654,0.5113,0.0935,4.1042,-2.136,,,,,,123.6956,28.9584,67.0605,,,,"Duque","","N/A","2008-01-01T00:00:00.000Z","Bay","Gelding","PRE horse (Pura Raza Espanola) - Andalusier","Dressage","","20260119T121135_logfile.itlog","2026-01-19T19:11:35.549Z","In hand","Research",,,
1,"walk","left","soft",86.44,87.2,86.085,86.795,2974.065,2974.825,2973.71,2974.42,1.38,64.1845,0.955,0.825,0.88,0.885,0.465,0.515,0.52,0.505,187.3059,166.3016,116.9763,106.5916,67.3721,61.7978,62.9696,64.5985,,,,,,,-0.325,-23.5507,-0.355,-25.7246,0.355,25.7246,0.405,29.3478,73.6408,74.6166,56.2464,60.5953,14.0613,16.2908,14.7283,15.4211,30.5739,33.8184,28.8177,33.901,-43.0668,-40.7982,-27.4287,-26.6943,9.7479,0.2665,11.3043,8.6158,-4.3134,-16.0244,-3.4241,-6.8053,,,-0.2077,-35.3505,-9.6655,-0.1604,9.5376,-0.3835,0.2419,5.6164,-10.1415,,,,,,140.5678,26.3197,66.5734,,,,"Duque","","N/A","2008-01-01T00:00:00.000Z","Bay","Gelding","PRE horse (Pura Raza Espanola) - Andalusier","Dressage","","20260119T121135_logfile.itlog","2026-01-19T19:11:35.549Z","In hand","Research",,,
1,"walk","left","soft",87.855,88.53,87.48,88.145,2975.48,2976.155,2975.105,2975.77,1.3487,63.674,0.895,0.855,0.835,0.85,0.46,0.505,0.515,0.465,191.4014,175.797,122.2307,111.07,66.6667,63.0996,61.9666,62.963,,,,,,,-0.28,-20.76,-0.29,-21.5014,0.375,27.8035,0.385,28.5449,68.7427,68.3912,56.7544,59.645,10.5572,17.1695,23.1097,21.6608,31.934,31.3868,29.0769,32.503,-36.8087,-37.0044,-27.6775,-27.142,8.4273,1.6765,13.3332,9.4069,-2.1299,-15.493,-9.7766,-12.2539,,,-0.1147,-46.0543,-32.8335,0.6374,-17.3504,-6.7569,0.1777,5.519,-6.3147,,,,,,148.061,33.7327,68.0881,,,,"Duque","","N/A","2008-01-01T00:00:00.000Z","Bay","Gelding","PRE horse (Pura Raza Espanola) - Andalusier","Dressage","","20260119T121135_logfile.itlog","2026-01-19T19:11:35.549Z","In hand","Research",,,
1,"walk","left","soft",89.185,89.88,88.825,89.53,2976.81,2977.505,2976.45,2977.155,1.3319,63.5355,0.89,0.84,0.84,0.815,0.435,0.495,0.51,0.535,190.7536,158.0892,131.8233,106.9524,66.6667,63.3962,62.5698,61.5094,,,,,,,-0.295,-22.1492,-0.345,-25.9033,0.36,27.0296,0.35,26.2787,72.8643,72.7696,54.4488,54.7114,12.862,14.2442,14.4717,17.1899,33.8848,33.5594,27.0024,27.3639,-38.9795,-39.2102,-27.4464,-27.3475,8.6591,1.611,10.0842,9.608,-4.2029,-12.6332,-4.3875,-7.582,,,0.2384,4.2059,-20.0447,-0.2338,9.5467,-7.6857,0.2131,6.6566,-7.7906,,,,,,117.6401,34.5531,67.7923,,,,"Duque","","N/A","2008-01-01T00:00:00.000Z","Bay","Gelding","PRE horse (Pura Raza Espanola) - Andalusier","Dressage","","20260119T121135_logfile.itlog","2026-01-19T19:11:35.549Z","In hand","Research",,,
1,"walk","left","soft",90.53,91.195,90.16,90.83,2978.155,2978.82,2977.785,2978.455,1.3219,64.1066,0.885,0.85,0.845,0.81,0.455,0.475,0.495,0.485,183.3523,173.8079,120.5067,101.8218,66.4165,64.7619,63.5338,61.7143,,,,,,,-0.28,-21.182,-0.3,-22.695,0.37,27.9905,0.365,27.6123,70.1881,70.5179,59.9028,60.1707,13.7484,15.2234,12.5574,16.2896,31.7577,31.1603,29.7715,31.5256,-38.4304,-39.3576,-30.1313,-28.6451,8.9645,1.9139,8.2168,8.7857,-4.7839,-13.3095,-4.3406,-7.5039,,,-0.2555,-7.3279,22.6003,0.4621,-13.2082,-6.3714,0.0803,2.0631,-2.5389,,,,,,117.1234,39.0971,65.636,,,,"Duque","","N/A","2008-01-01T00:00:00.000Z","Bay","Gelding","PRE horse (Pura Raza Espanola) - Andalusier","Dressage","","20260119T121135_logfile.itlog","2026-01-19T19:11:35.549Z","In hand","Research",,,
1,"walk","left","soft",91.855,92.495,91.48,92.16,2979.48,2980.12,2979.105,2979.785,1.2875,63.4202,0.845,0.82,0.815,0.785,0.44,0.45,0.475,0.52,181.0979,176.1295,137.2185,101.7623,66.2745,64.4401,62.8131,60.1533,,,,,,,-0.285,-22.1359,-0.305,-23.6893,0.375,29.1262,0.335,26.0194,71.8698,67.1866,55.6463,57.6551,10.6841,10.9565,18.3552,16.4582,31.3912,30.4865,26.6467,30.3662,-40.4786,-36.7001,-28.9996,-27.2889,6.9389,2.5497,11.9016,7.9843,-3.7452,-8.4068,-6.4536,-8.474,,,0.08,1.7366,-6.5576,0.2339,-16.4598,7.3229,-0.0282,4.7276,6.5178,,,,,,108.9449,35.3228,68.1272,,,,"Duque","","N/A","2008-01-01T00:00:00.000Z","Bay","Gelding","PRE horse (Pura Raza Espanola) - Andalusier","Dressage","","20260119T121135_logfile.itlog","2026-01-19T19:11:35.549Z","In hand","Research",,,
1,"walk","left","soft",93.12,93.77,92.785,93.465,2980.745,2981.395,2980.41,2981.09,1.31,63.6223,0.885,0.87,0.78,0.8,0.42,0.455,0.49,0.52,197.9258,166.1823,128.5984,103.0103,66.6667,66.2857,60.7004,60.8365,,,,,,,-0.29,-22.1374,-0.345,-26.3359,0.335,25.5725,0.305,23.2824,71.7565,72.6838,55.4838,58.6589,14.406,16.9136,18.1594,11.3996,31.823,31.2677,26.765,34.0753,-39.9335,-41.4162,-28.7188,-24.5836,10.3737,0.1384,11.8542,6.3614,-4.0323,-16.7752,-6.3052,-5.0381,,,-0.3806,-21.2087,20.2588,0.2795,-13.5985,6.596,-0.0671,-10.2721,-6.19,,,,,,132.2308,39.0182,71.7388,,,,"Duque","","N/A","2008-01-01T00:00:00.000Z","Bay","Gelding","PRE horse (Pura Raza Espanola) - Andalusier","Dressage","","20260119T121135_logfile.itlog","2026-01-19T19:11:35.549Z","In hand","Research",,,
1,"walk","left","soft",94.47,95.07,94.085,94.775,2982.095,2982.695,2981.71,2982.4,1.2963,63.2733,0.83,0.85,0.805,0.795,0.465,0.43,0.52,0.51,181.4342,198.9328,118.4894,103.5965,65.4832,64.7619,61.1006,61.7476,,,,,,,-0.315,-24.3009,-0.305,-23.5294,0.385,29.7011,0.295,22.758,72.4194,69.5893,56.055,56.8657,9.636,13.285,22.6829,18.7041,35.1803,31.1065,28.473,31.8609,-37.2391,-38.4828,-27.5819,-25.0048,8.5531,3.2187,12.8143,9.1968,-1.0829,-10.0663,-9.8686,-9.5073,,,-0.322,-46.0594,-4.1585,0.0812,-16.6599,11.5706,0.0139,-8.959,-9.836,,,,,,134.2963,39.3198,71.8698,,,,"Duque","","N/A","2008-01-01T00:00:00.000Z","Bay","Gelding","PRE horse (Pura Raza Espanola) - Andalusier","Dressage","","20260119T121135_logfile.itlog","2026-01-19T19:11:35.549Z","In hand","Research",,,
1,"walk","left","soft",95.71,96.415,95.395,96.045,2983.335,2984.04,2983.02,2983.67,1.3025,63.8337,0.905,0.81,0.805,0.805,0.41,0.495,0.505,0.475,200.8935,164.8402,131.3106,108.3708,69.7495,63.035,61.2167,61.3333,,,,,,,-0.325,-24.952,-0.335,-25.7198,0.315,24.1843,0.37,28.4069,77.7584,73.2803,53.5535,60.0032,11.1645,13.1263,18.206,15.6839,34.8463,35.4521,24.9714,30.2516,-42.9122,-37.8282,-28.582,-29.7516,4.5394,0.9583,10.6611,8.0067,-6.6251,-12.168,-7.5449,-7.6772,,,-0.2482,-25.5569,3.219,0.46,-14.3838,2.8412,0.1654,-1.8148,-12.1354,,,,,,115.9529,39.2996,68.2017,,,,"Duque","","N/A","2008-01-01T00:00:00.000Z","Bay","Gelding","PRE horse (Pura Raza Espanola) - Andalusier","Dressage","","20260119T121135_logfile.itlog","2026-01-19T19:11:35.549Z","In hand","Research",,,
1,"walk","left","soft",96.99,97.68,96.715,97.39,2984.615,2985.305,2984.34,2985.015,1.2906,63.9958,0.9,0.845,0.795,0.765,0.375,0.455,0.515,0.54,230.4936,187.9991,117.092,101.0369,69.3642,64.6272,62.1094,59.8826,,,,,,,-0.3,-23.2446,-0.4,-30.9927,0.275,21.3075,0.29,22.4697,71.9903,68.7585,56.1222,57.4288,9.476,14.8228,12.2913,14.5228,31.7802,28.9204,28.1436,31.3071,-40.2101,-39.8381,-27.9785,-26.1217,6.6523,1.1605,8.9638,9.2431,-2.8237,-13.6623,-3.3276,-5.2797,,,0.0876,17.9492,9.8124,-0.236,3.199,-1.467,0.1697,4.3373,-7.075,,,,,,109.2659,41.9747,67.2568,,,,"Duque","","N/A","2008-01-01T00:00:00.000Z","Bay","Gelding","PRE horse (Pura Raza Espanola) - Andalusier","Dressage","","20260119T121135_logfile.itlog","2026-01-19T19:11:35.549Z","In hand","Research",,,
1,"walk","left","soft",98.31,98.995,97.965,98.64,2985.935,2986.62,2985.59,2986.265,1.3169,64.6391,0.895,0.84,0.84,0.83,0.42,0.47,0.455,0.485,189.4945,178.7742,130.3566,105.679,67.5472,64.3678,64,62.6415,,,,,,,-0.285,-21.6421,-0.33,-25.0593,0.345,26.1984,0.355,26.9578,75.4158,76.8223,54.8503,57.6301,12.4018,12.5328,14.4646,16.7785,35.298,37.3274,26.3731,29.3512,-40.1178,-39.4949,-28.4772,-28.2788,8.1425,2.0501,9.5897,8.4143,-4.2593,-10.4827,-4.8748,-8.3642,,,-0.05,11.654,16.2301,0.0401,-11.347,11.7746,0.0397,-1.8243,-4.0086,,,,,,104.1979,41.9815,60.3046,,,,"Duque","","N/A","2008-01-01T00:00:00.000Z","Bay","Gelding","PRE horse (Pura Raza Espanola) - Andalusier","Dressage","","20260119T121135_logfile.itlog","2026-01-19T19:11:35.549Z","In hand","Research",,,
1,"walk","left","soft",99.645,100.295,99.295,99.975,2987.27,2987.92,2986.92,2987.6,1.3494,64.8316,0.9,0.915,0.825,0.86,0.44,0.46,0.49,0.505,189.8183,184.2915,125.0159,105.8589,66.6667,67.156,62.5,63.0037,,,,,,,-0.3,-22.2325,-0.33,-24.4558,0.35,25.9379,0.32,23.7147,67.4207,69.4653,56.3403,58.9158,12.5407,16.3297,18.6426,17.8357,29.3665,28.2876,26.9257,33.0156,-38.0542,-41.1777,-29.4145,-25.9001,9.8207,4.0879,11.4197,8.9151,-2.7199,-12.2418,-7.2229,-8.9206,,,0.1613,13.9037,-5.0049,0.084,-9.2454,8.0652,-0.0345,0.0823,2.1978,,,,,,117.1927,40.8596,64.7243,,,,"Duque","","N/A","2008-01-01T00:00:00.000Z","Bay","Gelding","PRE horse (Pura Raza Espanola) - Andalusier","Dressage","","20260119T121135_logfile.itlog","2026-01-19T19:11:35.549Z","In hand","Research",,,
1,"walk","left","soft",101.005,101.645,100.62,101.34,2988.63,2989.27,2988.245,2988.965,1.345,64.4198,0.885,0.9,0.835,0.845,0.46,0.435,0.5,0.505,169.1447,179.404,130.922,108.1794,66.4165,67.1642,61.8519,62.2468,,,,,,,-0.325,-24.1636,-0.335,-24.9071,0.385,28.6245,0.305,22.6766,68.3898,70.1714,54.4633,55.9445,12.6887,13.4495,15.0848,15.634,30.8338,30.3702,25.3027,29.9725,-37.556,-39.8012,-29.1605,-25.972,5.6059,1.5807,10.0742,9.564,-7.0828,-11.8689,-5.0105,-6.07,,,0.1468,18.6917,5.0298,-0.1158,-7.2891,10.3759,0.0404,-7.0139,-9.5067,,,,,,98.114,38.7774,68.7043,,,,"Duque","","N/A","2008-01-01T00:00:00.000Z","Bay","Gelding","PRE horse (Pura Raza Espanola) - Andalusier","Dressage","","20260119T121135_logfile.itlog","2026-01-19T19:11:35.549Z","In hand","Research",,,
1,"walk","left","soft",102.325,102.99,101.985,102.705,2989.95,2990.615,2989.61,2990.33,1.3525,64.4171,0.92,0.885,0.85,0.83,0.435,0.445,0.53,0.52,183.3663,178.3239,112.5709,100.9642,67.2761,66.0448,61.706,62.6415,,,,,,,-0.34,-25.1386,-0.38,-28.0961,0.34,25.1386,0.285,21.0721,72.6007,72.519,51.8463,56.1229,18.7191,12.797,16.801,12.7467,34.4754,31.0747,23.2527,31.1018,-38.1253,-41.4443,-28.5936,-25.0211,12.3145,4.672,10.6077,6.8421,-6.4046,-8.125,-6.1933,-5.9047,,,-0.0883,-7.5241,-0.2371,0.1852,-7.8762,4.5216,0.1304,-8.5242,-15.7951,,,,,,96.6439,39.5041,64.284,,,,"Duque","","N/A","2008-01-01T00:00:00.000Z","Bay","Gelding","PRE horse (Pura Raza Espanola) - Andalusier","Dressage","","20260119T121135_logfile.itlog","2026-01-19T19:11:35.549Z","In hand","Research",,,
1,"walk","left","soft",103.705,104.34,103.36,104.005,2991.33,2991.965,2990.985,2991.63,1.2919,62.9907,0.855,0.83,0.78,0.79,0.46,0.465,0.525,0.47,177.3082,175.349,114.8747,107.0609,66.2791,64.0927,60.2317,61.3592,,,,,,,-0.37,-28.6405,-0.3,-23.2221,0.345,26.7054,0.335,25.9313,69.4297,71.6969,54.9371,61.3479,14.4051,12.1575,16.3682,17.6084,29.7221,30.958,26.6815,33.1531,-39.7076,-40.7389,-28.2556,-28.1948,8.7656,0.7242,10.5795,9.7586,-5.6395,-11.4333,-5.7888,-7.8498,,,-0.1334,-17.3362,-5.308,0.677,-21.0432,-0.4298,0.1636,-2.0362,-11.4744,,,,,,102.4284,37.9682,66.8806,,,,"Duque","","N/A","2008-01-01T00:00:00.000Z","Bay","Gelding","PRE horse (Pura Raza Espanola) - Andalusier","Dressage","","20260119T121135_logfile.itlog","2026-01-19T19:11:35.549Z","In hand","Research",,,
1,"walk","left","soft",104.97,105.635,104.645,105.32,2992.595,2993.26,2992.27,2992.945,1.2775,63.2191,0.86,0.805,0.795,0.77,0.41,0.465,0.505,0.525,195.3636,179.922,119.279,109.3741,67.5835,63.5108,61.39,60.3922,,,,,,,-0.305,-23.8748,-0.35,-27.3973,0.325,25.4403,0.315,24.6575,71.446,78.1255,55.8031,60.0373,10.3055,9.951,15.0631,14.7646,29.6686,37.3718,26.9911,31.8034,-41.7774,-40.7538,-28.812,-28.2338,7.4776,0.4616,9.9188,8.1155,-2.8279,-9.4894,-5.1443,-6.6491,,,0.1385,7.313,-7.7476,0.109,-10.1153,-2.6122,0.0264,-2.5084,-4.2759,,,,,,114.586,38.1219,71.6072,,,,"Duque","","N/A","2008-01-01T00:00:00.000Z","Bay","Gelding","PRE horse (Pura Raza Espanola) - Andalusier","Dressage","","20260119T121135_logfile.itlog","2026-01-19T19:11:35.549Z","In hand","Research",,,
1,"walk","left","soft",106.245,106.9,105.935,106.575,2993.87,2994.525,2993.56,2994.2,1.2519,62.6101,0.81,0.785,0.78,0.76,0.415,0.46,0.495,0.485,196.2236,190.1207,125.9907,113.3346,65.0602,62.1782,61.5385,61.6633,,,,,,,-0.3,-23.9641,-0.33,-26.3605,0.31,24.7629,0.325,25.9611,77.205,70.7699,59.7463,63.6216,14.4077,13.2486,20.8314,21.802,32.665,26.5171,29.7529,32.3679,-44.5401,-44.2528,-29.9934,-31.2537,10.4215,0.7334,11.8999,11.2425,-3.9862,-12.5151,-8.9314,-10.5596,,,-0.0109,-0.4202,0.8158,-0.2617,1.5066,7.028,0.0059,-2.8737,-3.2813,,,,,,121.5427,38.6395,79.9659,,,,"Duque","","N/A","2008-01-01T00:00:00.000Z","Bay","Gelding","PRE horse (Pura Raza Espanola) - Andalusier","Dressage","","20260119T121135_logfile.itlog","2026-01-19T19:11:35.549Z","In hand","Research",,,
1,"walk","left","soft",107.51,108.18,107.195,107.795,2995.135,2995.805,2994.82,2995.42,1.2825,62.6468,0.86,0.81,0.755,0.79,0.455,0.495,0.48,0.46,202.1353,178.8093,144.1918,129.6401,66.2813,62.5483,60.1594,61.5984,,,,,,,-0.295,-23.0019,-0.285,-22.2222,0.315,24.5614,0.385,30.0195,72.624,66.5185,56.63,64.7267,12.5426,11.1643,20.5091,18.276,30.8725,27.1855,29.1934,34.6193,-41.7515,-39.333,-27.4365,-30.1074,6.4445,2.5874,13.0925,8.7032,-6.0981,-8.5769,-7.4165,-9.5728,,,0.3317,21.555,-22.8296,0.6358,-15.2148,12.1801,0.188,8.3591,-6.6679,,,,,,133.7966,38.9036,83.3368,,,,"Duque","","N/A","2008-01-01T00:00:00.000Z","Bay","Gelding","PRE horse (Pura Raza Espanola) - Andalusier","Dressage","","20260119T121135_logfile.itlog","2026-01-19T19:11:35.549Z","In hand","Research",,,
1,"walk","left","soft",108.79,109.465,108.47,109.11,2996.415,2997.09,2996.095,2996.735,1.3169,63.6959,0.9,0.84,0.785,0.83,0.42,0.475,0.52,0.525,198.5297,175.2964,127.8679,112.0766,68.7023,63.6364,60.735,61.71,,,,,,,-0.29,-22.0218,-0.32,-24.3,0.32,24.3,0.355,26.9578,68.3684,71.5095,58.4579,57.2136,11.7872,13.7803,13.8585,15.7153,27.6173,34.8318,30.4514,29.7515,-40.7511,-36.6777,-28.0066,-27.4621,8.7101,4.5531,8.747,7.6346,-3.0771,-9.2272,-5.1115,-8.0808,,,0.0644,20.7177,14.4864,-0.0527,-2.907,-3.5141,0.1839,10.6896,-4.6383,,,,,,111.5538,30.4576,83.336,,,,"Duque","","N/A","2008-01-01T00:00:00.000Z","Bay","Gelding","PRE horse (Pura Raza Espanola) - Andalusier","Dressage","","20260119T121135_logfile.itlog","2026-01-19T19:11:35.549Z","In hand","Research",,,
1,"walk","left","soft",110.09,110.79,109.75,110.445,2997.715,2998.415,2997.375,2998.07,1.3306,64.8195,0.91,0.88,0.84,0.82,0.4,0.485,0.495,0.505,200.1618,171.2549,129.7462,108.257,68.6792,65.6716,62.5698,62.3574,,,,,,,-0.285,-21.4185,-0.355,-26.6792,0.34,25.5519,0.345,25.9277,69.3058,73.4832,57.0201,57.1689,11.0134,11.1576,13.1791,11.2659,29.7656,35.3081,29.0169,29.12,-39.5402,-38.1751,-28.0033,-28.0489,7.5397,2.2515,8.434,6.4065,-3.4737,-8.9062,-4.7451,-4.8594,,,0.0856,15.0011,6.4677,0.0328,-0.5707,-0.9013,0.1762,4.3771,-6.7483,,,,,,106.146,32.1354,66.8376,,,,"Duque","","N/A","2008-01-01T00:00:00.000Z","Bay","Gelding","PRE horse (Pura Raza Espanola) - Andalusier","Dressage","","20260119T121135_logfile.itlog","2026-01-19T19:11:35.549Z","In hand","Research",,,
1,"walk","left","soft",111.43,112.105,111.1,111.75,2999.055,2999.73,2998.725,2999.375,1.2987,63.8153,0.87,0.815,0.81,0.82,0.43,0.435,0.51,0.485,184.8908,183.485,119.9807,102.9021,66.7946,63.9216,62.069,62.4762,,,,,,,-0.31,-23.8691,-0.32,-24.6391,0.33,25.409,0.355,27.334,74.1437,72.3184,55.8264,58.4351,16.1309,12.708,12.7318,17.8505,35.3565,32.9649,25.9428,29.7837,-38.7872,-39.3535,-29.8836,-28.6515,10.1979,1.4473,6.891,9.4734,-5.9331,-11.2607,-5.8409,-8.3771,,,0.1039,-2.5032,-12.7178,-0.1077,-5.2939,7.3408,0.063,-0.2645,-4.4209,,,,,,106.2584,33.1156,69.3249,,,,"Duque","","N/A","2008-01-01T00:00:00.000Z","Bay","Gelding","PRE horse (Pura Raza Espanola) - Andalusier","Dressage","","20260119T121135_logfile.itlog","2026-01-19T19:11:35.549Z","In hand","Research",,,
1,"walk","left","soft",112.735,113.405,112.39,113.07,3000.36,3001.03,3000.015,3000.695,1.2581,62.7682,0.84,0.77,0.805,0.745,0.435,0.485,0.48,0.5,193.865,175.1461,121.5611,106.9004,66.0118,61.6,63.1373,60.3239,,,,,,,-0.285,-22.6528,-0.335,-26.6269,0.345,27.4218,0.335,26.6269,77.1582,71.1361,56.7598,59.7426,11.7173,10.7855,15.8323,17.2863,33.6267,31.1807,25.644,30.9261,-43.5315,-39.9554,-31.1158,-28.8165,7.2069,2.2739,10.4603,8.7436,-4.5103,-8.5116,-5.372,-8.5426,,,-0.0878,1.9348,11.2644,0.4954,-15.2632,1.0148,0.0094,-7.5325,-8.1306,,,,,,114.8157,39.6886,71.6661,,,,"Duque","","N/A","2008-01-01T00:00:00.000Z","Bay","Gelding","PRE horse (Pura Raza Espanola) - Andalusier","Dressage","","20260119T121135_logfile.itlog","2026-01-19T19:11:35.549Z","In hand","Research",,,
1,"walk","left","soft",114.005,114.65,113.655,114.295,3001.63,3002.275,3001.28,3001.92,1.2994,63.6897,0.835,0.84,0.81,0.825,0.43,0.475,0.46,0.48,209.2344,179.8486,134.3591,115.9238,64.9805,63.8783,63.2813,62.6186,,,,,,,-0.25,-19.24,-0.29,-22.3184,0.35,26.936,0.355,27.3208,70.6005,72.3,57.3889,60.2926,15.1293,12.1263,9.5516,15.9479,31.7147,34.1842,29.1103,31.1775,-38.8858,-38.1159,-28.2786,-29.1152,8.0212,0.9324,7.5266,9.3996,-7.108,-11.1939,-2.025,-6.5483,,,0.0916,26.2869,16.3123,0.0906,2.5587,-6.0035,0.2365,10.285,-6.4122,,,,,,127.789,33.4396,72.3172,,,,"Duque","","N/A","2008-01-01T00:00:00.000Z","Bay","Gelding","PRE horse (Pura Raza Espanola) - Andalusier","Dressage","","20260119T121135_logfile.itlog","2026-01-19T19:11:35.549Z","In hand","Research",,,
1,"walk","left","soft",115.31,115.965,114.945,115.625,3002.935,3003.59,3002.57,3003.25,1.2669,62.5419,0.83,0.77,0.8,0.77,0.47,0.475,0.48,0.505,171.4309,171.727,127.9376,107.6458,64.3411,61.9718,62.5,61.3546,,,,,,,-0.295,-23.2856,-0.315,-24.8643,0.365,28.8111,0.34,26.8377,74.2188,75.9957,57.5091,63.368,16.7769,13.5749,12.6081,17.0171,32.7796,31.9599,24.2772,34.7884,-41.4391,-44.0357,-33.232,-28.5796,10.7353,0.5535,6.7228,8.9792,-6.0415,-13.0214,-5.8853,-8.0379,,,0.0682,8.6832,0.4307,0.1671,-10.2046,4.2661,-0.0746,-1.4859,3.8613,,,,,,141.3932,33.1852,79.4156,,,,"Duque","","N/A","2008-01-01T00:00:00.000Z","Bay","Gelding","PRE horse (Pura Raza Espanola) - Andalusier","Dressage","","20260119T121135_logfile.itlog","2026-01-19T19:11:35.549Z","In hand","Research",,,
1,"walk","left","soft",116.59,117.205,116.225,116.86,3004.215,3004.83,3003.85,3004.485,1.2462,62.1916,0.79,0.78,0.755,0.775,0.45,0.47,0.48,0.465,199.6805,192.374,130.2897,121.5015,63.8384,62.6506,61.1336,61.144,,,,,,,-0.26,-20.8626,-0.27,-21.665,0.365,29.2879,0.345,27.683,75.7538,68.3272,56.6853,59.8748,16.5812,15.4831,22.4157,18.7993,31.3823,30.6104,26.054,32.7425,-44.3715,-37.7167,-30.6313,-27.1323,11.4768,1.9729,13.2897,8.5126,-5.1044,-13.5102,-9.126,-10.2868,,,0.2799,-27.2082,,0.6057,-26.8159,8.0375,-0.1129,-19.3088,-10.3418,,,,,,155.8951,40.1789,90.9296,,,,"Duque","","N/A","2008-01-01T00:00:00.000Z","Bay","Gelding","PRE horse (Pura Raza Espanola) - Andalusier","Dressage","","20260119T121135_logfile.itlog","2026-01-19T19:11:35.549Z","In hand","Research",,,
1,"walk","left","soft",117.825,118.445,117.46,118.155,3005.45,3006.07,3005.085,3005.78,1.2544,61.9884,0.79,0.795,0.785,0.74,0.445,0.46,0.48,0.52,221.2313,182.599,141.4094,113.8191,64.0974,62.9703,61.4481,59.4378,,,,,,,-0.255,-20.3288,-0.33,-26.3079,0.365,29.0982,0.29,23.1191,72.7168,73.8205,60.518,60.8189,11.4515,8.6747,21.4082,16.2127,32.4789,35.1782,30.7788,35.6593,-40.2379,-38.6424,-29.7392,-25.1597,6.2395,0.557,13.5419,10.4496,-5.212,-8.1177,-7.8663,-5.7631,,,-0.1376,-24.4623,-9.0528,0.0188,-2.0142,-0.2917,-0.1385,,-13.2072,,,,,,126.4367,34.039,88.4056,,,,"Duque","","N/A","2008-01-01T00:00:00.000Z","Bay","Gelding","PRE horse (Pura Raza Espanola) - Andalusier","Dressage","","20260119T121135_logfile.itlog","2026-01-19T19:11:35.549Z","In hand","Research",,,
1,"walk","left","soft",119.055,119.715,118.75,119.385,3006.68,3007.34,3006.375,3007.01,1.2613,62.4173,0.86,0.775,0.76,0.755,0.44,0.475,0.505,0.49,191.8778,173.3172,138.1884,108.2779,67.1875,62.1242,60.198,60.1594,,,,,,,-0.305,-24.1824,-0.33,-26.1645,0.305,24.1824,0.33,26.1645,75.7604,71.0555,57.3859,59.285,13.3109,12.3713,18.2297,17.3829,34.8363,31.3356,28.7166,28.7644,-40.9241,-39.7199,-28.6693,-30.5206,8.7207,2.1129,11.1431,9.4949,-4.5902,-10.2584,-7.0866,-7.888,,,0.0638,16.5681,10.0407,0.0507,-10.2584,5.8177,-0.1382,-12.9774,-2.2874,,,,,,116.9106,37.0507,84.2489,,,,"Duque","","N/A","2008-01-01T00:00:00.000Z","Bay","Gelding","PRE horse (Pura Raza Espanola) - Andalusier","Dressage","","20260119T121135_logfile.itlog","2026-01-19T19:11:35.549Z","In hand","Research",,,
1,"walk","left","soft",120.315,120.96,120.01,120.65,3007.94,3008.585,3007.635,3008.275,1.2219,62.163,0.825,0.77,0.735,0.71,0.4,0.47,0.5,0.51,206.8035,173.1634,129.6657,110.515,66.2651,62.6016,60.6186,59.1667,,,,,,,-0.295,-24.1432,-0.335,-27.4169,0.305,24.9616,0.31,25.3708,75.5457,71.8919,61.4146,61.5809,19.7873,10.5441,14.2223,13.129,35.3179,32.751,30.6221,34.233,-40.2277,-39.1409,-30.7925,-27.3479,10.3094,0.6604,9.7896,6.3736,-9.4778,-9.8837,-4.4327,-6.7555,,,0.1438,16.0908,-1.7953,0.1993,-10.3789,7.0145,-0.1087,-16.3868,-7.5581,,,,,,124.3923,36.4018,88.8075,,,,"Duque","","N/A","2008-01-01T00:00:00.000Z","Bay","Gelding","PRE horse (Pura Raza Espanola) - Andalusier","Dressage","","20260119T121135_logfile.itlog","2026-01-19T19:11:35.549Z","In hand","Research",,,
1,"walk","left","soft",121.58,122.18,121.2,121.83,3009.205,3009.805,3008.825,3009.455,1.2394,63.1535,0.795,0.795,0.765,0.775,0.44,0.45,0.455,0.47,193.8968,182.8052,140.0705,113.5766,64.898,64.503,62.069,61.144,,,,,,,-0.24,-19.3646,-0.25,-20.1715,0.38,30.6606,0.35,28.24,71.3999,76.6568,60.9054,60.7969,13.3926,16.1677,15.694,15.837,32.6575,36.2978,28.9072,29.9333,-38.7424,-40.359,-31.9982,-30.8636,8.6541,2.0316,9.8611,6.9015,-4.7385,-14.1361,-5.8329,-8.9355,,,-0.1241,-15.5008,-0.8955,0.3802,-15.1379,8.6335,-0.0534,-5.3626,-1.1144,,,,,,122.6218,35.3611,83.8154,,,,"Duque","","N/A","2008-01-01T00:00:00.000Z","Bay","Gelding","PRE horse (Pura Raza Espanola) - Andalusier","Dressage","","20260119T121135_logfile.itlog","2026-01-19T19:11:35.549Z","In hand","Research",,,
1,"walk","left","soft",122.795,123.4,122.445,123.12,3010.42,3011.025,3010.07,3010.745,1.2456,62.6074,0.8,0.825,0.765,0.73,0.42,0.425,0.48,0.515,195.2187,199.3375,136.6154,106.055,64.7773,65.3465,60.9562,59.3496,,,,,,,-0.265,-21.2745,-0.325,-26.0913,0.35,28.0983,0.28,22.4787,75.7406,71.6279,57.1109,58.9805,16.4413,8.6748,17.9339,17.6699,34.1114,33.7147,25.6154,31.96,-41.6291,-37.9132,-31.4955,-27.0205,8.687,1.4959,10.9719,10.4087,-7.7543,-7.179,-6.9619,-7.2612,,,-0.0289,-17.2696,-14.1321,-0.0774,-6.6925,2.2036,0.0528,-4.7711,-8.9897,,,,,,126.6298,36.1488,84.7116,,,,"Duque","","N/A","2008-01-01T00:00:00.000Z","Bay","Gelding","PRE horse (Pura Raza Espanola) - Andalusier","Dressage","","20260119T121135_logfile.itlog","2026-01-19T19:11:35.549Z","In hand","Research",,,
1,"walk","left","soft",124.045,124.675,123.71,124.335,3011.67,3012.3,3011.335,3011.96,1.2375,62.3177,0.82,0.745,0.765,0.755,0.45,0.45,0.5,0.485,197.4974,170.0427,124.8065,110.258,65.6,61.8257,60.835,61.0101,,,,,,,-0.31,-25.0505,-0.29,-23.4343,0.335,27.0707,0.34,27.4747,74.4502,74.1378,60.5625,64.2023,12.6182,9.8512,16.2507,17.5769,34.7853,35.0646,29.8253,31.2899,-39.6649,-39.0732,-30.7372,-32.9124,7.0527,1.0747,9.288,7.9773,-5.5656,-8.7765,-6.9627,-9.5995,,,-0.2173,-22.0111,5.3617,0.3519,-16.8984,4.4449,0.0158,-7.8535,-8.966,,,,,,127.5439,45.5889,79.7114,,,,"Duque","","N/A","2008-01-01T00:00:00.000Z","Bay","Gelding","PRE horse (Pura Raza Espanola) - Andalusier","Dressage","","20260119T121135_logfile.itlog","2026-01-19T19:11:35.549Z","In hand","Research",,,
1,"walk","left","soft",125.275,125.89,124.96,125.57,3012.9,3013.515,3012.585,3013.195,1.2469,62.3388,0.825,0.79,0.725,0.77,0.41,0.47,0.485,0.48,205.511,173.8476,135.8775,121.582,66,62.4506,59.3047,61.6,,,,,,,-0.285,-22.8571,-0.295,-23.6591,0.315,25.2632,0.32,25.6642,76.0284,75.1164,55.9893,59.3273,17.6047,13.9045,21.3601,19.1108,35.5313,34.9459,26.6419,29.9181,-40.4971,-40.1705,-29.3475,-29.4092,11.6422,2.0208,12.8432,9.2209,-5.9625,-11.8837,-8.5169,-9.8899,,,-0.1957,-13.7965,10.4787,0.3689,-19.325,2.3217,0.0505,-2.5472,-6.5508,,,,,,134.0921,46.116,81.8053,,,,"Duque","","N/A","2008-01-01T00:00:00.000Z","Bay","Gelding","PRE horse (Pura Raza Espanola) - Andalusier","Dressage","","20260119T121135_logfile.itlog","2026-01-19T19:11:35.549Z","In hand","Research",,,
1,"walk","left","soft",126.54,127.16,126.195,126.82,3014.165,3014.785,3013.82,3014.445,1.2219,61.9948,0.795,0.74,0.76,0.735,0.44,0.48,0.51,0.48,193.868,179.0854,124.7563,115.9642,64.7658,61.157,60.6786,61.3779,,,,,,,-0.305,-24.9616,-0.28,-22.9156,0.345,28.2353,0.34,27.8261,75.9979,73.4758,61.4624,65.3094,13.4699,12.0408,12.0489,18.8612,33.2888,28.8458,30.5247,33.5781,-42.709,-44.63,-30.9377,-31.7313,6.7415,0.2697,8.7134,9.0239,-6.7283,-11.7711,-3.3355,-9.8374,,,-0.0568,-2.6101,5.0061,0.3568,-12.4117,5.1499,-0.009,-8.7192,-8.0691,,,,,,152.3269,41.4158,81.0589,,,,"Duque","","N/A","2008-01-01T00:00:00.000Z","Bay","Gelding","PRE horse (Pura Raza Espanola) - Andalusier","Dressage","","20260119T121135_logfile.itlog","2026-01-19T19:11:35.549Z","In hand","Research",,,
1,"walk","left","soft",127.76,128.36,127.43,128,3015.385,3015.985,3015.055,3015.625,1.1806,60.6758,0.75,0.7,0.685,0.73,0.425,0.46,0.475,0.445,209.3059,194.9236,138.4717,128.3258,64.3777,59.448,58.547,60.3306,,,,,,,-0.27,-22.8692,-0.24,-20.3282,0.33,27.9513,0.36,30.4923,75.6813,75.133,59.7245,64.479,16.7417,13.0324,20.9978,16.8535,33.3698,36.7207,27.8273,30.837,-42.3115,-38.4123,-31.8972,-33.642,9.0111,0.3287,12.5284,8.9061,-7.7305,-12.7037,-8.4694,-7.9475,,,-0.3066,-30.3708,16.3442,0.3874,-14.0858,5.6747,-0.0294,-13.1247,-10.8497,,,,,,152.3608,34.2921,95.1646,,,,"Duque","","N/A","2008-01-01T00:00:00.000Z","Bay","Gelding","PRE horse (Pura Raza Espanola) - Andalusier","Dressage","","20260119T121135_logfile.itlog","2026-01-19T19:11:35.549Z","In hand","Research",,,
1,"walk","left","soft",128.915,129.555,128.61,129.245,3016.54,3017.18,3016.235,3016.87,1.2181,61.7824,0.825,0.745,0.73,0.71,0.405,0.495,0.495,0.515,216.3153,175.1357,135.1082,115.3208,68.0412,60.5691,59.2292,59.2902,,,,,,,-0.25,-20.5233,-0.33,-27.0908,0.305,25.0385,0.31,25.4489,78.9054,73.4595,53.879,59.0383,8.5312,11.5545,23.0214,18.7425,38.3346,33.5039,25.1976,29.56,-40.5708,-39.9557,-28.6814,-29.4783,6.0111,1.5413,14.3601,8.6877,-2.52,-10.0132,-8.6614,-10.0548,,,-0.1846,-7.9336,16.8919,0.164,-7.4862,-3.7323,0.0511,-5.5069,-9.9,,,,,,134.478,38.6382,91.4581,,,,"Duque","","N/A","2008-01-01T00:00:00.000Z","Bay","Gelding","PRE horse (Pura Raza Espanola) - Andalusier","Dressage","","20260119T121135_logfile.itlog","2026-01-19T19:11:35.549Z","In hand","Research",,,
1,"walk","left","soft",130.11,130.775,129.85,130.415,3017.735,3018.4,3017.475,3018.04,1.2244,62.4698,0.835,0.75,0.705,0.77,0.37,0.475,0.51,0.46,230.0958,182.5965,127.1437,121.6598,68.3027,61.3497,58.75,61.477,,,,,,,-0.295,-24.0939,-0.305,-24.9107,0.26,21.2353,0.36,29.4028,77.0036,76.678,59.2933,63.1925,16.4123,10.2116,12.6119,10.944,35.2663,36.1598,28.8001,31.7735,-41.7373,-40.5182,-30.4932,-31.419,8.3046,1.5321,8.1221,5.8573,-8.1077,-8.6794,-4.4899,-5.0867,,,0.0093,5.7188,4.6287,0.2039,-6.8765,-0.3925,0.0511,-8.6659,-12.772,,,,,,132.9976,37.7186,93.541,,,,"Duque","","N/A","2008-01-01T00:00:00.000Z","Bay","Gelding","PRE horse (Pura Raza Espanola) - Andalusier","Dressage","","20260119T121135_logfile.itlog","2026-01-19T19:11:35.549Z","In hand","Research",,,
1,"walk","left","soft",131.35,131.995,131.035,131.69,3018.975,3019.62,3018.66,3019.315,1.2412,62.1341,0.82,0.77,0.75,0.745,0.405,0.47,0.48,0.505,209.3597,184.9039,130.2489,111.293,65.7315,62.3482,60.9756,59.481,,,,,,,-0.26,-20.9466,-0.34,-27.3917,0.315,25.3776,0.305,24.572,77.821,75.9258,60.0703,63.4699,17.8198,9.5276,14.6127,11.6376,35.2006,34.3872,27.2979,33.0063,-42.6204,-41.5385,-32.7725,-30.4636,11.1127,1.1777,9.4815,4.8785,-6.7071,-8.3499,-5.1313,-6.7591,,,-0.0394,25.5899,30.2602,0.1087,-7.4647,1.9164,0.0214,-11.2295,-13.1206,,,,,,155.9577,38.4855,99.4897,,,,"Duque","","N/A","2008-01-01T00:00:00.000Z","Bay","Gelding","PRE horse (Pura Raza Espanola) - Andalusier","Dressage","","20260119T121135_logfile.itlog","2026-01-19T19:11:35.549Z","In hand","Research",,,
1,"walk","left","soft",132.62,133.225,132.265,132.945,3020.245,3020.85,3019.89,3020.57,1.1975,61.2516,0.755,0.73,0.76,0.69,0.45,0.46,0.48,0.51,201.688,191.1518,133.4504,112.9041,62.1399,61.2159,62.423,59.2275,,,,,,,-0.27,-22.547,-0.325,-27.1399,0.355,29.6451,0.28,23.382,75.177,77.6036,65.5442,63.0125,19.3309,14.6966,14.4753,26.9026,32.6183,33.5261,29.7341,37.6487,-42.5586,-44.0775,-35.81,-25.3638,12.3131,-0.0224,7.6837,15.9524,-7.0178,-14.719,-6.7916,-10.9501,,,-0.0422,11.2106,17.4291,0.2244,-4.9201,1.7903,-0.0316,-8.1918,-5.5217,,,,,,158.6693,38.0127,90.0218,,,,"Duque","","N/A","2008-01-01T00:00:00.000Z","Bay","Gelding","PRE horse (Pura Raza Espanola) - Andalusier","Dressage","","20260119T121135_logfile.itlog","2026-01-19T19:11:35.549Z","In hand","Research",,,
1,"walk","left","soft",133.845,134.42,133.46,134.075,3021.47,3022.045,3021.085,3021.7,1.2144,62.4749,0.78,0.785,0.73,0.74,0.47,0.465,0.435,0.44,192.3529,198.7164,164.0508,131.0025,64.3299,62.4254,61.7336,61.4108,,,,,,,-0.235,-19.3515,-0.23,-18.9398,0.385,31.7036,0.345,28.4097,73.8949,68.6376,61.8847,63.5193,12.4183,12.5423,21.875,17.2214,34.8294,29.7392,31.0387,35.8236,-39.0655,-38.8984,-30.846,-27.6957,7.4076,1.5733,14.0558,7.2762,-5.0107,-10.9689,-7.8192,-9.9451,,,0.0579,-8.8244,-15.9156,,,,-0.0963,-2.5996,5.9286,,,,,,136.304,35.1006,88.5788,,,,"Duque","","N/A","2008-01-01T00:00:00.000Z","Bay","Gelding","PRE horse (Pura Raza Espanola) - Andalusier","Dressage","","20260119T121135_logfile.itlog","2026-01-19T19:11:35.549Z","In hand","Research",,,
1,"walk","left","soft",135.02,135.685,134.66,135.305,3022.645,3023.31,3022.285,3022.93,1.2519,63.521,0.835,0.78,0.78,0.785,0.395,0.48,0.47,0.49,205.2773,175.0704,152.2779,114.794,66.8,63.9344,61.5385,61.811,,,,,,,-0.24,-19.1712,-0.285,-22.7659,0.36,28.7569,0.38,30.3545,74.9844,71.8401,59.9994,61.4193,12.2529,7.5385,19.3079,12.8172,31.5194,32.2872,30.5077,30.4791,-43.465,-39.5528,-29.4917,-30.9402,6.3015,3.0712,12.1986,5.1383,-5.9514,-4.4673,-7.1093,-7.6789,,,0.1059,-15.2005,-27.2631,0.3905,-14.4699,8.1236,0.0163,-7.4302,-8.6561,,,,,,129.1453,28.4015,82.4534,,,,"Duque","","N/A","2008-01-01T00:00:00.000Z","Bay","Gelding","PRE horse (Pura Raza Espanola) - Andalusier","Dressage","","20260119T121135_logfile.itlog","2026-01-19T19:11:35.549Z","In hand","Research",,,
1,"walk","left","soft",136.29,136.865,135.945,136.57,3023.915,3024.49,3023.57,3024.195,1.1975,61.2291,0.745,0.74,0.725,0.72,0.435,0.4,0.505,0.48,201.9356,199.188,134.0722,114.2015,62.8692,63.9309,58.1162,60,,,,,,,-0.26,-21.7119,-0.28,-23.382,0.345,28.81,0.295,24.6347,75.316,75.237,60.7352,63.2859,15.8944,8.5996,19.6625,12.9456,33.6974,34.91,28.837,31.7082,-41.6185,-40.327,-31.8983,-31.5777,8.325,0.8123,10.9201,6.4664,-7.5694,-7.7873,-8.7424,-6.4792,,,-0.082,-10.3167,-1.787,-0.2181,-6.1669,1.8826,-0.1413,-16.2661,-4.2151,,,,,,,43.3682,99.3513,,,,"Duque","","N/A","2008-01-01T00:00:00.000Z","Bay","Gelding","PRE horse (Pura Raza Espanola) - Andalusier","Dressage","","20260119T121135_logfile.itlog","2026-01-19T19:11:35.549Z","In hand","Research",,,
1,"walk","left","soft",137.48,138.04,137.21,137.77,3025.105,3025.665,3024.835,3025.395,1.1563,59.5598,0.74,0.7,0.655,0.66,0.445,0.435,0.54,0.48,195.9628,193.4026,126.8897,119.6927,63.3833,60.4752,56.1028,58.2781,,,,,,,-0.345,-29.8378,-0.29,-25.0811,0.27,23.3514,0.27,23.3514,76.1567,75.8822,59.0979,63.5195,20.2555,10.3594,18.2963,17.7957,36.3906,34.3457,28.4476,33.0264,-39.7661,-41.5365,-30.6502,-30.4931,10.5212,-0.3663,9.7546,9.1085,-9.7343,-10.7258,-8.5417,-8.6871,,,-0.188,-40.9726,-15.5858,0.1195,-10.3187,4.588,-0.279,-13.6106,12.8693,,,,,,,44.4572,97.7273,,,,"Duque","","N/A","2008-01-01T00:00:00.000Z","Bay","Gelding","PRE horse (Pura Raza Espanola) - Andalusier","Dressage","","20260119T121135_logfile.itlog","2026-01-19T19:11:35.549Z","In hand","Research",,,
1,"walk","left","soft",138.63,139.22,138.35,138.895,3026.255,3026.845,3025.975,3026.52,1.15,60.3143,0.74,0.71,0.645,0.68,0.41,0.48,0.485,0.465,213.7787,184.1187,132.7709,123.9035,64.488,59.7895,57.9775,59.0022,,,,,,,-0.31,-26.9565,-0.265,-23.0435,0.28,24.3478,0.325,28.2609,78.3568,66.68,60.1429,62.3535,18.9117,10.7279,19.432,20.5752,35.5789,27.7299,30.2877,31.4171,-42.7778,-38.9501,-29.8552,-30.9365,11.3843,1.8688,10.8232,9.4744,-7.5274,-8.8591,-8.6088,-11.1008,,,-0.0293,4.3961,8.1826,0.3986,-14.8435,7.4821,-0.1976,,-7.649,,,,,,133.6339,43.8574,,,,,"Duque","","N/A","2008-01-01T00:00:00.000Z","Bay","Gelding","PRE horse (Pura Raza Espanola) - Andalusier","Dressage","","20260119T121135_logfile.itlog","2026-01-19T19:11:35.549Z","In hand","Research",,,
1,"walk","left","soft",139.775,140.405,139.445,140.055,3027.4,3028.03,3027.07,3027.68,1.2219,61.8983,0.78,0.745,0.735,0.765,0.405,0.475,0.45,0.48,218.8305,172.9713,143.0252,120.7362,64.0657,60.6925,61.6352,61.2,,,,,,,-0.225,-18.4143,-0.28,-22.9156,0.33,27.0077,0.35,28.6445,74.0375,70.831,64.125,64.7534,17.5109,8.5256,14.3282,21.2205,34.5057,31.1284,31.9061,32.4864,-39.5318,-39.7026,-32.2189,-32.267,8.4755,0.1116,10.0634,11.7412,-9.0354,-8.414,-4.2649,-9.4794,,,0.2248,27.7407,-3.3138,0.2273,-13.2602,1.977,-0.1501,-15.5258,-1.3279,,,,,,147.3341,43.8394,95.9352,,,,"Duque","","N/A","2008-01-01T00:00:00.000Z","Bay","Gelding","PRE horse (Pura Raza Espanola) - Andalusier","Dressage","","20260119T121135_logfile.itlog","2026-01-19T19:11:35.549Z","In hand","Research",,,
1,"walk","left","soft",141.025,141.64,140.645,141.31,3028.65,3029.265,3028.27,3028.935,1.245,61.7458,0.785,0.75,0.775,0.765,0.47,0.49,0.465,0.49,185.7039,171.0096,144.7593,117.8987,62.9259,60.6061,61.5079,61.9433,,,,,,,-0.24,-19.2771,-0.285,-22.8916,0.38,30.5221,0.33,26.506,74.3807,77.1865,59.3029,62.857,16.5016,11.4528,16.8686,18.3227,33.6988,35.1885,26.0641,33.5691,-40.6819,-41.998,-33.2388,-29.2878,9.7991,2.0997,11.1981,8.4257,-6.7025,-9.3531,-5.6705,-9.897,,,-0.0653,8.3621,16.7291,0.2752,-15.8407,6.7468,-0.023,-3.2848,-1.3724,,,,,,136.4421,43.8218,84.6405,,,,"Duque","","N/A","2008-01-01T00:00:00.000Z","Bay","Gelding","PRE horse (Pura Raza Espanola) - Andalusier","Dressage","","20260119T121135_logfile.itlog","2026-01-19T19:11:35.549Z","In hand","Research",,,
1,"walk","left","soft",142.265,142.875,141.925,142.525,3029.89,3030.5,3029.55,3030.15,1.2319,62.4018,0.775,0.785,0.735,0.78,0.455,0.485,0.505,0.45,187.9764,190.8459,131.7972,124.0954,63.5246,62.1782,60.6186,63.286,,,,,,,-0.285,-23.1355,-0.26,-21.106,0.34,27.6002,0.35,28.412,73.8006,74.4576,61.7079,63.3309,10.6129,14.0086,16.6607,17.0719,30.9156,32.3787,30.541,32.1196,-42.885,-42.0788,-31.1669,-31.2114,6.7238,3.5985,9.769,8.1176,-3.8892,-10.4101,-6.8917,-8.9542,,,0.0335,13.3419,9.4199,0.0748,-4.099,6.6065,-0.0086,-7.0995,-6.4396,,,,,,126.6186,34.6731,83.2568,,,,"Duque","","N/A","2008-01-01T00:00:00.000Z","Bay","Gelding","PRE horse (Pura Raza Espanola) - Andalusier","Dressage","","20260119T121135_logfile.itlog","2026-01-19T19:11:35.549Z","In hand","Research",,,
1,"walk","left","soft",143.475,144.13,143.11,143.76,3031.1,3031.755,3030.735,3031.385,1.2494,64.122,0.845,0.77,0.81,0.78,0.435,0.47,0.45,0.455,208.9088,191.853,146.6821,122.259,67.1968,62.8571,64.1584,62.2754,,,,,,,-0.235,-18.8094,-0.285,-22.8114,0.365,29.2146,0.37,29.6148,72.954,71.6693,59.1988,63.3182,10.2616,9.9187,13.8831,16.7101,32.0838,30.9113,27.0376,31.6001,-40.8702,-40.7581,-32.1611,-31.7181,5.7689,3.172,9.249,8.9885,-4.4927,-6.7467,-4.6341,-7.7215,,,0.2377,13.2299,-17.1972,0.0933,-0.4948,-1.1969,0.1077,-2.3676,-10.7599,,,,,,128.0319,29.3767,80.2662,,,,"Duque","","N/A","2008-01-01T00:00:00.000Z","Bay","Gelding","PRE horse (Pura Raza Espanola) - Andalusier","Dressage","","20260119T121135_logfile.itlog","2026-01-19T19:11:35.549Z","In hand","Research",,,
1,"walk","left","soft",144.71,145.34,144.375,145.03,3032.335,3032.965,3032,3032.655,1.2231,62.631,0.83,0.76,0.755,0.72,0.39,0.44,0.455,0.49,212.8255,197.6245,143.8155,113.3925,67.3428,62.2951,61.3821,59.5041,,,,,,,-0.245,-20.0307,-0.32,-26.1625,0.335,27.3889,0.31,25.3449,75.0278,78.0797,58.1528,64.4474,19.0146,9.4921,16.9557,15.164,35.037,38.7164,25.0529,34.1696,-39.9908,-39.3633,-33.0999,-30.2777,9.2887,1.058,9.9775,8.13,-9.7259,-8.4341,-6.9782,-7.0341,,,-0.0047,-5.6181,-5.1203,0.1711,-8.11,1.0516,0.0287,-7.1988,-9.2828,,,,,,117.442,32.6081,85.6176,,,,"Duque","","N/A","2008-01-01T00:00:00.000Z","Bay","Gelding","PRE horse (Pura Raza Espanola) - Andalusier","Dressage","","20260119T121135_logfile.itlog","2026-01-19T19:11:35.549Z","In hand","Research",,,
1,"walk","left","soft",145.955,146.58,145.625,146.24,3033.58,3034.205,3033.25,3033.865,1.2256,62.4223,0.81,0.76,0.74,0.75,0.415,0.48,0.495,0.49,205.1684,183.0106,125.8082,115.9963,66.3934,61.6633,60.4082,61.2245,,,,,,,-0.285,-23.2534,-0.285,-23.2534,0.33,26.925,0.34,27.7409,75.6231,76.327,57.0691,61.8878,12.6393,10.4031,18.1415,19.6291,34.7532,35.3335,26.5636,30.2587,-40.8699,-40.9936,-30.5055,-31.6291,8.2825,2.2915,10.8338,9.0006,-4.3568,-8.1115,-7.3077,-10.6285,,,-0.0364,6.1376,10.4154,0.2403,-9.9322,0.4673,0.0452,1.7216,-2.1502,,,,,,130.4465,34.4005,88.2038,,,,"Duque","","N/A","2008-01-01T00:00:00.000Z","Bay","Gelding","PRE horse (Pura Raza Espanola) - Andalusier","Dressage","","20260119T121135_logfile.itlog","2026-01-19T19:11:35.549Z","In hand","Research",,,
1,"walk","left","soft",147.17,147.805,146.84,147.45,3034.795,3035.43,3034.465,3035.075,1.1844,62.4754,0.785,0.73,0.735,0.71,0.405,0.465,0.475,0.46,205.0976,187.6463,132.1209,121.4691,66.1053,61.8644,61.5063,60.4255,,,,,,,-0.26,-21.9525,-0.28,-23.6412,0.33,27.8628,0.355,29.9736,78.8527,75.3132,58.9183,63.7334,14.1613,14.288,17.1998,19.4554,32.6869,33.9172,27.0541,31.9858,-46.1658,-41.396,-31.8642,-31.7476,8.2296,3.7002,11.0933,8.5336,-5.9316,-10.5877,-6.1065,-10.9218,,,0.1491,24.8667,4.4319,0.2629,-7.6918,8.6168,0.0788,-4.2897,-10.9134,,,,,,141.5206,31.2617,88.3971,,,,"Duque","","N/A","2008-01-01T00:00:00.000Z","Bay","Gelding","PRE horse (Pura Raza Espanola) - Andalusier","Dressage","","20260119T121135_logfile.itlog","2026-01-19T19:11:35.549Z","In hand","Research",,,
1,"walk","left","soft",148.355,148.97,148.02,148.63,3035.98,3036.595,3035.645,3036.255,1.1688,62.042,0.765,0.705,0.715,0.715,0.4,0.435,0.445,0.47,231.0319,197.8623,146.1121,124.6761,65.6652,61.5721,60.3376,60.5932,,,,,,,-0.215,-18.3957,-0.275,-23.5294,0.335,28.6631,0.34,29.0909,79.2194,75.3148,59.5951,63.9116,15.5101,12.8875,19.7692,19.1377,35.2336,34.1821,27.4769,33.0042,-43.9858,-41.1327,-32.1181,-30.9074,7.9016,0.7592,12.4607,9.8973,-7.6085,-12.1283,-7.3086,-9.2403,,,-0.0422,-15.9207,-10.39,0.0689,-8.3138,2.5907,-0.122,-19.752,-9.1471,,,,,,143.4794,27.9263,,,,,"Duque","","N/A","2008-01-01T00:00:00.000Z","Bay","Gelding","PRE horse (Pura Raza Espanola) - Andalusier","Dressage","","20260119T121135_logfile.itlog","2026-01-19T19:11:35.549Z","In hand","Research",,,
1,"walk","left","soft",149.52,150.12,149.23,149.805,3037.145,3037.745,3036.855,3037.43,1.155,60.9415,0.745,0.71,0.675,0.685,0.4,0.445,0.495,0.46,226.0904,196.6575,132.7692,123.2045,65.2079,60.5544,58.952,59.0517,,,,,,,-0.26,-22.5108,-0.285,-24.6753,0.29,25.1082,0.315,27.2727,76.1239,72.4059,61.8956,65.8369,15.7237,12.2862,17.8041,17.3535,33.2074,33.0905,31.0107,33.0674,-42.9164,-39.3154,-30.8849,-32.7694,9.8266,0.0439,11.4236,9.1319,-5.8971,-12.2424,-6.3805,-8.2215,,,-0.0505,2.1185,9.076,-0.0597,-3.3044,2.0398,-0.0141,-13.3507,-12.1499,,,,,,156.0387,36.2369,97.0407,,,,"Duque","","N/A","2008-01-01T00:00:00.000Z","Bay","Gelding","PRE horse (Pura Raza Espanola) - Andalusier","Dressage","","20260119T121135_logfile.itlog","2026-01-19T19:11:35.549Z","In hand","Research",,,
1,"walk","left","soft",150.66,151.31,150.35,150.98,3038.285,3038.935,3037.975,3038.605,1.195,62.3313,0.81,0.73,0.735,0.705,0.395,0.48,0.445,0.49,223.6794,180.3604,149.5552,120.3554,67.0807,60.9603,62.2881,58.9958,,,,,,,-0.23,-19.2469,-0.32,-26.7782,0.31,25.9414,0.33,27.6151,75.1321,73.9813,60.2875,60.7937,15.1849,15.7942,17.8055,22.765,32.889,33.7844,27.0445,29.915,-42.243,-40.1969,-33.2429,-30.8787,10.1602,2.1378,11.2452,10.2528,-5.0246,-13.6564,-6.5603,-12.5121,,,-0.0139,21.5369,23.443,0.1925,-4.7086,-0.6209,-0.0069,-4.6045,-3.9769,,,,,,158.7625,36.859,94.3066,,,,"Duque","","N/A","2008-01-01T00:00:00.000Z","Bay","Gelding","PRE horse (Pura Raza Espanola) - Andalusier","Dressage","","20260119T121135_logfile.itlog","2026-01-19T19:11:35.549Z","In hand","Research",,,
1,"walk","left","soft",151.87,152.495,151.53,152.175,3039.495,3040.12,3039.155,3039.8,1.1656,61.9629,0.76,0.7,0.745,0.685,0.4,0.455,0.445,0.49,212.7224,185.9073,145.5465,116.673,64.5435,61.1354,62.7368,59.436,,,,,,,-0.22,-18.874,-0.305,-26.1662,0.34,29.1689,0.32,27.4531,81.5009,76.6951,60.9247,65.3525,16.8121,8.1755,14.6939,16.9774,37.8995,35.226,27.3956,33.0411,-43.6013,-41.4691,-33.5291,-32.3115,8.3268,1.5877,9.4698,8.1408,-8.4852,-6.5878,-5.2242,-8.8365,,,0.0314,16.8526,12.2145,-0.0093,-2.0787,1.5126,-0.0442,-8.1841,-4.3863,,,,,,160.0486,39.983,90.2847,,,,"Duque","","N/A","2008-01-01T00:00:00.000Z","Bay","Gelding","PRE horse (Pura Raza Espanola) - Andalusier","Dressage","","20260119T121135_logfile.itlog","2026-01-19T19:11:35.549Z","In hand","Research",,,
1,"walk","left","soft",153.065,153.63,152.715,153.305,3040.69,3041.255,3040.34,3040.93,1.1906,62.5754,0.76,0.755,0.71,0.755,0.435,0.435,0.44,0.445,217.0986,202.614,147.962,129.8597,64.4068,63.7131,60.1695,62.0123,,,,,,,-0.22,-18.4777,-0.24,-20.1575,0.35,29.3963,0.325,27.2966,73.1433,71.7489,60.6951,61.2586,11.8547,10.9036,19.8711,16.8606,31.5787,32.8969,28.5342,31.6035,-41.5646,-38.8519,-32.1609,-29.6551,7.2922,1.5028,12.2378,8.5546,-4.5625,-9.4009,-7.6333,-8.306,,,-0.319,-38.3663,10.7562,0.4436,-18.7714,3.453,-0.1141,-5.3689,4.9887,,,,,,157.6363,40.0099,90.7828,,,,"Duque","","N/A","2008-01-01T00:00:00.000Z","Bay","Gelding","PRE horse (Pura Raza Espanola) - Andalusier","Dressage","","20260119T121135_logfile.itlog","2026-01-19T19:11:35.549Z","In hand","Research",,,
1,"walk","left","soft",154.23,154.81,153.925,154.54,3041.855,3042.435,3041.55,3042.165,1.2331,62.5619,0.805,0.8,0.73,0.75,0.405,0.425,0.5,0.48,205.6354,190.2511,136.3432,110.1885,66.5289,63.8723,58.871,60.9756,,,,,,,-0.295,-23.923,-0.31,-25.1394,0.305,24.7339,0.27,21.8956,74.8819,72.0932,56.8437,60.8107,16.294,11.8784,20.3374,16.6217,35.3543,30.3811,28.1785,32.6719,-39.5276,-41.7121,-28.6653,-28.1388,10.5842,0.5607,12.6523,7.74,-5.7099,-11.3177,-7.6851,-8.8817,,,-0.4026,-48.8048,8.5242,-0.2655,-3.6774,5.484,0.0956,3.6479,-4.1891,,,,,,142.4008,47.7551,83.3368,,,,"Duque","","N/A","2008-01-01T00:00:00.000Z","Bay","Gelding","PRE horse (Pura Raza Espanola) - Andalusier","Dressage","","20260119T121135_logfile.itlog","2026-01-19T19:11:35.549Z","In hand","Research",,,
1,"walk","left","soft",155.44,156.09,155.175,155.77,3043.065,3043.715,3042.8,3043.395,1.1994,61.0624,0.805,0.715,0.7,0.71,0.405,0.48,0.52,0.48,207.0507,171.731,123.3449,113.3548,66.1191,60.5932,57.4949,60.0423,,,,,,,-0.365,-30.4325,-0.33,-27.5143,0.265,22.0948,0.32,26.6806,79.6376,76.1817,55.7482,62.6314,15.498,11.4568,21.8116,19.5162,34.6185,34.2371,27.0719,31.6744,-45.0191,-41.9446,-28.6763,-30.9569,8.4727,1.4172,12.6879,8.3252,-7.0253,-10.0396,-9.1238,-11.191,,,-0.1672,-40.9942,-17.9359,0.3215,-16.3803,8.3396,0.0234,-11.2473,-13.0645,,,,,,155.8247,48.1131,97.1244,,,,"Duque","","N/A","2008-01-01T00:00:00.000Z","Bay","Gelding","PRE horse (Pura Raza Espanola) - Andalusier","Dressage","","20260119T121135_logfile.itlog","2026-01-19T19:11:35.549Z","In hand","Research",,,
1,"walk","left","soft",156.665,157.255,156.39,156.945,3044.29,3044.88,3044.015,3044.57,1.1825,60.0376,0.745,0.73,0.65,0.715,0.42,0.45,0.515,0.465,216.0569,198.0151,124.7172,125,63.5394,61.2159,55.4371,59.9581,,,,,,,-0.3,-25.37,-0.28,-23.6786,0.275,23.2558,0.31,26.2156,77.2456,77.3125,59.7746,65.2472,16.5587,11.2767,22.4356,18.0469,34.3616,37.1648,31.7444,34.3963,-42.884,-40.1478,-28.0301,-30.8509,9.191,0.4133,13.4899,10.0924,-7.3677,-10.8634,-8.9457,-7.9545,,,0.4106,-2.9317,,0.1652,-12.0039,4.1147,-0.0242,,-19.7268,,,,,,,44.8729,,,,,"Duque","","N/A","2008-01-01T00:00:00.000Z","Bay","Gelding","PRE horse (Pura Raza Espanola) - Andalusier","Dressage","","20260119T121135_logfile.itlog","2026-01-19T19:11:35.549Z","In hand","Research",,,
1,"walk","left","soft",157.845,158.46,157.57,158.15,3045.47,3046.085,3045.195,3045.775,1.2056,61.264,0.785,0.745,0.69,0.735,0.435,0.475,0.53,0.49,209.5433,185.3372,128.0254,118.7747,64.7423,61.6977,57.62,60.9959,,,,,,,-0.315,-26.1275,-0.305,-25.2981,0.275,22.8097,0.31,25.7128,76.2598,79.2805,61.6266,65.9619,12.9423,12.1203,15.5556,19.9595,33.0511,34.7387,30.4999,34.6185,-43.2087,-44.5418,-31.1266,-31.3434,6.5097,1.0206,8.3554,9.9944,-6.4326,-11.0997,-7.2002,-9.9651,,,,,-31.5004,0.0615,-2.8081,5.7816,-0.0726,-9.4269,-2.6956,,,,,,,37.3151,95.3733,,,,"Duque","","N/A","2008-01-01T00:00:00.000Z","Bay","Gelding","PRE horse (Pura Raza Espanola) - Andalusier","Dressage","","20260119T121135_logfile.itlog","2026-01-19T19:11:35.549Z","In hand","Research",,,
1,"walk","left","soft",159.05,159.655,158.745,159.335,3046.675,3047.28,3046.37,3046.96,1.155,61.6662,0.725,0.75,0.7,0.675,0.42,0.45,0.485,0.45,208.6918,210.703,136.3464,127.5826,62.7706,63.1579,60.8696,59.867,,,,,,,-0.285,-24.6753,-0.285,-24.6753,0.305,26.4069,0.32,27.7056,81.5849,74.4564,63.6804,63.3008,14.5168,14.5554,15.0921,21.405,33.3406,32.9928,31.0468,33.0361,-48.2443,-41.4636,-32.6336,-30.2646,10.6405,3.3959,10.0274,10.2834,-3.8763,-11.1595,-5.0647,-11.1216,,,-0.03,3.3689,7.7396,-0.1307,1.8352,-0.9391,0.1621,1.527,-12.5587,,,,,,148.8654,36.8067,86.8692,,,,"Duque","","N/A","2008-01-01T00:00:00.000Z","Bay","Gelding","PRE horse (Pura Raza Espanola) - Andalusier","Dressage","","20260119T121135_logfile.itlog","2026-01-19T19:11:35.549Z","In hand","Research",,,
1,"walk","left","soft",160.215,160.83,159.86,160.465,3047.84,3048.455,3047.485,3048.09,1.1769,62.5595,0.765,0.735,0.72,0.725,0.44,0.425,0.415,0.455,223.4,196.3346,162.1254,126.4332,64.557,63.0901,61.5385,61.0526,,,,,,,-0.205,-17.419,-0.25,-21.2427,0.355,30.1646,0.365,31.0143,72.5944,72.6957,61.0963,61.6493,13.3809,14.3561,21.1426,17.5947,30.148,32.5528,29.5314,31.641,-42.4464,-40.1429,-31.5649,-30.0083,6.2843,1.8796,12.9518,8.2008,-7.0966,-12.4765,-8.1908,-9.3939,,,0.0913,2.9462,-9.7916,-0.2162,1.9031,14.4651,-0.1922,-15.5265,0.8681,,,,,,139.5707,38.7098,88.2194,,,,"Duque","","N/A","2008-01-01T00:00:00.000Z","Bay","Gelding","PRE horse (Pura Raza Espanola) - Andalusier","Dressage","","20260119T121135_logfile.itlog","2026-01-19T19:11:35.549Z","In hand","Research",,,
1,"walk","left","soft",161.38,162,161.065,161.66,3049.005,3049.625,3048.69,3049.285,1.1994,62.1329,0.785,0.74,0.715,0.74,0.4,0.435,0.485,0.47,211.9822,189.2834,141.1451,119.5037,65.8281,62.7119,59.3361,60.6557,,,,,,,-0.235,-19.5935,-0.28,-23.3455,0.315,26.2637,0.34,28.3481,78.5606,77.9051,57.4428,61.6426,13.2615,9.4162,18.7782,14.5307,33.5023,34.9516,26.728,31.0422,-45.0583,-42.9535,-30.7148,-30.6004,6.3305,1.4334,10.801,6.657,-6.9311,-7.9827,-7.9773,-7.8738,,,0.0263,-5.2026,-8.3308,-0.5896,8.8787,3.2954,-0.0482,-8.4316,-4.4996,,,,,,126.0472,28.407,91.7596,,,,"Duque","","N/A","2008-01-01T00:00:00.000Z","Bay","Gelding","PRE horse (Pura Raza Espanola) - Andalusier","Dressage","","20260119T121135_logfile.itlog","2026-01-19T19:11:35.549Z","In hand","Research",,,
1,"walk","left","soft",162.58,163.185,162.275,162.89,3050.205,3050.81,3049.9,3050.515,1.2062,60.8399,0.785,0.73,0.705,0.715,0.415,0.445,0.495,0.49,221.2306,199.2868,126.1769,110.9577,65.0104,61.3445,57.6687,59.3361,,,,,,,-0.275,-22.7979,-0.31,-25.6995,0.305,25.285,0.295,24.456,76.306,74.433,59.948,63.6144,22.5149,7.0276,21.2375,14.2856,37.7801,33.4617,29.1659,33.7321,-38.5259,-40.9713,-30.7821,-29.8823,11.7158,0.1552,11.9308,8.1604,-10.7991,-6.8724,-9.3067,-6.1252,,,-0.0389,7.7047,12.4153,-0.1206,-7.336,1.8507,-0.0638,-17.1969,-11.7341,,,,,,143.2047,45.1221,98.7284,,,,"Duque","","N/A","2008-01-01T00:00:00.000Z","Bay","Gelding","PRE horse (Pura Raza Espanola) - Andalusier","Dressage","","20260119T121135_logfile.itlog","2026-01-19T19:11:35.549Z","In hand","Research",,,
1,"walk","left","soft",163.795,164.39,163.52,164.095,3051.42,3052.015,3051.145,3051.72,1.2,60.7018,0.77,0.765,0.67,0.71,0.43,0.475,0.54,0.49,199.8351,177.3931,126.1355,111.2152,64.1667,62.5767,57.1429,58.9212,,,,,,,-0.335,-27.9167,-0.3,-25,0.275,22.9167,0.295,24.5833,75.8166,74.5773,59.862,63.5065,15.3214,8.9506,15.7692,15.5009,34.8586,33.156,31.2601,34.9087,-40.958,-41.4213,-28.6019,-28.5978,8.658,-0.9469,9.6658,7.942,-6.6633,-9.8975,-6.1033,-7.5589,,,0.0545,3.6799,-2.2553,0.2562,-13.0552,9.9252,-0.2853,-14.3461,13.8228,,,,,,139.8516,45.1414,98.7347,,,,"Duque","","N/A","2008-01-01T00:00:00.000Z","Bay","Gelding","PRE horse (Pura Raza Espanola) - Andalusier","Dressage","","20260119T121135_logfile.itlog","2026-01-19T19:11:35.549Z","In hand","Research",,,
1,"walk","left","soft",164.995,165.595,164.655,165.305,3052.62,3053.22,3052.28,3052.93,1.2169,62.2557,0.79,0.765,0.755,0.72,0.43,0.44,0.465,0.5,200.202,195.3806,135.9975,112.4551,65.2893,62.449,62.268,59.0164,,,,,,,-0.265,-21.7771,-0.31,-25.4751,0.34,27.9404,0.29,23.8315,69.5215,75.2635,60.7421,64.2063,13.975,9.7195,16.2022,17.2636,30.455,34.4915,28.8301,34.8646,-39.0665,-40.7721,-31.912,-29.3418,8.7237,2.1329,9.4495,8.7235,-5.2514,-7.5866,-6.7527,-8.5401,,,-0.0088,-12.2403,-11.1732,-0.3523,2.43,6.9008,0.1118,-2.1344,-12.3695,,,,,,131.8187,41.057,93.7025,,,,"Duque","","N/A","2008-01-01T00:00:00.000Z","Bay","Gelding","PRE horse (Pura Raza Espanola) - Andalusier","Dressage","","20260119T121135_logfile.itlog","2026-01-19T19:11:35.549Z","In hand","Research",,,
1,"walk","left","soft",166.195,166.84,165.86,166.525,3053.82,3054.465,3053.485,3054.15,1.2181,63.0894,0.83,0.76,0.755,0.73,0.41,0.48,0.45,0.5,193.7768,179.4536,142.9508,112.4037,67.3428,61.9145,62.1399,60.9603,,,,,,,-0.265,-21.7547,-0.33,-27.0908,0.335,27.5013,0.315,25.8594,81.7832,73.5153,58.9198,64.5522,16.4785,12.2189,14.3584,18.4907,36.2244,32.8555,24.8203,34.936,-45.5588,-40.6598,-34.0994,-29.6162,9.8196,1.7899,10.5437,8.6442,-6.6588,-10.4291,-3.8147,-9.8465,,,0.083,-18.5406,-28.4426,0.7049,-16.163,5.5178,-0.0507,-13.2113,-8.7383,,,,,,,41.0714,,,,,"Duque","","N/A","2008-01-01T00:00:00.000Z","Bay","Gelding","PRE horse (Pura Raza Espanola) - Andalusier","Dressage","","20260119T121135_logfile.itlog","2026-01-19T19:11:35.549Z","In hand","Research",,,
1,"walk","left","soft",167.42,168.055,167.085,167.69,3055.045,3055.68,3054.71,3055.315,1.2162,62.7011,0.785,0.775,0.735,0.755,0.395,0.455,0.47,0.435,225.5602,193.2793,132.3234,134.3515,65.4167,63.1365,60.6186,61.6327,,,,,,,-0.245,-20.1439,-0.27,-22.1994,0.335,27.5437,0.365,30.0103,74.6474,75.0154,62.7847,62.3411,12.5055,14.4618,16.6108,14.0292,31.7115,34.0982,29.7569,31.9721,-42.9359,-40.9171,-33.0278,-30.369,8.1795,2.9621,11.1668,6.3039,-4.326,-11.4996,-5.444,-7.7253,,,-0.3545,,-8.1673,-0.6126,12.1709,-0.4332,0.1618,-8.6368,,,,,,,,28.2025,,,,,"Duque","","N/A","2008-01-01T00:00:00.000Z","Bay","Gelding","PRE horse (Pura Raza Espanola) - Andalusier","Dressage","","20260119T121135_logfile.itlog","2026-01-19T19:11:35.549Z","In hand","Research",,,
1,"walk","left","soft",168.64,169.28,168.305,168.95,3056.265,3056.905,3055.93,3056.575,1.2444,62.5995,0.82,0.77,0.76,0.765,0.435,0.45,0.485,0.505,203.5086,186.5927,145.5235,109.0133,66.129,62.8571,59.8425,61.5694,,,,,,,-0.25,-20.0904,-0.31,-24.9121,0.335,26.9211,0.33,26.5193,73.334,76.0734,55.624,59.2094,13.0742,11.3831,20.5772,15.4959,31.9805,35.2078,25.7269,29.6409,-41.3535,-40.8656,-29.8971,-29.5685,5.4618,1.7861,11.5061,7.144,-7.6124,-9.597,-9.0711,-8.3519,,,-0.1852,-31.0768,-7.3621,-0.1191,-4.6712,3.7981,0.0069,-3.7153,-4.2718,,,,,,135.4082,33.7031,84.2535,,,,"Duque","","N/A","2008-01-01T00:00:00.000Z","Bay","Gelding","PRE horse (Pura Raza Espanola) - Andalusier","Dressage","","20260119T121135_logfile.itlog","2026-01-19T19:11:35.549Z","In hand","Research",,,
1,"walk","left","soft",169.865,170.51,169.6,170.165,3057.49,3058.135,3057.225,3057.79,1.2213,63.4115,0.83,0.8,0.7,0.77,0.405,0.46,0.535,0.45,203.9861,192.4729,121.9065,120.019,66.8008,64.7773,58.8235,63.2444,,,,,,,-0.32,-26.2027,-0.3,-24.565,0.265,21.6991,0.345,28.2497,77.1478,76.0372,56.8226,63.523,12.5118,8.24,14.3367,17.8234,35.1451,35.4317,27.3843,32.5209,-42.0027,-40.6054,-29.4383,-31.0021,7.7223,2.5306,8.0402,9.281,-4.7894,-5.7094,-6.2965,-8.5424,,,-0.0679,-16.1617,-7.6472,-0.0874,-5.8945,5.1302,0.0585,-10.8738,-15.4569,,,,,,133.0942,37.2048,99.4049,,,,"Duque","","N/A","2008-01-01T00:00:00.000Z","Bay","Gelding","PRE horse (Pura Raza Espanola) - Andalusier","Dressage","","20260119T121135_logfile.itlog","2026-01-19T19:11:35.549Z","In hand","Research",,,
1,"walk","left","soft",171.115,171.72,170.745,171.38,3058.74,3059.345,3058.37,3059.005,1.2144,63.3241,0.805,0.755,0.755,0.76,0.42,0.41,0.445,0.445,208.7687,201.5214,134.7433,125.7112,66.2551,64.1189,61.1336,61.7886,,,,,,,-0.235,-19.3515,-0.265,-21.8219,0.37,30.4683,0.34,27.9979,75.2888,77.342,58.6738,64.8606,15.8147,14.7779,15.9448,13.4063,34.917,34.759,26.6194,34.6067,-40.3718,-42.583,-32.0544,-30.2539,7.3246,2.6623,10.7322,7.914,-8.4901,-12.1156,-5.2127,-5.4924,,,-0.1823,-21.5925,1.7403,0.292,-10.0563,8.6013,0.1999,-18.3799,,,,,,,133.1807,38.4912,98.4868,,,,"Duque","","N/A","2008-01-01T00:00:00.000Z","Bay","Gelding","PRE horse (Pura Raza Espanola) - Andalusier","Dressage","","20260119T121135_logfile.itlog","2026-01-19T19:11:35.549Z","In hand","Research",,,
1,"walk","left","soft",172.32,172.91,172.015,172.635,3059.945,3060.535,3059.64,3060.26,1.2044,62.1902,0.78,0.765,0.73,0.72,0.4,0.435,0.515,0.495,202.7616,207.5877,125.4163,113.007,65.9619,62.963,59.8361,60,,,,,,,-0.295,-24.494,-0.315,-26.1546,0.305,25.3243,0.275,22.8334,70.997,74.8944,58.8299,61.577,12.4876,10.5784,16.5545,20.6624,32.2259,33.3354,28.7067,33.9412,-38.7712,-41.559,-30.1232,-27.6358,8.4593,0.4687,9.9678,10.4662,-4.0284,-10.1098,-6.5867,-10.1961,,,-0.0621,-27.1681,-20.1534,-0.3005,-1.0044,0.1636,0.1931,0.5485,-17.2949,,,,,,133.1938,47.6487,92.4234,,,,"Duque","","N/A","2008-01-01T00:00:00.000Z","Bay","Gelding","PRE horse (Pura Raza Espanola) - Andalusier","Dressage","","20260119T121135_logfile.itlog","2026-01-19T19:11:35.549Z","In hand","Research",,,
1,"walk","left","soft",173.505,174.14,173.21,173.82,3061.13,3061.765,3060.835,3061.445,1.2119,62.2811,0.815,0.755,0.725,0.725,0.405,0.465,0.465,0.465,200.182,183.0894,140.7504,112.7916,66.2602,62.3967,59.6708,60.7966,,,,,,,-0.3,-24.755,-0.315,-25.9928,0.295,24.3424,0.32,26.4054,77.8402,74.4235,58.0044,63.9618,13.6787,12.5849,26.5101,19.1438,34.3143,31.7884,28.7012,31.8704,-43.5259,-42.6352,-29.3032,-32.0914,8.2862,1.0796,15.5142,8.5289,-5.3925,-11.5054,-10.9959,-10.6149,,,0.131,7.6677,-9.6142,-0.1173,-4.9431,14.6652,0.0019,-8.1262,-8.2647,,,,,,132.281,47.6457,87.1159,,,,"Duque","","N/A","2008-01-01T00:00:00.000Z","Bay","Gelding","PRE horse (Pura Raza Espanola) - Andalusier","Dressage","","20260119T121135_logfile.itlog","2026-01-19T19:11:35.549Z","In hand","Research",,,
1,"walk","left","soft",174.745,175.34,174.45,175.015,3062.37,3062.965,3062.075,3062.64,1.1962,61.4419,0.765,0.735,0.69,0.75,0.425,0.445,0.515,0.47,214.1689,195.085,131.0156,120.7716,64.557,61.6352,58.7234,60.8519,,,,,,,-0.31,-25.9143,-0.27,-22.5705,0.295,24.6604,0.325,27.1682,76.4625,73.791,58.3161,59.9078,11.4498,11.8859,14.8156,13.9698,33.7501,36.1263,28.9556,29.5046,-42.7124,-37.6647,-29.3605,-30.4032,6.3046,1.006,9.1613,7.2598,-5.1452,-10.8799,-5.6542,-6.71,,,0.2388,7.0564,-26.1182,-0.3122,-8.2124,14.5603,0.0627,-5.3309,-10.7927,,,,,,138.9492,,92.4631,,,,"Duque","","N/A","2008-01-01T00:00:00.000Z","Bay","Gelding","PRE horse (Pura Raza Espanola) - Andalusier","Dressage","","20260119T121135_logfile.itlog","2026-01-19T19:11:35.549Z","In hand","Research",,,
1,"walk","left","soft",175.925,176.545,175.595,176.26,3063.55,3064.17,3063.22,3063.885,1.2206,61.3505,0.795,0.74,0.75,0.71,0.415,0.47,0.455,0.495,209.982,177.791,137.716,111.3414,65.7025,60.6557,60,59.0437,,,,,,,-0.255,-20.8909,-0.335,-27.445,0.33,27.0353,0.285,23.3487,74.339,71.2395,60.0225,64.125,11.8969,11.3203,23.9963,16.0869,35.2719,30.7713,28.2809,34.5799,-39.0672,-40.4682,-31.7415,-29.5451,7.4596,1.9606,14.3332,8.5879,-4.4373,-9.3597,-9.6631,-7.499,,,-0.2157,2.9025,32.2439,-0.2151,-5.5672,13.9096,-0.2893,,-8.641,,,,,,138.9458,,99.5188,,,,"Duque","","N/A","2008-01-01T00:00:00.000Z","Bay","Gelding","PRE horse (Pura Raza Espanola) - Andalusier","Dressage","","20260119T121135_logfile.itlog","2026-01-19T19:11:35.549Z","In hand","Research",,,
1,"walk","left","soft",177.135,177.775,176.89,177.46,3064.76,3065.4,3064.515,3065.085,1.2238,61.2412,0.82,0.76,0.68,0.74,0.415,0.49,0.545,0.49,199.1288,165.6341,127.5735,116.6777,65.996,61.4141,57.0231,60.5317,,,,,,,-0.345,-28.192,-0.325,-26.5577,0.245,20.0204,0.315,25.7406,77.6246,75.7038,59.1193,63.7036,16.5943,14.8168,15.7407,16.0552,33.6266,33.8086,30.6637,33.8045,-43.998,-41.8952,-28.4556,-29.8991,9.3499,0.123,9.5869,8.2745,-7.2444,-14.6938,-6.1538,-7.7807,,,-0.0484,-7.0855,-1.0394,0.3826,-13.2926,16.2018,-0.041,-12.2581,-8.8457,,,,,,137.3937,,92.3978,,,,"Duque","","N/A","2008-01-01T00:00:00.000Z","Bay","Gelding","PRE horse (Pura Raza Espanola) - Andalusier","Dressage","","20260119T121135_logfile.itlog","2026-01-19T19:11:35.549Z","In hand","Research",,,
1,"walk","left","soft",178.385,179,178.05,178.675,3066.01,3066.625,3065.675,3066.3,1.1975,62.5311,0.78,0.73,0.755,0.73,0.43,0.465,0.48,0.475,208.1505,188.0703,131.7716,108.3771,65.5462,61.6034,62.268,60.7069,,,,,,,-0.275,-22.9645,-0.29,-24.2171,0.335,27.9749,0.325,27.1399,75.3732,72.6858,59.1713,62.1335,11.0826,12.9276,13.75,18.0378,30.534,32.4286,27.4568,32.0485,-44.8392,-40.2573,-31.7144,-30.085,5.8566,0.9946,9.4004,7.6141,-5.2259,-11.933,-4.3496,-10.4238,,,-0.0136,1.6491,3.4661,0.2836,-6.2945,0.4108,0.0304,-6.8695,-9.4136,,,,,,147.2358,30.5966,90.4224,,,,"Duque","","N/A","2008-01-01T00:00:00.000Z","Bay","Gelding","PRE horse (Pura Raza Espanola) - Andalusier","Dressage","","20260119T121135_logfile.itlog","2026-01-19T19:11:35.549Z","In hand","Research",,,
1,"walk","left","soft",179.555,180.175,179.24,179.875,3067.18,3067.8,3066.865,3067.5,1.1844,62.9999,0.8,0.735,0.745,0.705,0.39,0.445,0.435,0.47,231.0345,191.8128,145.329,120.0696,67.3684,62.2881,62.3431,60,,,,,,,-0.24,-20.2639,-0.32,-27.0185,0.315,26.5963,0.3,25.3298,72.9236,72.0641,60.1609,61.2648,13.1532,12.5385,18.126,19.6811,30.2268,31.4285,28.4519,32.1606,-42.6968,-40.6356,-31.709,-29.1042,8.5545,0.7386,11.4721,10.7199,-4.5987,-11.7999,-6.6539,-8.9612,,,-0.0423,20.2356,25.7223,-0.1419,2.3112,-3.7145,0.0469,-4.8066,-8.2482,,,,,,149.8284,38.1825,78.2646,,,,"Duque","","N/A","2008-01-01T00:00:00.000Z","Bay","Gelding","PRE horse (Pura Raza Espanola) - Andalusier","Dressage","","20260119T121135_logfile.itlog","2026-01-19T19:11:35.549Z","In hand","Research",,,
1,"walk","left","soft",180.74,181.355,180.45,181.05,3068.365,3068.98,3068.075,3068.675,1.1931,62.6487,0.8,0.755,0.72,0.715,0.385,0.445,0.465,0.47,214.5841,185.5105,145.0273,115.086,67.086,62.9167,60.7595,59.8326,,,,,,,-0.275,-23.0487,-0.31,-25.9822,0.29,24.3059,0.305,25.5631,79.0272,78.5472,58.5727,60.4741,12.1427,11.4172,19.1304,16.5907,36.2469,35.2095,28.1608,28.0883,-42.7803,-43.3377,-30.4118,-32.3859,6.9434,2.3933,10.6168,7.8355,-5.1993,-9.0239,-8.5136,-8.7553,,,0.1976,30.3056,4.0487,-0.1191,-3.7032,3.6909,-0.1542,-11.391,1.0754,,,,,,141.6711,42.8617,85.6294,,,,"Duque","","N/A","2008-01-01T00:00:00.000Z","Bay","Gelding","PRE horse (Pura Raza Espanola) - Andalusier","Dressage","","20260119T121135_logfile.itlog","2026-01-19T19:11:35.549Z","In hand","Research",,,
1,"walk","left","soft",181.94,182.555,181.635,182.255,3069.565,3070.18,3069.26,3069.88,1.1856,61.4765,0.785,0.72,0.715,0.695,0.4,0.445,0.465,0.49,212.0494,201.7092,136.9785,115.7792,66.2447,61.4072,60.3376,57.9167,,,,,,,-0.28,-23.6162,-0.315,-26.5683,0.305,25.7248,0.3,25.3031,77.3049,71.6204,59.3119,61.9981,16.1874,16.8688,16.1759,10.9747,33.926,32.5704,26.6002,31.4282,-43.3789,-39.05,-32.7117,-30.57,8.7807,2.5326,10.1103,5.8752,-7.4067,-14.3362,-6.0655,-5.0995,,,0.171,28.3897,4.5872,-0.2328,-7.5891,16.2996,-0.1749,-18.1031,-1.8484,,,,,,144.2345,40.5648,97.239,,,,"Duque","","N/A","2008-01-01T00:00:00.000Z","Bay","Gelding","PRE horse (Pura Raza Espanola) - Andalusier","Dressage","","20260119T121135_logfile.itlog","2026-01-19T19:11:35.549Z","In hand","Research",,,
1,"walk","left","soft",183.125,183.735,182.825,183.47,3070.75,3071.36,3070.45,3071.095,1.2063,61.8571,0.805,0.765,0.715,0.7,0.4,0.46,0.475,0.52,212.5881,181.291,132.6137,111.0623,66.9439,62.3218,59.7077,58.4551,,,,,,,-0.27,-22.3834,-0.345,-28.601,0.3,24.8705,0.265,21.9689,75.8719,74.3041,55.806,63.068,12.3168,12.9937,20.2118,23.687,36.4505,35.6844,24.5092,35.849,-39.4214,-38.6197,-31.2968,-27.2191,8.3839,1.3773,12.1763,12.4595,-3.9329,-11.6164,-8.0355,-11.2275,,,-0.1522,-1.1077,18.3494,-0.0838,-5.6302,11.5063,-0.0466,-12.0202,-8.1451,,,,,,149.7818,40.0988,92.9656,,,,"Duque","","N/A","2008-01-01T00:00:00.000Z","Bay","Gelding","PRE horse (Pura Raza Espanola) - Andalusier","Dressage","","20260119T121135_logfile.itlog","2026-01-19T19:11:35.549Z","In hand","Research",,,
1,"walk","left","soft",184.325,184.965,184.03,184.645,3071.95,3072.59,3071.655,3072.27,1.2294,62.9375,0.82,0.76,0.75,0.765,0.395,0.465,0.49,0.475,213.1715,185.6269,127.5628,116.3155,66.6667,61.5385,61.3497,62.1951,,,,,,,-0.295,-23.9959,-0.32,-26.0295,0.295,23.9959,0.32,26.0295,78.8049,74.0992,59.5983,63.084,17.6968,14.2642,15.8657,23.6134,36.7307,30.8528,29.5848,32.5567,-42.0742,-43.2464,-30.0136,-30.5273,11.584,1.1529,11.1753,10.3473,-6.1128,-13.1113,-4.6905,-13.2662,,,-0.2991,-12.5564,32.2487,-0.1451,-4.1174,7.2067,0.0141,-7.259,-8.4434,,,,,,160.7143,40.6543,94.2477,,,,"Duque","","N/A","2008-01-01T00:00:00.000Z","Bay","Gelding","PRE horse (Pura Raza Espanola) - Andalusier","Dressage","","20260119T121135_logfile.itlog","2026-01-19T19:11:35.549Z","In hand","Research",,,
1,"walk","left","soft",185.57,186.21,185.235,185.865,3073.195,3073.835,3072.86,3073.49,1.2225,63.0755,0.825,0.755,0.745,0.76,0.425,0.485,0.455,0.455,209.0377,190.1807,141.5559,127.6291,66.6667,61.3821,61.4433,62.8099,,,,,,,-0.27,-22.0859,-0.295,-24.1309,0.335,27.4029,0.345,28.2209,76.3363,68.6839,60.3499,63.6607,14.6533,12.5689,16.9844,17.8212,33.5653,30.0943,29.0742,34.0333,-42.771,-38.5896,-31.2757,-29.6274,5.9649,1.9009,13.2307,8.4008,-8.6884,-10.668,-3.7537,-9.4205,,,-0.1739,-38.7096,-13.2666,0.5395,-17.1682,8.5707,0.078,-13.7594,-20.1656,,,,,,,40.6646,95.8551,,,,"Duque","","N/A","2008-01-01T00:00:00.000Z","Bay","Gelding","PRE horse (Pura Raza Espanola) - Andalusier","Dressage","","20260119T121135_logfile.itlog","2026-01-19T19:11:35.549Z","In hand","Research",,,
1,"walk","left","soft",186.795,187.43,186.46,187.07,3074.42,3075.055,3074.085,3074.695,1.2331,63.1704,0.81,0.785,0.75,0.77,0.4,0.465,0.48,0.445,215.7808,177.8157,143.2575,125.3078,66.6667,63.4343,60.4839,62.0968,,,,,,,-0.25,-20.2737,-0.275,-22.3011,0.335,27.1668,0.36,29.1941,71.0416,72.9072,58.9436,60.593,11.9425,13.6293,17.749,15.8206,29.4771,32.5797,29.2924,30.0355,-41.5645,-40.3275,-29.6513,-30.5575,5.2757,1.8318,10.0971,6.9161,-6.6668,-11.7975,-7.652,-8.9044,,,-0.1972,-49.9114,-23.6075,0.0601,-7.461,1.1305,0.1765,2.1983,-12.2925,,,,,,156.9891,33.1974,84.6181,,,,"Duque","","N/A","2008-01-01T00:00:00.000Z","Bay","Gelding","PRE horse (Pura Raza Espanola) - Andalusier","Dressage","","20260119T121135_logfile.itlog","2026-01-19T19:11:35.549Z","In hand","Research",,,
1,"walk","left","soft",188.015,188.655,187.71,188.335,3075.64,3076.28,3075.335,3075.96,1.2737,64.2647,0.86,0.855,0.76,0.8,0.41,0.44,0.5,0.495,195.5577,190.685,130.1672,109.6829,67.9842,65.896,60.9218,62.2568,,,,,,,-0.28,-21.9823,-0.32,-25.1227,0.305,23.945,0.32,25.1227,70.8158,73.9445,56.8614,58.3123,8.2881,12.0808,14.6752,16.0963,31.6619,35.1045,28.4008,30.6648,-39.1539,-38.84,-28.4606,-27.6476,6.0865,4.4267,9.4982,8.1157,-2.2015,-7.6541,-5.177,-7.9806,,,-0.2878,-5.7524,28.3158,-0.2557,-0.6516,7.9574,0.0008,1.1585,1.0971,,,,,,130.3771,32.2135,77.4459,,,,"Duque","","N/A","2008-01-01T00:00:00.000Z","Bay","Gelding","PRE horse (Pura Raza Espanola) - Andalusier","Dressage","","20260119T121135_logfile.itlog","2026-01-19T19:11:35.549Z","In hand","Research",,,
1,"walk","left","soft",189.275,189.955,188.945,189.61,3076.9,3077.58,3076.57,3077.235,1.2881,63.6547,0.875,0.795,0.82,0.79,0.4,0.445,0.475,0.475,194.4758,184.0687,128.2121,110.911,67.4374,63.0952,62.0038,62.0825,,,,,,,-0.29,-22.5133,-0.335,-26.0068,0.33,25.6186,0.345,26.7831,71.2634,71.0821,53.2388,60.0989,17.145,11.4184,17.7254,14.7855,32.3615,32.7662,23.6583,30.5091,-38.9019,-38.3159,-29.5804,-29.5898,10.3099,0.5921,10.1134,8.1919,-6.8351,-10.8263,-7.612,-6.5936,,,-0.1697,7.7626,28.422,-0.0465,-2.7857,-0.3221,0.196,1.9724,-12.1385,,,,,,130.3838,40.5854,71.9972,,,,"Duque","","N/A","2008-01-01T00:00:00.000Z","Bay","Gelding","PRE horse (Pura Raza Espanola) - Andalusier","Dressage","","20260119T121135_logfile.itlog","2026-01-19T19:11:35.549Z","In hand","Research",,,
1,"walk","left","soft",190.595,191.235,190.295,190.89,3078.22,3078.86,3077.92,3078.515,1.2356,61.5109,0.82,0.735,0.725,0.76,0.445,0.485,0.53,0.49,180.4438,167.1331,111.2053,109.2052,66.129,60,58,61.9145,,,,,,,-0.34,-27.5164,-0.295,-23.8746,0.3,24.2792,0.345,27.9211,78.673,69.9278,55.7164,60.7655,10.6526,10.6966,19.234,17.3618,35.6582,32.4049,28.3224,30.1332,-43.0147,-37.5229,-27.394,-30.6323,6.0734,2.5235,11.5629,7.6288,-4.5792,-8.1731,-7.6711,-9.733,,,-0.1118,-3.9655,9.5305,0.4819,-18.6261,6.2414,0.0285,-8.987,-11.03,,,,,,128.4856,42.099,87.7873,,,,"Duque","","N/A","2008-01-01T00:00:00.000Z","Bay","Gelding","PRE horse (Pura Raza Espanola) - Andalusier","Dressage","","20260119T121135_logfile.itlog","2026-01-19T19:11:35.549Z","In hand","Research",,,
1,"walk","left","soft",191.81,192.465,191.54,192.095,3079.435,3080.09,3079.165,3079.72,1.2163,61.8683,0.81,0.72,0.71,0.77,0.395,0.495,0.52,0.445,216.5284,168.074,121.9812,123.1229,66.8041,59.751,58.3162,62.6016,,,,,,,-0.305,-25.0771,-0.285,-23.4327,0.27,22.1994,0.37,30.4214,73.5416,71.0166,59.6075,65.4002,14.7443,13.2673,15.7246,18.8633,31.6107,33.1418,30.5998,33,-41.9308,-37.8748,-29.0077,-32.4002,7.3046,0.7133,9.1933,8.5893,-7.4397,-12.554,-6.5314,-10.274,,,0.0357,-8.0179,-12.3145,0.4984,-17.4992,-0.6056,0.0868,-5.4064,-12.5692,,,,,,128.4959,38.1417,87.9335,,,,"Duque","","N/A","2008-01-01T00:00:00.000Z","Bay","Gelding","PRE horse (Pura Raza Espanola) - Andalusier","Dressage","","20260119T121135_logfile.itlog","2026-01-19T19:11:35.549Z","In hand","Research",,,
1,"walk","left","soft",193.03,193.66,192.745,193.34,3080.655,3081.285,3080.37,3080.965,1.2087,61.9279,0.78,0.77,0.715,0.73,0.41,0.475,0.495,0.475,206.9484,170.1808,131.0774,118.9193,64.0657,62.3482,60.3376,60.9603,,,,,,,-0.28,-23.1644,-0.31,-25.6463,0.285,23.5781,0.32,26.4736,77.3151,74.0744,58.6936,60.4242,14.3177,12.2068,14.9754,14.8052,31.3974,32.1789,28.3888,31.1089,-45.9177,-41.8955,-30.3048,-29.3154,8.1905,2.5461,9.3948,5.0543,-6.1272,-9.6607,-5.5806,-9.7508,,,-0.0053,-3.9692,-3.373,0.1087,-8.655,1.2747,0.0488,-3.8724,-7.8187,,,,,,120.7713,39.2326,84.8104,,,,"Duque","","N/A","2008-01-01T00:00:00.000Z","Bay","Gelding","PRE horse (Pura Raza Espanola) - Andalusier","Dressage","","20260119T121135_logfile.itlog","2026-01-19T19:11:35.549Z","In hand","Research",,,
1,"walk","left","soft",194.275,194.885,193.905,194.53,3081.9,3082.51,3081.53,3082.155,1.2237,62.6269,0.77,0.775,0.755,0.765,0.465,0.455,0.445,0.46,203.7275,195.4858,145.4591,119.4584,62.6016,64.3154,62.268,61.3226,,,,,,,-0.245,-20.0204,-0.255,-20.8376,0.37,30.2349,0.355,29.0092,76.0909,75.1624,63.2646,61.0667,13.8776,12.6354,15.8706,13.2071,32.3134,33.7489,30.6064,31.3583,-43.7775,-41.4135,-32.6582,-29.7083,6.9289,0.3925,10.8901,5.3857,-6.9487,-12.2429,-4.9805,-7.8214,,,0.0522,-0.4666,-7.0844,-0.1057,-5.764,11.5526,-0.1859,-18.9472,-3.6727,,,,,,138.3212,33.7427,90.1834,,,,"Duque","","N/A","2008-01-01T00:00:00.000Z","Bay","Gelding","PRE horse (Pura Raza Espanola) - Andalusier","Dressage","","20260119T121135_logfile.itlog","2026-01-19T19:11:35.549Z","In hand","Research",,,
1,"walk","left","soft",195.5,196.065,195.13,195.8,3083.125,3083.69,3082.755,3083.425,1.245,63.2426,0.765,0.83,0.79,0.765,0.455,0.405,0.47,0.505,206.5655,211.8265,146.9166,108.0904,62.449,66.004,62.5743,61.9433,,,,,,,-0.245,-19.6787,-0.3,-24.0964,0.37,29.7189,0.265,21.2851,78.2184,78.7533,56.417,57.4509,13.6791,6.9946,13.3172,11.7207,36.1009,34.285,24.4491,30.3858,-42.1175,-44.4684,-31.9678,-27.065,7.3929,1.8912,7.9106,6.164,-6.2862,-5.1034,-5.4066,-5.5566,,,-0.151,-46.6176,-30.2248,-0.0095,-12.403,4.3918,0.1237,-4.0629,-13.3071,,,,,,143.2138,45.1806,78.7757,,,,"Duque","","N/A","2008-01-01T00:00:00.000Z","Bay","Gelding","PRE horse (Pura Raza Espanola) - Andalusier","Dressage","","20260119T121135_logfile.itlog","2026-01-19T19:11:35.549Z","In hand","Research",,,
1,"walk","left","soft",196.73,197.345,196.395,197,3084.355,3084.97,3084.02,3084.625,1.2294,62.7173,0.815,0.77,0.735,0.765,0.465,0.45,0.475,0.435,197.9525,202.8314,128.5153,111.7569,65.2,62.6016,60.6186,62.449,,,,,,,-0.33,-26.8429,-0.27,-21.9624,0.335,27.2496,0.345,28.063,73.105,74.171,60.4696,64.5891,13.4868,9.5248,13.3764,13.2298,32.8132,32.1601,29.3239,34.1125,-40.2918,-42.0109,-31.1457,-30.4766,7.9268,0.7052,9.0597,6.689,-5.56,-8.8196,-4.3168,-6.5409,,,-0.1661,-30.5979,-9.7485,0.2732,-16.4479,14.9393,0.0086,-11.4971,-12.0136,,,,,,135.277,46.3114,83.1546,,,,"Duque","","N/A","2008-01-01T00:00:00.000Z","Bay","Gelding","PRE horse (Pura Raza Espanola) - Andalusier","Dressage","","20260119T121135_logfile.itlog","2026-01-19T19:11:35.549Z","In hand","Research",,,
1,"walk","left","soft",197.95,198.585,197.61,198.25,3085.575,3086.21,3085.235,3085.875,1.2337,62.9244,0.84,0.76,0.74,0.765,0.405,0.47,0.48,0.485,198.4827,185.1609,131.2059,118.1756,68.2927,61.7886,59.798,61.8182,,,,,,,-0.265,-21.4792,-0.3,-24.3161,0.34,27.5583,0.335,27.153,73.6107,74.4501,52.6134,61.3457,14.4286,13.9418,21.2629,18.8436,32.2492,34.3892,19.1481,32.451,-41.3615,-40.061,-33.4653,-28.8947,8.8212,0.6428,12.4451,9.2608,-5.6075,-13.2991,-8.8179,-9.5828,,,-0.1675,-19.0667,2.4978,0.457,-19.7319,4.1611,0.1376,-4.4967,-15.9367,,,,,,129.2907,39.678,90.755,,,,"Duque","","N/A","2008-01-01T00:00:00.000Z","Bay","Gelding","PRE horse (Pura Raza Espanola) - Andalusier","Dressage","","20260119T121135_logfile.itlog","2026-01-19T19:11:35.549Z","In hand","Research",,,
1,"walk","left","soft",199.165,199.815,198.865,199.475,3086.79,3087.44,3086.49,3087.1,1.2069,62.5701,0.795,0.745,0.745,0.735,0.375,0.47,0.515,0.46,213.4898,181.3556,115.2005,117.4728,66.3883,61.6977,60.8163,61.3779,,,,,,,-0.28,-23.2004,-0.31,-25.6862,0.3,24.8576,0.34,28.1719,74.9795,70.2703,59.3813,61.9761,12.0665,10.925,15.6284,13.9842,31.1178,30.0333,29.049,31.0093,-43.8617,-40.2369,-30.3323,-30.9668,6.2056,1.0801,11.1103,6.779,-5.861,-9.8449,-4.5182,-7.2051,,,0.0168,10.8843,8.8495,-0.1442,2.6929,-0.7502,0.1132,-6.1311,-15.4553,,,,,,131.676,37.7913,88.5213,,,,"Duque","","N/A","2008-01-01T00:00:00.000Z","Bay","Gelding","PRE horse (Pura Raza Espanola) - Andalusier","Dressage","","20260119T121135_logfile.itlog","2026-01-19T19:11:35.549Z","In hand","Research",,,
1,"walk","left","soft",200.39,201.015,200.055,200.675,3088.015,3088.64,3087.68,3088.3,1.2325,63.1876,0.815,0.765,0.765,0.77,0.43,0.455,0.445,0.465,201.636,188.5179,139.5353,117.8055,65.9919,61.8182,63.0928,61.8474,,,,,,,-0.24,-19.4726,-0.285,-23.1237,0.335,27.1805,0.34,27.5862,77.0968,75.9295,59.2154,61.5124,15.9449,8.5011,15.3016,14.9059,36.5515,33.3021,26.921,30.9817,-40.5452,-42.6273,-32.2944,-30.5307,9.2056,-0.5762,9.6273,8.0028,-6.7393,-9.0773,-5.6744,-6.9031,,,0.0814,6.56,-3.5323,-0.3503,0.3999,8.1757,-0.0738,-4.1521,1.6645,,,,,,140.3508,44.916,78.8488,,,,"Duque","","N/A","2008-01-01T00:00:00.000Z","Bay","Gelding","PRE horse (Pura Raza Espanola) - Andalusier","Dressage","","20260119T121135_logfile.itlog","2026-01-19T19:11:35.549Z","In hand","Research",,,
1,"walk","left","soft",201.615,202.27,201.27,201.93,3089.24,3089.895,3088.895,3089.555,1.2294,63.4393,0.83,0.745,0.785,0.76,0.41,0.49,0.45,0.485,207.4913,183.7271,139.8984,110.1554,67.3428,61.0656,63.4343,61.9145,,,,,,,-0.255,-20.7422,-0.315,-25.6228,0.345,28.063,0.34,27.6563,74.0777,69.6963,56.9364,61.5565,11.6423,11.9405,16.6249,19.1936,33.2188,30.197,25.197,31.7285,-40.859,-39.4993,-31.7393,-29.8281,7.2324,0.9261,10.2203,9.5984,-4.4099,-11.0143,-6.4047,-9.5952,,,0.1059,-24.0185,,0.1586,-12.7648,11.5342,0.0746,2.1671,-3.426,,,,,,147.0837,44.9247,92.1768,,,,"Duque","","N/A","2008-01-01T00:00:00.000Z","Bay","Gelding","PRE horse (Pura Raza Espanola) - Andalusier","Dressage","","20260119T121135_logfile.itlog","2026-01-19T19:11:35.549Z","In hand","Research",,,
1,"walk","left","soft",202.84,203.475,202.51,203.14,3090.465,3091.1,3090.135,3090.765,1.2044,62.898,0.795,0.725,0.76,0.75,0.395,0.46,0.455,0.45,214.9201,183.5106,132.0988,117.8814,66.3883,60.7966,62.5514,61.8557,,,,,,,-0.24,-19.9273,-0.3,-24.9092,0.33,27.4001,0.335,27.8153,71.5769,81.215,59.2079,62.2569,12.5242,15.2582,17.5149,17.1091,27.6698,38.8756,27.3402,31.5177,-43.9071,-42.3394,-31.8677,-30.7393,6.397,1.65,11.8639,7.3042,-6.1272,-13.6082,-5.651,-9.8049,,,0.038,-9.3294,-13.9126,0.3229,-13.993,6.4733,0.2416,3.1992,-19.0754,,,,,,130.0466,45.7225,92.1786,,,,"Duque","","N/A","2008-01-01T00:00:00.000Z","Bay","Gelding","PRE horse (Pura Raza Espanola) - Andalusier","Dressage","","20260119T121135_logfile.itlog","2026-01-19T19:11:35.549Z","In hand","Research",,,
1,"walk","left","soft",204.045,204.675,203.725,204.365,3091.67,3092.3,3091.35,3091.99,1.2206,62.2693,0.8,0.765,0.755,0.72,0.41,0.475,0.455,0.475,215.2756,201.5848,141.7357,120.3413,65.9794,62.069,62.0123,59.0164,,,,,,,-0.25,-20.4813,-0.32,-26.2161,0.32,26.2161,0.31,25.3968,74.5013,73.0116,58.3082,61.6023,10.8283,11.4558,18.1164,16.3678,32.0132,32.9585,27.469,32.6807,-42.4881,-40.0531,-30.8392,-28.9216,8.0761,3.1136,10.6274,8.9314,-2.7522,-8.3422,-7.489,-7.4364,,,-0.0297,11.8344,15.1834,-0.0373,-7.5547,2.3868,0.1877,4.3496,-11.2467,,,,,,131.2445,49.2701,84.3486,,,,"Duque","","N/A","2008-01-01T00:00:00.000Z","Bay","Gelding","PRE horse (Pura Raza Espanola) - Andalusier","Dressage","","20260119T121135_logfile.itlog","2026-01-19T19:11:35.549Z","In hand","Research",,,
1,"walk","left","soft",205.26,205.9,204.95,205.61,3092.885,3093.525,3092.575,3093.235,1.2244,62.8708,0.83,0.76,0.76,0.73,0.415,0.46,0.47,0.525,198.1348,186.4888,137.9816,109.4438,66.8008,62.2951,62.5514,59.8361,,,,,,,-0.275,-22.4604,-0.35,-28.586,0.31,25.319,0.29,23.6856,78.983,72.7627,63.1891,64.706,15.5173,12.3022,12.5995,18.1554,35.7871,31.0725,31.9042,38.477,-43.1959,-41.6902,-31.2849,-26.229,8.8624,0.3296,7.7686,10.1568,-6.655,-11.9726,-4.8309,-7.9986,,,-0.0216,13.4421,16.1544,-0.1678,0.2882,11.22,0.0131,0.9227,-0.0885,,,,,,138.9967,45.0928,79.295,,,,"Duque","","N/A","2008-01-01T00:00:00.000Z","Bay","Gelding","PRE horse (Pura Raza Espanola) - Andalusier","Dressage","","20260119T121135_logfile.itlog","2026-01-19T19:11:35.549Z","In hand","Research",,,
1,"walk","left","soft",206.5,207.12,206.15,206.795,3094.125,3094.745,3093.775,3094.42,1.2469,64.062,0.835,0.79,0.77,0.8,0.41,0.46,0.44,0.455,217.357,184.7103,147.2248,121.8296,67.2032,63.5815,62.2222,63.2411,,,,,,,-0.25,-20.0501,-0.295,-23.6591,0.35,28.0702,0.325,26.0652,70.6985,78.5057,56.334,62.029,12.0571,10.1634,16.296,13.2608,27.4589,36.8717,26.2661,32.1492,-43.2395,-41.6341,-30.0679,-29.8798,6.6872,1.3475,10.1294,5.9546,-5.3698,-8.8159,-6.1666,-7.3062,,,-0.0397,18.3315,22.5475,0.3083,-17.4681,7.7337,0.1151,0.0026,-8.9475,,,,,,137.0152,40.5847,84.9716,,,,"Duque","","N/A","2008-01-01T00:00:00.000Z","Bay","Gelding","PRE horse (Pura Raza Espanola) - Andalusier","Dressage","","20260119T121135_logfile.itlog","2026-01-19T19:11:35.549Z","In hand","Research",,,
1,"walk","left","soft",207.74,208.355,207.415,208.07,3095.365,3095.98,3095.04,3095.695,1.2363,62.3036,0.805,0.785,0.755,0.735,0.405,0.445,0.495,0.475,206.7259,196.0506,124.2549,114.3282,65.5804,63.1791,59.332,61.1227,,,,,,,-0.295,-23.8625,-0.33,-26.6936,0.325,26.2892,0.285,23.0536,74.9846,71.0795,54.6763,61.2634,16.3172,12.504,22.1099,17.6411,34.1063,28.7654,21.2791,32.2218,-40.8783,-42.3141,-33.3973,-29.0415,11.2596,1.6887,13.4851,9.7347,-5.0576,-10.8153,-8.6247,-7.9064,,,-0.2379,-21.5929,11.0059,-0.2876,-1.4421,5.2234,0.2188,-4.3452,,,,,,,138.3693,51.0565,92.8685,,,,"Duque","","N/A","2008-01-01T00:00:00.000Z","Bay","Gelding","PRE horse (Pura Raza Espanola) - Andalusier","Dressage","","20260119T121135_logfile.itlog","2026-01-19T19:11:35.549Z","In hand","Research",,,
1,"walk","left","soft",208.985,209.61,208.71,209.265,3096.61,3097.235,3096.335,3096.89,1.2144,62.6713,0.79,0.785,0.705,0.765,0.44,0.47,0.54,0.46,199.473,178.4451,115.8922,113.6844,65.2893,63.9511,58.9958,62.449,,,,,,,-0.355,-29.2331,-0.28,-23.0571,0.275,22.6454,0.345,28.4097,78.9913,74.3912,55.5629,59.1743,10.4142,9.417,14.1914,17.5211,35.4339,34.8646,26.9116,28.9857,-43.5575,-39.5266,-28.6513,-30.1886,5.6438,1.2276,9.5358,8.658,-4.7704,-8.1894,-4.6557,-8.8631,,,-0.2103,-27.1394,0.3774,-0.0273,-7.396,19.1593,-0.1229,0.6474,10.4756,,,,,,132.4986,48.0594,91.3598,,,,"Duque","","N/A","2008-01-01T00:00:00.000Z","Bay","Gelding","PRE horse (Pura Raza Espanola) - Andalusier","Dressage","","20260119T121135_logfile.itlog","2026-01-19T19:11:35.549Z","In hand","Research",,,
1,"walk","left","soft",210.175,210.81,209.855,210.49,3097.8,3098.435,3097.48,3098.115,1.2519,64.3039,0.85,0.8,0.78,0.79,0.4,0.415,0.44,0.46,222.7651,196.4135,135.1042,116.1347,67.8643,64.1283,62.4,62.8231,,,,,,,-0.245,-19.5706,-0.315,-25.1623,0.32,25.5617,0.32,25.5617,78.6253,76.2271,54.4776,61.4216,12.065,12.0491,17.9518,17.1529,37.55,34.7744,24.2408,31.806,-41.0752,-41.4527,-30.2368,-29.6156,7.6992,1.7436,11.0213,9.1486,-4.3658,-10.3055,-6.9305,-8.0043,,,-0.1991,-7.8842,14.9679,-0.0895,-8.3033,4.9885,0.1614,0.9697,-11.3853,,,,,,128.0061,46.3722,76.5421,,,,"Duque","","N/A","2008-01-01T00:00:00.000Z","Bay","Gelding","PRE horse (Pura Raza Espanola) - Andalusier","Dressage","","20260119T121135_logfile.itlog","2026-01-19T19:11:35.549Z","In hand","Research",,,
1,"walk","left","soft",211.43,212.09,211.135,211.755,3099.055,3099.715,3098.76,3099.38,1.2381,63.0855,0.84,0.765,0.755,0.765,0.405,0.48,0.5,0.475,211.4527,182.4557,122.6715,110.4927,67.0659,61.6935,61.1336,62.449,,,,,,,-0.325,-26.2494,-0.325,-26.2494,0.295,23.8264,0.335,27.057,77.5703,69.6694,59.7839,64.2458,12.902,11.0459,13.2548,17.7191,34.058,28.3919,29.8365,33.9748,-43.5123,-41.2774,-29.9473,-30.271,7.2201,1.6155,9.2085,8.237,-5.6819,-9.4304,-4.0463,-9.4822,,,-0.1786,-10.3088,12.5582,0.2424,-13.772,9.1928,0.0406,-3.7387,-6.7243,,,,,,138.5579,46.3757,81.9057,,,,"Duque","","N/A","2008-01-01T00:00:00.000Z","Bay","Gelding","PRE horse (Pura Raza Espanola) - Andalusier","Dressage","","20260119T121135_logfile.itlog","2026-01-19T19:11:35.549Z","In hand","Research",,,
1,"walk","left","soft",212.69,213.325,212.35,212.965,3100.315,3100.95,3099.975,3100.59,1.2356,63.4207,0.835,0.77,0.75,0.78,0.42,0.47,0.46,0.445,206.9456,175.8437,140.6576,126.8671,67.2032,61.9718,61.3497,63.1579,,,,,,,-0.26,-21.042,-0.275,-22.2559,0.34,27.5164,0.36,29.1351,71.3447,74.2547,59.9588,62.4421,15.3946,10.9353,16.028,16.4089,30.409,34.9428,28.5423,33.5674,-40.9357,-39.3119,-31.4166,-28.8748,7.4381,0.8634,9.9351,7.3972,-7.9565,-10.0719,-6.0929,-9.0117,,,-0.2191,-37.7009,-10.11,0.5994,-19.8331,10.5619,0.0437,-7.5317,-10.9952,,,,,,136.5437,39.3708,87.0843,,,,"Duque","","N/A","2008-01-01T00:00:00.000Z","Bay","Gelding","PRE horse (Pura Raza Espanola) - Andalusier","Dressage","","20260119T121135_logfile.itlog","2026-01-19T19:11:35.549Z","In hand","Research",,,
1,"walk","left","soft",213.92,214.57,213.585,214.21,3101.545,3102.195,3101.21,3101.835,1.2644,64.066,0.87,0.81,0.77,0.79,0.395,0.475,0.485,0.465,204.512,182.0693,137.343,119.3722,68.9109,64.1584,60.9901,62.2047,,,,,,,-0.26,-20.5635,-0.29,-22.9362,0.335,26.4953,0.36,28.4726,71.5508,75.953,57.7831,60.1216,11.0506,10.9409,16.6666,16.0258,30.4631,33.7247,28.3803,30.8898,-41.0876,-42.2283,-29.4028,-29.2318,7.5372,2.901,10.7455,7.5698,-3.5134,-8.0399,-5.9211,-8.456,,,-0.2825,-31.9115,4.3501,0.4373,-13.1211,-1.4314,0.2464,9.4425,-10.6906,,,,,,128.3608,32.3739,84.7344,,,,"Duque","","N/A","2008-01-01T00:00:00.000Z","Bay","Gelding","PRE horse (Pura Raza Espanola) - Andalusier","Dressage","","20260119T121135_logfile.itlog","2026-01-19T19:11:35.549Z","In hand","Research",,,
1,"walk","left","soft",215.18,215.81,214.855,215.495,3102.805,3103.435,3102.48,3103.12,1.2606,63.1061,0.85,0.795,0.77,0.765,0.39,0.43,0.5,0.495,204.3246,199.9443,129.7684,106.3483,68.4105,63.8554,59.9222,60.2362,,,,,,,-0.285,-22.6078,-0.315,-24.9876,0.325,25.7809,0.315,24.9876,74.6037,71.9532,54.7489,59.7216,14.4116,12.1047,19.1057,12.5195,33.08,30.9404,24.8174,30.5095,-41.5236,-41.0128,-29.9316,-29.2121,7.3495,1.4441,11.0059,6.4195,-7.0621,-10.6606,-8.0997,-6.1,,,-0.134,-18.1308,-2.4796,0.3127,-11.5897,2.594,0.0189,1.3827,-0.0668,,,,,,126.6661,32.9278,83.3843,,,,"Duque","","N/A","2008-01-01T00:00:00.000Z","Bay","Gelding","PRE horse (Pura Raza Espanola) - Andalusier","Dressage","","20260119T121135_logfile.itlog","2026-01-19T19:11:35.549Z","In hand","Research",,,
1,"walk","left","soft",216.425,217.075,216.155,216.775,3104.05,3104.7,3103.78,3104.4,1.2531,62.0704,0.845,0.8,0.72,0.745,0.395,0.47,0.53,0.515,206.7368,179.3581,122.9464,105.0548,68.2828,63.6183,57.3705,59.0099,,,,,,,-0.345,-27.5312,-0.35,-27.9302,0.27,21.5461,0.3,23.9401,78.6328,70.8994,55.3262,60.132,12.7254,9.4317,19.9361,13.4307,36.6159,34.3132,27.9998,32.1261,-42.0169,-36.5863,-27.3264,-28.0059,6.8914,-0.002,10.9542,7.7561,-5.834,-9.4337,-8.9819,-5.6746,,,-0.0943,-20.7376,-9.0827,0.4098,-17.296,-3.1814,0.063,-5.1653,-10.0587,,,,,,132.7411,42.2234,82.8317,,,,"Duque","","N/A","2008-01-01T00:00:00.000Z","Bay","Gelding","PRE horse (Pura Raza Espanola) - Andalusier","Dressage","","20260119T121135_logfile.itlog","2026-01-19T19:11:35.549Z","In hand","Research",,,
1,"walk","left","soft",217.66,218.32,217.415,218.04,3105.285,3105.945,3105.04,3105.665,1.2369,62.9045,0.855,0.815,0.72,0.725,0.39,0.445,0.54,0.52,216.853,176.608,117.3509,103.4333,67.992,64.9402,59.1376,59.5483,,,,,,,-0.34,-27.4886,-0.38,-30.7226,0.245,19.808,0.28,22.6377,77.1156,70.3522,57.1629,59.8809,9.9089,10.6798,15.585,15.8482,33.4779,32.9129,30.5274,32.2489,-43.6378,-37.4393,-26.6355,-27.632,6.6746,2.9248,9.5695,8.532,-3.2343,-7.7551,-6.0155,-7.3161,,,0.0444,-6.6235,-11.7355,0.4189,-16.9073,-0.5112,0.1049,-1.0676,-8.8871,,,,,,122.8941,42.7362,75.6166,,,,"Duque","","N/A","2008-01-01T00:00:00.000Z","Bay","Gelding","PRE horse (Pura Raza Espanola) - Andalusier","Dressage","","20260119T121135_logfile.itlog","2026-01-19T19:11:35.549Z","In hand","Research",,,
1,"walk","left","soft",218.93,219.57,218.59,219.23,3106.555,3107.195,3106.215,3106.855,1.3031,65.3103,0.88,0.87,0.795,0.86,0.415,0.435,0.455,0.465,203.4899,179.3769,128.6105,115.4482,67.9537,65.6604,62.4754,65.1515,,,,,,,-0.27,-20.7194,-0.3,-23.0216,0.34,26.0911,0.34,26.0911,71.2016,68.7382,56.4181,60.8195,14.4237,11.8099,17.0904,11.1647,30.9715,30.3417,25.5473,33.341,-40.2301,-38.3964,-30.8708,-27.4785,6.9119,0.9815,10.2497,5.6298,-7.5118,-10.8284,-6.8407,-5.5348,,,0.0248,11.9154,8.9043,0.1619,-9.6109,4.4823,0.0497,-2.7292,-6.3625,,,,,,135.0217,37.8118,75.9001,,,,"Duque","","N/A","2008-01-01T00:00:00.000Z","Bay","Gelding","PRE horse (Pura Raza Espanola) - Andalusier","Dressage","","20260119T121135_logfile.itlog","2026-01-19T19:11:35.549Z","In hand","Research",,,
1,"walk","left","soft",220.225,220.915,219.885,220.545,3107.85,3108.54,3107.51,3108.17,1.3225,64.9233,0.905,0.825,0.82,0.885,0.415,0.475,0.5,0.455,194.5859,162.4039,118.8958,112.3223,68.431,63.7066,62.1212,65.4344,,,,,,,-0.315,-23.8185,-0.32,-24.1966,0.34,25.7089,0.37,27.9773,73.6984,68.3742,55.4107,58.9488,14.1531,11.498,15.7503,16.0648,32.8163,29.8007,24.1302,31.4352,-40.8821,-38.5735,-31.2805,-27.5135,8.0237,0.8593,8.9673,7.1361,-6.1294,-10.6387,-6.783,-8.9287,,,-0.2612,-12.3287,19.6432,0.1826,-12.2417,7.5632,-0.0133,-10.0796,-9.1402,,,,,,122.4033,42.8284,82.6493,,,,"Duque","","N/A","2008-01-01T00:00:00.000Z","Bay","Gelding","PRE horse (Pura Raza Espanola) - Andalusier","Dressage","","20260119T121135_logfile.itlog","2026-01-19T19:11:35.549Z","In hand","Research",,,
1,"walk","left","soft",221.55,222.205,221.205,221.91,3109.175,3109.83,3108.83,3109.535,1.3012,63.5937,0.865,0.84,0.815,0.79,0.42,0.465,0.5,0.48,204.1636,170.498,119.3569,111.0739,66.9246,63.6364,62.0952,61.7188,,,,,,,-0.29,-22.2863,-0.36,-27.6657,0.345,26.513,0.295,22.6705,75.3147,73.2825,56.3348,60.1278,11.4568,11.3841,16.4811,14.0135,31.3019,33.4528,24.7573,34.8376,-44.0128,-39.8298,-31.5775,-25.2902,7.3517,0.6781,10.7147,7.9741,-4.1051,-10.706,-5.7664,-6.0394,,,-0.0649,-20.7968,-15.0407,0.3154,-13.7534,1.9347,0.0978,-13.1182,-19.5253,,,,,,122.4979,41.9853,78.629,,,,"Duque","","N/A","2008-01-01T00:00:00.000Z","Bay","Gelding","PRE horse (Pura Raza Espanola) - Andalusier","Dressage","","20260119T121135_logfile.itlog","2026-01-19T19:11:35.549Z","In hand","Research",,,
1,"walk","left","soft",222.85,223.54,222.515,223.2,3110.475,3111.165,3110.14,3110.825,1.315,64.9116,0.91,0.86,0.82,0.825,0.435,0.495,0.495,0.5,204.6862,166.866,126.9392,102.8645,68.5499,65.3992,62.3574,63.3397,,,,,,,-0.31,-23.5741,-0.35,-26.616,0.335,25.4753,0.34,25.8555,76.7575,72.6219,52.6509,54.7352,9.5971,12.2163,20.1708,16.501,34.8819,31.933,23.1291,27.2814,-41.8755,-40.6888,-29.5217,-27.4537,8.0644,3.682,13.7097,8.3886,-1.5327,-8.5343,-6.4612,-8.1124,,,-0.4392,-46.1902,4.3355,0.433,-15.7664,4.316,-0.198,-16.8786,-2.1629,,,,,,127.255,37.3306,81.426,,,,"Duque","","N/A","2008-01-01T00:00:00.000Z","Bay","Gelding","PRE horse (Pura Raza Espanola) - Andalusier","Dressage","","20260119T121135_logfile.itlog","2026-01-19T19:11:35.549Z","In hand","Research",,,
1,"walk","left","soft",224.16,224.815,223.83,224.48,3111.785,3112.44,3111.455,3112.105,1.2825,64.7185,0.87,0.835,0.81,0.805,0.4,0.415,0.495,0.455,207.0754,198.4247,118.2643,108.6277,67.8363,65.1072,62.6692,63.2613,,,,,,,-0.29,-22.6121,-0.32,-24.9513,0.33,25.731,0.335,26.1209,75.3564,71.793,57.1911,60.3156,11.0024,8.9881,14.1508,13.2283,32.0384,32.1037,28.483,30.4534,-43.318,-39.6893,-28.7081,-29.8622,5.8473,2.2523,10.5386,7.0202,-5.1551,-6.7358,-3.6123,-6.208,,,-0.2356,-13.1611,14.3948,0.1567,-9.0263,0.6279,0.1168,-3.133,-11.0165,,,,,,116.958,34.1456,71.3711,,,,"Duque","","N/A","2008-01-01T00:00:00.000Z","Bay","Gelding","PRE horse (Pura Raza Espanola) - Andalusier","Dressage","","20260119T121135_logfile.itlog","2026-01-19T19:11:35.549Z","In hand","Research",,,
1,"walk","left","soft",225.455,226.13,225.11,225.765,3113.08,3113.755,3112.735,3113.39,1.3106,64.0089,0.88,0.835,0.805,0.835,0.425,0.48,0.47,0.48,199.3792,173.2532,132.0645,108.1844,67.5624,63.9847,60.8696,63.619,,,,,,,-0.295,-22.5083,-0.31,-23.6528,0.345,26.3233,0.365,27.8493,71.1655,74.494,55.8737,58.6184,11.5537,14.1322,19.5062,15.5089,29.1327,35.238,26.1401,29.0641,-42.0328,-39.256,-29.7337,-29.5543,7.9808,1.3813,11.8823,7.9275,-3.573,-12.7509,-7.6238,-7.5814,,,-0.1805,-21.5207,-0.8498,0.0107,-10.5753,6.4288,-0.1132,-2.0755,5.8049,,,,,,141.6601,38.746,72.9546,,,,"Duque","","N/A","2008-01-01T00:00:00.000Z","Bay","Gelding","PRE horse (Pura Raza Espanola) - Andalusier","Dressage","","20260119T121135_logfile.itlog","2026-01-19T19:11:35.549Z","In hand","Research",,,
1,"walk","left","soft",226.755,227.425,226.48,227.075,3114.38,3115.05,3114.105,3114.7,1.2856,63.2865,0.855,0.815,0.755,0.83,0.42,0.46,0.565,0.475,195.4004,179.775,113.4988,108.138,66.6667,63.301,59.332,63.8462,,,,,,,-0.35,-27.2241,-0.32,-24.8906,0.275,21.3904,0.35,27.2241,72.079,70.8148,55.4092,57.7113,11.457,12.5757,13.2601,21.4216,32.1983,31.224,27.5212,31.4892,-39.8807,-39.5908,-27.888,-26.2222,7.5401,1.818,8.7471,12.4021,-3.9169,-10.7577,-4.513,-9.0195,,,-0.3874,-41.58,13.3193,0.2215,-9.4967,8.7657,0.1285,3.2783,-6.0969,,,,,,142.8038,39.6759,72.9541,,,,"Duque","","N/A","2008-01-01T00:00:00.000Z","Bay","Gelding","PRE horse (Pura Raza Espanola) - Andalusier","Dressage","","20260119T121135_logfile.itlog","2026-01-19T19:11:35.549Z","In hand","Research",,,
1,"walk","left","soft",228.045,228.725,227.705,228.37,3115.67,3116.35,3115.33,3115.995,1.2975,63.8717,0.88,0.815,0.81,0.81,0.435,0.485,0.47,0.465,187.6131,168.6421,123.6519,108.6167,67.433,62.9344,63.4051,61.7143,,,,,,,-0.28,-21.58,-0.325,-25.0482,0.34,26.2042,0.355,27.3603,71.7977,74.1236,57.7219,61.3796,11.9906,14.3529,17.4605,11.4923,29.6352,34.9783,28.1522,33.6981,-42.1625,-39.1452,-29.5697,-27.6815,6.3209,3.4437,11.0287,5.3388,-5.6698,-10.9092,-6.4318,-6.1535,,,-0.4293,-47.4013,8.1884,0.5113,-15.3719,1.6805,0.028,0.3493,-1.4312,,,,,,131.7442,34.9816,69.8718,,,,"Duque","","N/A","2008-01-01T00:00:00.000Z","Bay","Gelding","PRE horse (Pura Raza Espanola) - Andalusier","Dressage","","20260119T121135_logfile.itlog","2026-01-19T19:11:35.549Z","In hand","Research",,,
1,"walk","left","soft",229.34,230.015,228.98,229.72,3116.965,3117.64,3116.605,3117.345,1.3075,63.9566,0.895,0.845,0.835,0.77,0.415,0.475,0.465,0.54,196.3566,176.5704,132.4063,102.4592,68.5824,65,61.8519,60.3922,,,,,,,-0.255,-19.5029,-0.38,-29.0631,0.36,27.5335,0.295,22.5621,71.4789,73.0753,55.3168,59.275,12.5321,8.489,19.3345,14.8258,30.973,35.2578,24.7518,33.0901,-40.5059,-37.8175,-30.565,-26.1849,7.8311,1.5693,11.4673,8.9678,-4.701,-6.9197,-7.8672,-5.858,,,-0.1858,-18.0387,4.7712,0.0985,-5.6169,-5.0833,0.1136,5.5759,-2.3581,,,,,,125.5204,39.0637,71.7462,,,,"Duque","","N/A","2008-01-01T00:00:00.000Z","Bay","Gelding","PRE horse (Pura Raza Espanola) - Andalusier","Dressage","","20260119T121135_logfile.itlog","2026-01-19T19:11:35.549Z","In hand","Research",,,
1,"walk","left","soft",230.64,231.295,230.38,230.96,3118.265,3118.92,3118.005,3118.585,1.2606,63.2586,0.855,0.8,0.745,0.79,0.405,0.435,0.565,0.47,198.1544,185.7455,110.7591,108.1814,67.8571,63.6183,59.7194,61.8395,,,,,,,-0.365,-28.9539,-0.32,-25.3842,0.26,20.6247,0.335,26.5741,75.3687,72.1815,58.4647,60.5255,10.4748,13.8726,13.0203,20.3472,34.3977,32.8711,29.9092,31.696,-40.971,-39.3104,-28.5556,-28.8295,7.4573,1.9218,7.8533,12.2979,-3.0174,-11.9509,-5.1671,-8.0493,,,-0.0356,2.1738,6.3091,0.1777,-6.9425,1.8931,-0.0452,2.0396,5.1458,,,,,,118.9139,42.1868,73.1121,,,,"Duque","","N/A","2008-01-01T00:00:00.000Z","Bay","Gelding","PRE horse (Pura Raza Espanola) - Andalusier","Dressage","","20260119T121135_logfile.itlog","2026-01-19T19:11:35.549Z","In hand","Research",,,
1,"walk","left","soft",231.9,232.575,231.565,232.255,3119.525,3120.2,3119.19,3119.88,1.3306,65.4716,0.915,0.9,0.83,0.84,0.405,0.48,0.44,0.505,209.5136,168.6485,138.3329,107.4717,69.0566,65.5738,64.2166,63.0394,,,,,,,-0.27,-20.2912,-0.355,-26.6792,0.335,25.1761,0.32,24.0488,72.719,76.4313,52.8041,58.2566,9.0695,9.966,16.4631,13.2208,32.2199,36.7917,24.0861,30.9224,-40.4991,-39.6396,-28.7179,-27.3342,6.2781,2.1708,10.414,7.7663,-2.7914,-7.7952,-6.0491,-5.4546,,,0.041,-0.4353,-4.7709,0.1882,-13.0125,3.5805,0.203,9.5662,-5.2794,,,,,,112.3879,43.0806,73.1169,,,,"Duque","","N/A","2008-01-01T00:00:00.000Z","Bay","Gelding","PRE horse (Pura Raza Espanola) - Andalusier","Dressage","","20260119T121135_logfile.itlog","2026-01-19T19:11:35.549Z","In hand","Research",,,
1,"walk","left","soft",233.23,233.94,232.88,233.575,3120.855,3121.565,3120.505,3121.2,1.3375,65.7008,0.92,0.865,0.875,0.855,0.415,0.465,0.485,0.48,196.0349,178.6085,120.0445,105.423,68.6567,65.4064,64.8148,63.9252,,,,,,,-0.305,-22.8037,-0.345,-25.7944,0.35,26.1682,0.365,27.2897,75.0714,69.3416,52.4059,60.3175,8.872,12.3337,12.0805,17.5624,30.9089,29.6598,20.3402,31.6167,-44.1625,-39.6818,-32.0657,-28.7008,5.0012,1.6046,8.268,8.7749,-3.8709,-10.7291,-3.8124,-8.7874,,,-0.0145,-6.7038,-5.1999,0.082,-12.5987,11.0541,0.1655,4.2866,-6.4522,,,,,,109.2142,40.1829,68.1753,,,,"Duque","","N/A","2008-01-01T00:00:00.000Z","Bay","Gelding","PRE horse (Pura Raza Espanola) - Andalusier","Dressage","","20260119T121135_logfile.itlog","2026-01-19T19:11:35.549Z","In hand","Research",,,
1,"walk","left","soft",234.575,235.255,234.22,234.915,3122.2,3122.88,3121.845,3122.54,1.3556,65.6429,0.945,0.885,0.845,0.885,0.425,0.45,0.465,0.485,207.2278,174.1698,122.1932,109.9748,69.4853,65.0735,63.1776,64.8352,,,,,,,-0.28,-20.6547,-0.34,-25.0807,0.355,26.1872,0.34,25.0807,71.0342,71.1926,53.6907,56.3019,9.216,9.5739,16.7529,14.1719,32.5786,31.2382,24.6974,28.5617,-38.4556,-39.9544,-28.9933,-27.7401,6.2028,0.1619,11.0577,7.7271,-3.0133,-9.412,-5.6952,-6.4449,,,-0.0981,-19.4001,-9.4087,-0.2414,-3.9203,11.7665,0.2193,-0.3026,-15.1043,,,,,,114.6584,42.1409,67.804,,,,"Duque","","N/A","2008-01-01T00:00:00.000Z","Bay","Gelding","PRE horse (Pura Raza Espanola) - Andalusier","Dressage","","20260119T121135_logfile.itlog","2026-01-19T19:11:35.549Z","In hand","Research",,,
1,"walk","left","soft",235.925,236.64,235.585,236.275,3123.55,3124.265,3123.21,3123.9,1.3494,64.489,0.94,0.83,0.86,0.85,0.405,0.5,0.52,0.475,195.1712,165.4931,109.1674,105.3968,69.3727,62.406,61.5385,64.6388,,,,,,,-0.33,-24.4558,-0.35,-25.9379,0.34,25.1969,0.365,27.0496,72.9143,73.6859,52.8627,57.3162,14.1563,14.4042,18.4753,13.1309,32.7522,32.7308,23.1285,27.9121,-40.1621,-40.9551,-29.7342,-29.4041,8.1504,3.7921,10.1367,7.4842,-6.0058,-10.612,-8.3386,-5.6467,,,-0.0306,-30.0517,-27.3688,0.2829,-15.39,5.2116,0.1676,-2.962,-13.0586,,,,,,125.5157,41.3079,69.2144,,,,"Duque","","N/A","2008-01-01T00:00:00.000Z","Bay","Gelding","PRE horse (Pura Raza Espanola) - Andalusier","Dressage","","20260119T121135_logfile.itlog","2026-01-19T19:11:35.549Z","In hand","Research",,,
1,"walk","left","soft",237.29,237.97,237,237.58,3124.915,3125.595,3124.625,3125.205,1.2594,62.5088,0.85,0.765,0.75,0.785,0.425,0.5,0.555,0.455,189.8386,172.0831,108.137,107.7642,66.4063,61.6935,59.8802,62.0553,,,,,,,-0.36,-28.5856,-0.29,-23.0273,0.29,23.0273,0.39,30.9677,77.4354,70.7072,52.3666,60.4774,14.5298,11.7449,16.1658,16.0347,33.6594,30.6509,25.1639,30.3183,-43.776,-40.0564,-27.2027,-30.1592,9.8685,1.5633,9.5075,7.347,-4.6613,-10.1815,-6.6583,-8.6876,,,-0.2208,-31.2984,-3.5955,0.6681,-20.8733,8.4701,0.1258,-0.0302,-8.7383,,,,,,129.0758,39.4213,72.6323,,,,"Duque","","N/A","2008-01-01T00:00:00.000Z","Bay","Gelding","PRE horse (Pura Raza Espanola) - Andalusier","Dressage","","20260119T121135_logfile.itlog","2026-01-19T19:11:35.549Z","In hand","Research",,,
1,"walk","left","soft",238.575,239.185,238.2,238.87,3126.2,3126.81,3125.825,3126.495,1.2263,62.5976,0.785,0.765,0.77,0.75,0.435,0.45,0.45,0.505,203.7575,187.6351,122.3538,111.1546,64.7423,62.5767,61.9718,61.0998,,,,,,,-0.23,-18.7564,-0.295,-24.0571,0.375,30.581,0.315,25.6881,79.6293,79.0755,55.6116,58.9754,13.1259,8.5992,21.2657,13.7912,36.1177,37.3388,25.5331,30.5418,-43.5116,-41.7367,-30.0785,-28.4336,5.6962,1.2045,13.5826,6.857,-7.4297,-7.3948,-7.6831,-6.9342,,,-0.151,-2.2824,16.014,0.0491,-11.3442,1.5482,-0.1138,-17.2049,-7.8772,,,,,,122.3698,36.3138,95.5469,,,,"Duque","","N/A","2008-01-01T00:00:00.000Z","Bay","Gelding","PRE horse (Pura Raza Espanola) - Andalusier","Dressage","","20260119T121135_logfile.itlog","2026-01-19T19:11:35.549Z","In hand","Research",,,
1,"walk","left","soft",239.78,240.415,239.465,240.07,3127.405,3128.04,3127.09,3127.695,1.2362,62.6819,0.81,0.775,0.75,0.765,0.42,0.465,0.495,0.45,212.1844,198.0145,126.592,116.64,65.0602,62.3742,61.3497,61.9433,,,,,,,-0.28,-22.6491,-0.29,-23.458,0.315,25.4803,0.345,27.907,77.9893,69.755,59.5933,65.2369,16.4597,11.6037,14.3998,16.3277,34.3281,28.8399,28.543,33.9473,-43.6613,-40.9151,-31.0503,-31.2896,10.0459,1.8742,9.0883,8.2675,-6.4138,-9.7294,-5.3115,-8.0602,,,0.1267,9.3326,-6.0051,0.1672,-8.7727,2.4449,0.0629,-5.4528,-10.364,,,,,,137.677,37.7069,90.2159,,,,"Duque","","N/A","2008-01-01T00:00:00.000Z","Bay","Gelding","PRE horse (Pura Raza Espanola) - Andalusier","Dressage","","20260119T121135_logfile.itlog","2026-01-19T19:11:35.549Z","In hand","Research",,,
1,"walk","left","soft",241.04,241.66,240.665,241.325,3128.665,3129.285,3128.29,3128.95,1.2738,62.7948,0.825,0.825,0.77,0.78,0.45,0.47,0.45,0.49,198.9073,175.6632,140.4363,116.0893,64.4531,63.4615,61.8474,61.4173,,,,,,,-0.25,-19.6271,-0.285,-22.3749,0.375,29.4406,0.335,26.3003,72.9932,65.2493,56.3703,61.6315,20.0862,12.6084,16.8041,17.7423,33.445,28.6106,26.6028,35.3892,-39.5482,-36.6387,-29.7675,-26.2423,11.6645,1.7795,11.0004,9.1407,-8.4217,-10.8289,-5.8037,-8.6017,,,-0.1926,-27.7432,-1.4465,0.6864,-19.0777,11.9444,0.2197,12.1548,-6.6745,,,,,,138.0054,37.3075,85.6993,,,,"Duque","","N/A","2008-01-01T00:00:00.000Z","Bay","Gelding","PRE horse (Pura Raza Espanola) - Andalusier","Dressage","","20260119T121135_logfile.itlog","2026-01-19T19:11:35.549Z","In hand","Research",,,
1,"walk","left","soft",242.325,242.965,241.935,242.595,3129.95,3130.59,3129.56,3130.22,1.3181,64.1133,0.865,0.84,0.815,0.86,0.46,0.48,0.5,0.49,181.5432,166.903,127.1609,112.5529,66.2835,64.2447,61.6257,64.2991,,,,,,,-0.275,-20.863,-0.27,-20.4836,0.39,29.5875,0.37,28.0702,70.3004,72.0232,54.592,59.1166,14.5372,9.9714,18.6621,13.6566,31.1395,35.3594,25.0946,31.7863,-39.1609,-36.6637,-29.4974,-27.3303,7.0175,0.6919,12.0702,5.7142,-7.5197,-9.2795,-6.5919,-7.9423,,,-0.2199,-18.7636,7.8906,0.6438,-20.6883,-1.9858,0.1824,8.168,-5.8619,,,,,,121.1851,32.1028,78.6004,,,,"Duque","","N/A","2008-01-01T00:00:00.000Z","Bay","Gelding","PRE horse (Pura Raza Espanola) - Andalusier","Dressage","","20260119T121135_logfile.itlog","2026-01-19T19:11:35.549Z","In hand","Research",,,
1,"walk","left","soft",243.61,244.26,243.265,243.92,3131.235,3131.885,3130.89,3131.545,1.3238,64.7425,0.875,0.875,0.825,0.85,0.42,0.455,0.515,0.465,191.958,177.2012,117.4735,105.8403,67.5676,67.3077,60.6618,63.4328,,,,,,,-0.3,-22.6629,-0.31,-23.4183,0.345,26.0623,0.34,25.6846,75.1794,73.1515,52.9275,56.9522,10.1884,7.3575,20.1359,8.8198,32.7075,34.0812,24.0456,28.5975,-42.4719,-39.0703,-28.8819,-28.3548,5.633,3.3422,12.8223,4.7597,-4.5554,-4.0153,-7.3136,-4.0601,,,-0.1896,-17.2105,1.5425,0.2034,-11.6899,-0.7305,0.2416,10.3352,-8.4391,,,,,,125.9627,36.9696,78.5748,,,,"Duque","","N/A","2008-01-01T00:00:00.000Z","Bay","Gelding","PRE horse (Pura Raza Espanola) - Andalusier","Dressage","","20260119T121135_logfile.itlog","2026-01-19T19:11:35.549Z","In hand","Research",,,
1,"walk","left","soft",244.905,245.53,244.645,245.285,3132.53,3133.155,3132.27,3132.91,1.2862,63.7263,0.855,0.895,0.74,0.79,0.42,0.395,0.555,0.515,199.8681,202.3226,113.5947,106.0159,66.537,68.9788,58.2677,61.1219,,,,,,,-0.385,-29.932,-0.38,-29.5432,0.26,20.2138,0.245,19.0476,72.8727,69.9056,53.3941,54.3626,14.3077,9.369,12.5336,14.1848,32.1369,31.5834,26.4982,31.3055,-40.7358,-38.3221,-26.896,-23.0571,7.1333,1.7475,8.3597,8.249,-7.1744,-7.6215,-4.1738,-5.9358,,,-0.2723,-43.8221,-11.4685,0.0711,-9.3653,7.39,0.1696,-4.0932,-15.9321,,,,,,130.2858,41.6386,73.8964,,,,"Duque","","N/A","2008-01-01T00:00:00.000Z","Bay","Gelding","PRE horse (Pura Raza Espanola) - Andalusier","Dressage","","20260119T121135_logfile.itlog","2026-01-19T19:11:35.549Z","In hand","Research",,,
1,"walk","left","soft",246.2,246.835,245.89,246.565,3133.825,3134.46,3133.515,3134.19,1.3113,64.3326,0.855,0.895,0.79,0.835,0.44,0.41,0.505,0.49,190.1001,186.9774,109.7587,99.5213,65.896,67.0412,60.6526,63.7405,,,,,,,-0.36,-27.4547,-0.365,-27.836,0.31,23.6416,0.27,20.591,70.2893,70.5581,58.5747,56.583,12.9677,7.3661,15.5838,14.0812,30.7668,31.6886,30.7856,34.498,-39.5225,-38.8695,-27.789,-22.0851,7.0258,0.6851,8.9639,7.783,-5.9419,-6.681,-6.62,-6.2981,,,-0.2128,-31.6089,-8.185,0.4693,-17.8636,1.7946,0.0431,-15.7551,-17.9566,,,,,,122.9587,44.7807,67.3234,,,,"Duque","","N/A","2008-01-01T00:00:00.000Z","Bay","Gelding","PRE horse (Pura Raza Espanola) - Andalusier","Dressage","","20260119T121135_logfile.itlog","2026-01-19T19:11:35.549Z","In hand","Research",,,
1,"walk","left","soft",247.5,248.2,247.2,247.86,3135.125,3135.825,3134.825,3135.485,1.3344,64.4253,0.905,0.86,0.8,0.875,0.445,0.47,0.52,0.46,175.8775,161.6609,117.8693,103.5094,66.9131,64.0596,61.1855,65.5431,,,,,,,-0.365,-27.3536,-0.36,-26.9789,0.3,22.4824,0.34,25.4801,74.3559,67.7097,55.3355,57.3612,15.1092,12.1034,14.6888,19.3747,31.6376,30.113,26.3134,33.4217,-42.7183,-37.5966,-29.0221,-23.9395,8.9958,2.2751,9.1615,9.3203,-6.1134,-9.8282,-5.5273,-10.0544,,,-0.3182,-35.8524,-1.8427,0.3727,-17.7298,2.5648,0.0864,-2.2695,-7.7991,,,,,,116.1216,37.5054,66.2811,,,,"Duque","","N/A","2008-01-01T00:00:00.000Z","Bay","Gelding","PRE horse (Pura Raza Espanola) - Andalusier","Dressage","","20260119T121135_logfile.itlog","2026-01-19T19:11:35.549Z","In hand","Research",,,
1,"walk","left","soft",248.855,249.555,248.495,249.195,3136.48,3137.18,3136.12,3136.82,1.3956,65.1756,0.935,0.945,0.84,0.92,0.45,0.495,0.495,0.46,194.0002,158.4791,119.272,109.2121,66.548,66.3158,61.6514,66.1871,,,,,,,-0.295,-21.1375,-0.34,-24.3618,0.36,25.7949,0.36,25.7949,71.5333,73.3072,54.1577,57.0428,13.3532,12.8607,20.1657,8.6986,28.255,33.1937,24.8331,32.2021,-43.2783,-40.1135,-29.3246,-24.8408,7.2191,3.1214,14.0435,4.0803,-6.1341,-9.7393,-6.1223,-4.6182,,,-0.098,-9.9206,0.0684,0.6432,-16.1274,4.0391,-0.0302,-12.0635,-10.2636,,,,,,123.438,35.5339,75.8564,,,,"Duque","","N/A","2008-01-01T00:00:00.000Z","Bay","Gelding","PRE horse (Pura Raza Espanola) - Andalusier","Dressage","","20260119T121135_logfile.itlog","2026-01-19T19:11:35.549Z","In hand","Research",,,
1,"walk","left","soft",250.28,250.965,249.885,250.595,3137.905,3138.59,3137.51,3138.22,1.3819,64.9643,0.915,0.895,0.865,0.915,0.49,0.465,0.55,0.48,172.6638,179.1929,110.4697,108.0643,66.5455,65.8088,61.6756,65.8273,,,,,,,-0.33,-23.8806,-0.315,-22.7951,0.395,28.5844,0.37,26.7752,71.9068,67.8525,56.0435,58.4263,15.1792,12.7471,13.3597,14.5197,27.6222,25.8587,25.9763,33.3348,-44.2846,-41.9938,-30.0671,-25.0915,7.2052,1.3988,8.6452,7.3027,-7.974,-11.3483,-4.7145,-7.217,,,-0.1457,-20.2189,-2.2351,0.2022,-11.2226,3.2948,0.2072,-0.1221,-14.6446,,,,,,125.6631,27.3808,70.2089,,,,"Duque","","N/A","2008-01-01T00:00:00.000Z","Bay","Gelding","PRE horse (Pura Raza Espanola) - Andalusier","Dressage","","20260119T121135_logfile.itlog","2026-01-19T19:11:35.549Z","In hand","Research",,,
1,"walk","left","soft",251.625,252.325,251.275,251.98,3139.25,3139.95,3138.9,3139.605,1.3563,65.6188,0.95,0.87,0.88,0.86,0.43,0.465,0.525,0.47,197.2609,183.5953,112.8249,110.1277,69.3431,65.1685,63.4234,64.5403,,,,,,,-0.31,-22.8571,-0.355,-26.1751,0.35,25.8065,0.345,25.4378,74.5578,71.2182,55.8043,60.5742,10.2728,11.8402,13.7055,21.9261,31.2326,30.9764,27.545,31.9229,-43.3252,-40.2418,-28.2592,-28.6513,7.566,0.9991,8.2731,12.1381,-2.7068,-10.8412,-5.4325,-9.788,,,,26.707,,-0.2557,-3.1924,3.8374,0.278,4.477,-12.7609,,,,,,125.4483,40.4449,67.7797,,,,"Duque","","N/A","2008-01-01T00:00:00.000Z","Bay","Gelding","PRE horse (Pura Raza Espanola) - Andalusier","Dressage","","20260119T121135_logfile.itlog","2026-01-19T19:11:35.549Z","In hand","Research",,,
1,"walk","left","soft",252.985,253.66,252.645,253.315,3140.61,3141.285,3140.27,3140.94,1.3156,65.4648,0.91,0.86,0.835,0.84,0.41,0.465,0.49,0.475,213.1123,178.2671,126.7834,113.0626,69.0702,65.7744,63.2576,63.7571,,,,,,,-0.32,-24.323,-0.33,-25.0831,0.34,25.8432,0.345,26.2233,76.1222,71.3825,50.6322,56.8157,10.9294,7.8234,16.6565,12.1982,33.3552,33.7064,21.3329,27.2541,-42.767,-37.6761,-29.2993,-29.5616,5.7486,3.3007,11.3035,6.1049,-5.1808,-4.5227,-5.353,-6.0934,,,0.3863,-2.2726,,-0.0085,-11.6861,6.541,0.2613,3.5341,-14.1755,,,,,,136.7799,45.8751,67.7764,,,,"Duque","","N/A","2008-01-01T00:00:00.000Z","Bay","Gelding","PRE horse (Pura Raza Espanola) - Andalusier","Dressage","","20260119T121135_logfile.itlog","2026-01-19T19:11:35.549Z","In hand","Research",,,
1,"walk","left","soft",254.3,254.95,253.96,254.635,3141.925,3142.575,3141.585,3142.26,1.3619,66.081,0.93,0.93,0.845,0.895,0.405,0.43,0.48,0.48,203.5174,178.3126,117.5215,104.9997,69.0167,67.3913,62.8253,65.0909,,,,,,,-0.3,-22.0285,-0.335,-24.5984,0.34,24.9656,0.315,23.1299,70.1062,69.5849,53.5188,60.2291,9.1273,8.8521,14.4577,13.9653,32.3029,30.7256,24.3695,34.3752,-37.8033,-38.8593,-29.1493,-25.8539,6.2449,0.6112,9.5035,8.3648,-2.8824,-8.2409,-4.9542,-5.6005,,,,,-3.416,0.1074,-14.6604,15.7459,0.0692,-3.3078,-7.6216,,,,,,111.7961,47.0836,65.6663,,,,"Duque","","N/A","2008-01-01T00:00:00.000Z","Bay","Gelding","PRE horse (Pura Raza Espanola) - Andalusier","Dressage","","20260119T121135_logfile.itlog","2026-01-19T19:11:35.549Z","In hand","Research",,,
1,"walk","left","soft",255.66,256.35,255.325,256.01,3143.285,3143.975,3142.95,3143.635,1.3944,66.1559,0.965,0.935,0.855,0.935,0.43,0.47,0.52,0.48,184.4235,164.2496,111.167,106.5403,69.6751,66.7857,61.7329,66.4298,,,,,,,-0.375,-26.8938,-0.35,-25.1009,0.335,24.0251,0.34,24.3837,72.9209,63.6077,55.2721,55.7322,16.4981,11.2041,13.8878,12.271,33.0744,25.7722,24.4925,29.9066,-39.8465,-37.8355,-30.7797,-25.8256,11.2291,0.87,9.8007,6.146,-5.269,-10.3341,-4.0871,-6.125,,,,10.1954,,0.1994,-8.3198,6.7349,-0.1109,-13.5894,-6.9409,,,,,,105.3596,40.3748,72.7962,,,,"Duque","","N/A","2008-01-01T00:00:00.000Z","Bay","Gelding","PRE horse (Pura Raza Espanola) - Andalusier","Dressage","","20260119T121135_logfile.itlog","2026-01-19T19:11:35.549Z","In hand","Research",,,
1,"walk","left","soft",257.035,257.745,256.72,257.41,3144.66,3145.37,3144.345,3145.035,1.3506,65.6136,0.945,0.88,0.835,0.885,0.41,0.46,0.54,0.465,194.66,163.8441,111.5727,98.0801,69.6133,64.9446,61.8519,66.0448,,,,,,,-0.37,-27.3947,-0.375,-27.7649,0.315,23.3225,0.335,24.8033,69.0663,70.6678,51.6396,55.4874,10.241,11.897,13.3995,12.3613,29.4191,33.5037,24.3844,32.113,-39.6472,-37.1642,-27.2552,-23.3744,8.3217,1.5806,11.112,6.2619,-1.9193,-10.3164,-2.2875,-6.0994,,,-0.0581,-16.7931,-11.8786,0.4169,-15.9103,0.4286,0.2178,-4.6928,-17.3438,,,,,,127.5446,37.146,64.0317,,,,"Duque","","N/A","2008-01-01T00:00:00.000Z","Bay","Gelding","PRE horse (Pura Raza Espanola) - Andalusier","Dressage","","20260119T121135_logfile.itlog","2026-01-19T19:11:35.549Z","In hand","Research",,,
1,"walk","left","soft",258.395,259.115,258.045,258.74,3146.02,3146.74,3145.67,3146.365,1.3737,66.6068,0.955,0.905,0.875,0.925,0.415,0.49,0.49,0.445,191.4302,160.7606,116.9513,107.4311,69.708,66.3004,63.7523,66.6667,,,,,,,-0.3,-21.838,-0.345,-25.1137,0.35,25.4777,0.375,27.2975,79.8368,65.5219,52.5738,53.5765,11.2885,8.0105,15.1409,16.781,35.9917,29.7986,24.5956,26.4313,-43.8451,-35.7233,-27.9781,-27.1453,7.2815,3.2206,10.6163,9.0904,-4.007,-4.7899,-4.5246,-7.6906,,,-0.3503,-36.4926,5.0432,0.3368,-15.5908,4.591,0.2097,2.4637,-9.91,,,,,,123.2775,35.7151,59.1882,,,,"Duque","","N/A","2008-01-01T00:00:00.000Z","Bay","Gelding","PRE horse (Pura Raza Espanola) - Andalusier","Dressage","","20260119T121135_logfile.itlog","2026-01-19T19:11:35.549Z","In hand","Research",,,
1,"walk","left","soft",259.765,260.45,259.425,260.145,3147.39,3148.075,3147.05,3147.77,1.4244,65.985,0.995,0.945,0.9,0.92,0.415,0.43,0.505,0.48,212.8819,169.9325,107.9636,98.22,69.5804,65.625,63.7168,65.0177,,,,,,,-0.31,-21.7639,-0.38,-26.6784,0.34,23.8701,0.305,21.4129,73.0222,72.2937,55.3665,57.1922,14.0232,13.137,13.7506,14.8776,33.4168,34.8485,26.4958,31.4227,-39.6054,-37.4451,-28.8707,-25.7695,10.2038,2.7102,9.3369,9.5977,-3.8194,-10.4268,-4.4137,-5.2799,,,-0.2714,-14.001,15.2001,0.1599,-9.4517,2.0388,0.3007,6.9622,-10.6633,,,,,,107.597,38.7812,61.159,,,,"Duque","","N/A","2008-01-01T00:00:00.000Z","Bay","Gelding","PRE horse (Pura Raza Espanola) - Andalusier","Dressage","","20260119T121135_logfile.itlog","2026-01-19T19:11:35.549Z","In hand","Research",,,
1,"walk","left","soft",261.215,261.955,260.845,261.575,3148.84,3149.58,3148.47,3149.2,1.6075,69.0165,1.16,1.16,1.02,1.1,0.455,0.56,0.52,0.51,178.0899,140.5483,112.422,98.254,72.1617,70.303,65.5949,68.0062,,,,,,,-0.395,-24.5723,-0.36,-22.395,0.37,23.0171,0.38,23.6392,64.7017,67.8878,51.5845,55.7066,9.9925,10.8365,7.7371,9.5985,26.8198,26.0934,27.3631,30.8912,-37.8819,-41.7944,-24.2214,-24.8154,7.817,3.3349,7.9304,5.8911,-2.1756,-7.5016,0.1933,-3.7074,,,-0.4181,-14.3718,19.8987,0.5231,-10.1936,4.5944,0.3285,13.6236,-5.8263,,,,,,81.9704,35.3572,60.0204,,,,"Duque","","N/A","2008-01-01T00:00:00.000Z","Bay","Gelding","PRE horse (Pura Raza Espanola) - Andalusier","Dressage","","20260119T121135_logfile.itlog","2026-01-19T19:11:35.549Z","In hand","Research",,,
1,"walk","left","soft",262.815,263.535,262.415,263.2,3150.44,3151.16,3150.04,3150.825,1.3969,66.342,0.985,0.885,0.93,0.905,0.44,0.42,0.55,0.525,169.5361,185.8717,103.0343,95.8211,69.4885,67.0455,63.3731,65.4611,,,,,,,-0.46,-32.9306,-0.385,-27.5615,0.4,28.6353,0.335,23.9821,71.4134,73.6858,53.6928,54.0749,12.7615,11.0404,14.4354,11.6072,33.003,31.9321,24.7974,28.6738,-38.4104,-41.7537,-28.8954,-25.4011,8.3248,1.959,8.7965,6.6608,-4.4367,-9.0814,-5.6388,-4.9464,,,,10.5166,-25.1845,-0.3146,-1.7428,0.6204,-0.0469,-16.5117,-14.2324,,,,,,106.2601,34.9586,70.0594,,,,"Duque","","N/A","2008-01-01T00:00:00.000Z","Bay","Gelding","PRE horse (Pura Raza Espanola) - Andalusier","Dressage","","20260119T121135_logfile.itlog","2026-01-19T19:11:35.549Z","In hand","Research",,,
1,"walk","left","soft",264.225,264.87,263.87,264.535,3151.85,3152.495,3151.495,3152.16,1.3994,66.521,0.94,0.995,0.855,0.935,0.425,0.45,0.525,0.43,194.343,190.3165,107.3938,106.9214,68.3636,67.8024,62.4088,67.509,,,,,,,-0.335,-23.9393,-0.31,-22.1527,0.355,25.3685,0.335,23.9393,64.5693,68.4762,54.1338,54.6232,10.9504,12.6757,12.3456,13.1345,28.4479,28.6599,26.919,30.9524,-36.1214,-39.8162,-27.2149,-23.6707,7.9977,3.6484,8.5414,7.8623,-2.9527,-9.0273,-3.8042,-5.2722,,,-0.0339,-17.1482,-14.0021,0.4502,-9.9659,2.0104,,0.3336,-21.8699,,,,,,106.7777,34.9688,65.9824,,,,"Duque","","N/A","2008-01-01T00:00:00.000Z","Bay","Gelding","PRE horse (Pura Raza Espanola) - Andalusier","Dressage","","20260119T121135_logfile.itlog","2026-01-19T19:11:35.549Z","In hand","Research",,,
1,"walk","left","soft",265.61,266.36,265.23,265.94,3153.235,3153.985,3152.855,3153.565,1.4225,66.6919,0.995,0.925,0.92,0.955,0.445,0.495,0.505,0.47,161.5677,161.3192,113.1749,99.4517,69.459,65.7194,64.3357,67.2535,,,,,,,-0.36,-25.3076,-0.33,-23.1986,0.38,26.7135,0.42,29.5255,76.7444,63.768,51.2142,56.2436,13.2247,9.3471,12.0446,11.441,34.8846,26.4621,24.3133,28.5072,-41.8598,-37.3059,-26.9008,-27.7364,6.1912,2.126,7.7363,6.5531,-7.0335,-7.2211,-4.3084,-4.888,,,0.3394,13.3988,-13.4399,0.1438,-8.6535,3.5405,0.0884,0.2762,-4.7503,,,,,,108.5175,26.1623,60.7216,,,,"Duque","","N/A","2008-01-01T00:00:00.000Z","Bay","Gelding","PRE horse (Pura Raza Espanola) - Andalusier","Dressage","","20260119T121135_logfile.itlog","2026-01-19T19:11:35.549Z","In hand","Research",,,
1,"walk","left","soft",267.035,267.755,266.665,267.355,3154.66,3155.38,3154.29,3154.98,1.3631,65.4842,0.945,0.845,0.86,0.92,0.43,0.47,0.515,0.46,200.3893,162.6692,103.0962,105.871,69.4853,64.0152,61.6487,66.7877,,,,,,,-0.305,-22.3751,-0.32,-23.4755,0.37,27.1435,0.4,29.3443,71.3613,67.7487,52.4093,56.1353,10.8038,14.2621,16.4337,14.0417,32.2638,30.6862,23.8746,29.9989,-39.0975,-37.0625,-28.5346,-26.1364,8.5202,1.3884,10.5285,8.7673,-2.2836,-12.8738,-5.9052,-5.2745,,,-0.0721,20.412,28.2326,-0.4109,15.0007,-2.3936,0.1625,-1.7906,-11.5105,,,,,,152.3926,33.2679,61.621,,,,"Duque","","N/A","2008-01-01T00:00:00.000Z","Bay","Gelding","PRE horse (Pura Raza Espanola) - Andalusier","Dressage","","20260119T121135_logfile.itlog","2026-01-19T19:11:35.549Z","In hand","Research",,,
1,"walk","left","soft",268.38,269.08,268.08,268.73,3156.005,3156.705,3155.705,3156.355,1.3469,65.7002,0.955,0.88,0.845,0.86,0.4,0.48,0.555,0.455,197.2495,163.5888,102.4989,104.0192,69.8355,66.0413,62.0183,64.9057,,,,,,,-0.325,-24.1299,-0.35,-25.9861,0.3,22.2738,0.35,25.9861,72.8188,75.9017,51.4669,57.545,12.0235,14.3783,14.2345,16.3412,30.9089,36.8918,24.4986,28.4672,-41.91,-39.0099,-26.9683,-29.0779,8.8261,3.1172,9.2586,9.2147,-3.1974,-11.2612,-4.9759,-7.1265,,,,2.427,,0.2044,-11.9474,-4.0125,0.1202,-1.3217,-7.8848,,,,,,151.2255,40.0643,59.2934,,,,"Duque","","N/A","2008-01-01T00:00:00.000Z","Bay","Gelding","PRE horse (Pura Raza Espanola) - Andalusier","Dressage","","20260119T121135_logfile.itlog","2026-01-19T19:11:35.549Z","In hand","Research",,,
1,"walk","left","soft",269.76,270.385,269.405,270.065,3157.385,3158.01,3157.03,3157.69,1.3331,65.5268,0.885,0.905,0.825,0.88,0.425,0.425,0.48,0.475,198.0336,192.1076,117.641,109.1392,66.6667,67.037,63.0975,65.3061,,,,,,,-0.325,-24.3788,-0.305,-22.8786,0.355,26.6292,0.32,24.0038,72.1523,69.7152,53.417,57.177,13.124,12.319,15.8815,17.5085,32.7292,28.7033,24.0501,33.8971,-39.4231,-41.0119,-29.367,-23.2799,9.3183,1.7561,10.9033,9.5915,-3.8057,-10.5629,-4.9782,-7.917,,,-0.3621,-45.2369,-1.6082,0.3489,-15.9063,10.4943,-0.0511,-7.6764,-4.4805,,,,,,124.3878,43.1737,66.9813,,,,"Duque","","N/A","2008-01-01T00:00:00.000Z","Bay","Gelding","PRE horse (Pura Raza Espanola) - Andalusier","Dressage","","20260119T121135_logfile.itlog","2026-01-19T19:11:35.549Z","In hand","Research",,,
1,"walk","left","soft",271.105,271.755,270.715,271.405,3158.73,3159.38,3158.34,3159.03,1.3313,64.3191,0.87,0.88,0.84,0.835,0.46,0.465,0.485,0.46,182.8203,176.375,121.533,108.0616,65.6604,64.9446,62.6866,63.9847,,,,,,,-0.33,-24.7887,-0.3,-22.5352,0.39,29.2958,0.35,26.2911,70.6978,72.5695,56.7,60.8696,13.1556,10.4289,19.0841,12.8393,32.6701,30.0063,28.8422,33.5588,-38.0277,-42.5631,-27.8578,-27.3108,5.5741,3.0879,13.3897,4.9441,-7.5816,-7.341,-5.6944,-7.8952,,,-0.2412,-33.0854,-3.3294,0.3863,-20.0244,9.4554,-0.0444,-10.9828,-8.5229,,,,,,126.6991,36.0766,70.5329,,,,"Duque","","N/A","2008-01-01T00:00:00.000Z","Bay","Gelding","PRE horse (Pura Raza Espanola) - Andalusier","Dressage","","20260119T121135_logfile.itlog","2026-01-19T19:11:35.549Z","In hand","Research",,,
1,"walk","left","soft",272.425,273.12,272.07,272.72,3160.05,3160.745,3159.695,3160.345,1.4,65.3328,0.97,0.915,0.84,0.935,0.45,0.485,0.515,0.48,182.5249,184.0649,124.3827,111.2116,69.1622,65.4741,61.6514,65.0435,,,,,,,-0.315,-22.5,-0.295,-21.0714,0.355,25.3571,0.4,28.5714,70.332,69.1793,56.9388,59.4369,12.6854,9.4893,13.3205,15.8352,31.3846,28.5257,28.4253,31.2228,-38.9474,-40.6536,-28.5136,-28.2141,7.6465,0.6463,7.8617,9.2307,-5.0388,-8.843,-5.4588,-6.6045,,,-0.1464,-22.7887,-7.7644,-0.0206,-10.6057,8.0166,0.2447,9.9292,-7.3316,,,,,,110.4176,34.78,70.528,,,,"Duque","","N/A","2008-01-01T00:00:00.000Z","Bay","Gelding","PRE horse (Pura Raza Espanola) - Andalusier","Dressage","","20260119T121135_logfile.itlog","2026-01-19T19:11:35.549Z","In hand","Research",,,
1,"walk","left","soft",273.81,274.515,273.44,274.18,3161.435,3162.14,3161.065,3161.805,1.3869,64.8104,0.955,0.875,0.885,0.88,0.415,0.48,0.53,0.525,187.5596,175.4958,116.2411,98.3074,68.8288,63.8686,62.5442,64,,,,,,,-0.32,-23.0735,-0.37,-26.6787,0.37,26.6787,0.335,24.155,75.0738,78.8803,50.4418,55.527,13.9587,12.3987,15.2449,14.6385,33.9268,34.9939,21.6897,30.7724,-41.147,-43.8864,-28.7521,-24.7546,9.0698,1.3069,9.8797,7.1394,-4.8889,-11.0919,-5.3652,-7.4991,,,-0.3444,-31.2296,-0.2508,0.1173,-13.9344,14.852,0.2019,4.8435,-7.834,,,,,,98.4129,34.774,64.3398,,,,"Duque","","N/A","2008-01-01T00:00:00.000Z","Bay","Gelding","PRE horse (Pura Raza Espanola) - Andalusier","Dressage","","20260119T121135_logfile.itlog","2026-01-19T19:11:35.549Z","In hand","Research",,,
1,"walk","left","soft",275.215,275.9,274.855,275.525,3162.84,3163.525,3162.48,3163.15,1.3519,64.0897,0.905,0.87,0.84,0.85,0.45,0.51,0.53,0.465,188.234,187.3977,103.6227,99.3063,67.1614,63.8532,61.3139,64.0301,,,,,,,-0.34,-25.1503,-0.31,-22.9311,0.36,26.6297,0.375,27.7393,81.0626,76.4775,51.0695,61.1996,12.4952,11.2615,17.352,19.1622,36.2504,32.6149,24.5044,32.7276,-44.8122,-43.8626,-26.565,-28.472,6.4259,2.5457,11.2207,10.7734,-6.0693,-8.7158,-6.1313,-8.3888,,,-0.0724,-16.1935,-9.8082,0.4486,-17.6537,1.4733,0.2289,0.7217,-13.0741,,,,,,120.7233,37.428,68.725,,,,"Duque","","N/A","2008-01-01T00:00:00.000Z","Bay","Gelding","PRE horse (Pura Raza Espanola) - Andalusier","Dressage","","20260119T121135_logfile.itlog","2026-01-19T19:11:35.549Z","In hand","Research",,,
1,"walk","left","soft",276.555,277.245,276.225,276.865,3164.18,3164.87,3163.85,3164.49,1.345,64.2908,0.91,0.875,0.805,0.87,0.435,0.475,0.53,0.49,206.7261,190.1469,112.4403,112.5464,67.1587,64.9351,61.3333,63.7363,,,,,,,-0.325,-24.1636,-0.31,-23.0483,0.33,24.5353,0.38,28.2528,67.7433,70.2122,59.8158,64.9908,10.041,12.4449,15.3983,13.627,28.9738,29.7439,32.7267,35.2836,-38.7695,-40.4683,-27.0891,-29.7072,6.842,2.7064,10.9801,7.1816,-3.199,-9.7386,-4.4183,-6.4454,,,-0.1207,-21.1351,-7.2696,-0.6517,16.7655,7.0138,0.1184,1.7198,-6.4217,,,,,,122.0987,36.6444,77.1156,,,,"Duque","","N/A","2008-01-01T00:00:00.000Z","Bay","Gelding","PRE horse (Pura Raza Espanola) - Andalusier","Dressage","","20260119T121135_logfile.itlog","2026-01-19T19:11:35.549Z","In hand","Research",,,
1,"walk","left","soft",277.92,278.59,277.515,278.235,3165.545,3166.215,3165.14,3165.86,1.3919,65.4698,0.915,0.925,0.895,0.91,0.455,0.47,0.485,0.5,174.5122,177.8682,133.656,111.5714,66.3043,65.8363,64.3885,65.3501,,,,,,,-0.27,-19.3983,-0.315,-22.6313,0.405,29.0974,0.355,25.5052,69.4998,77.57,55.4241,58.1032,13.9606,14.4279,15.2555,12.147,29.2913,33.9076,24.3198,32.4716,-40.2085,-43.6623,-31.1043,-25.6316,8.4343,1.0299,10.3984,5.8791,-5.5263,-13.398,-4.8571,-6.2678,,,-0.1974,-13.8632,6.3855,-0.1279,-11.0472,10.4392,0.1515,9.305,-2.3775,,,,,,123.3004,36.019,77.1155,,,,"Duque","","N/A","2008-01-01T00:00:00.000Z","Bay","Gelding","PRE horse (Pura Raza Espanola) - Andalusier","Dressage","","20260119T121135_logfile.itlog","2026-01-19T19:11:35.549Z","In hand","Research",,,
1,"walk","left","soft",279.31,280.005,278.915,279.61,3166.935,3167.63,3166.54,3167.235,1.3969,65.1481,0.895,0.925,0.9,0.92,0.475,0.49,0.505,0.465,176.312,183.2074,119.1007,104.8354,65.3285,65.9537,63.8298,65.4804,,,,,,,-0.325,-23.2662,-0.3,-21.4765,0.395,28.2774,0.395,28.2774,73.2202,65.7522,52.4835,57.3815,8.5652,13.1006,13.2516,20.6603,30.2882,27.0034,23.7669,32.4913,-42.932,-38.7488,-28.7166,-24.8902,6.8068,2.1814,8.1145,10.9529,-1.7584,-10.9191,-5.1371,-9.7075,,,,-46.0884,19.112,0.4358,-16.4524,13.2742,0.2487,3.1606,-11.559,,,,,,123.2931,36.0228,59.5232,,,,"Duque","","N/A","2008-01-01T00:00:00.000Z","Bay","Gelding","PRE horse (Pura Raza Espanola) - Andalusier","Dressage","","20260119T121135_logfile.itlog","2026-01-19T19:11:35.549Z","In hand","Research",,,
1,"walk","left","soft",280.68,281.395,280.33,281.035,3168.305,3169.02,3167.955,3168.66,1.4219,65.6553,0.97,0.945,0.865,0.955,0.475,0.465,0.515,0.505,188.9852,168.4216,116.059,101.3841,67.5958,67.2598,61.6756,66.09,,,,,,,-0.325,-22.8571,-0.355,-24.967,0.35,24.6154,0.36,25.3187,67.9279,66.0648,52.5428,54.8053,8.8921,11.8217,17.2845,12.6626,28.1159,25.0774,27.6989,32.2701,-39.812,-40.9874,-24.8439,-22.5352,5.2208,3.3222,12.2622,7.4844,-3.6713,-8.4995,-5.0224,-5.1782,,,,-39.2335,,-0.1784,-5.7183,8.771,-0.091,-8.7385,-3.5641,,,,,,113.8109,27.1957,67.6842,,,,"Duque","","N/A","2008-01-01T00:00:00.000Z","Bay","Gelding","PRE horse (Pura Raza Espanola) - Andalusier","Dressage","","20260119T121135_logfile.itlog","2026-01-19T19:11:35.549Z","In hand","Research",,,
1,"walk","left","soft",282.105,282.795,281.755,282.465,3169.73,3170.42,3169.38,3170.09,1.3888,65.4742,0.95,0.885,0.9,0.9,0.455,0.455,0.56,0.475,173.3093,186.5376,108.2579,101.2754,67.9785,66.1682,62.1762,65.5738,,,,,,,-0.36,-25.9226,-0.36,-25.9226,0.35,25.2025,0.33,23.7624,70.6274,71.8973,51.5623,57.9912,12.5187,11.6257,13.095,18.3855,30.4428,30.2302,24.772,29.8271,-40.1846,-41.6671,-26.7903,-28.1642,8.6715,1.2287,7.8348,9.9934,-3.8472,-10.397,-5.2602,-8.3921,,,-0.427,-26.8155,19.2357,0.0277,-13.6064,4.1385,0.2697,-0.6022,-15.7917,,,,,,107.8437,48.627,56.9276,,,,"Duque","","N/A","2008-01-01T00:00:00.000Z","Bay","Gelding","PRE horse (Pura Raza Espanola) - Andalusier","Dressage","","20260119T121135_logfile.itlog","2026-01-19T19:11:35.549Z","In hand","Research",,,
1,"walk","left","soft",283.495,284.13,283.19,283.835,3171.12,3171.755,3170.815,3171.46,1.3131,63.2051,0.86,0.86,0.78,0.82,0.44,0.45,0.535,0.47,189.1901,184.3283,108.9157,108.0229,66.0269,64.6617,59.6558,62.4762,,,,,,,-0.395,-30.0809,-0.34,-25.8924,0.305,23.227,0.295,22.4655,72.5393,73.3958,53.7001,59.5873,11.8529,11.4645,21.3747,14.6483,33.5397,33.2065,25.5836,30.1783,-38.9996,-40.1893,-28.1165,-29.409,8.5215,0.9509,13.5469,8.0511,-3.3315,-10.5136,-7.8278,-6.5972,,,0.2271,19.7237,-2.6767,0.2824,-16.7074,5.6467,-0.0972,-11.6344,-6.4667,,,,,,114.0747,48.7551,71.9155,,,,"Duque","","N/A","2008-01-01T00:00:00.000Z","Bay","Gelding","PRE horse (Pura Raza Espanola) - Andalusier","Dressage","","20260119T121135_logfile.itlog","2026-01-19T19:11:35.549Z","In hand","Research",,,
1,"walk","left","soft",284.8,285.48,284.49,285.17,3172.425,3173.105,3172.115,3172.795,1.3162,63.888,0.895,0.875,0.785,0.81,0.445,0.49,0.52,0.515,184.5195,174.0355,115.976,103.1387,67.42,65.666,60.0382,62.4277,,,,,,,-0.36,-27.3504,-0.37,-28.1102,0.31,23.5518,0.31,23.5518,68.8966,71.1629,54.3065,58.8127,12.929,11.9097,20.1335,16.5092,30.5827,32.6997,24.9342,35.2454,-38.3139,-38.4633,-29.3723,-23.5673,8.0735,2.4612,12.6735,8.8983,-4.8555,-9.4485,-7.46,-7.6109,,,0.0255,-4.3048,-6.9089,0.3004,-9.5425,2.9653,0.0719,-5.0541,-10.0579,,,,,,113.7018,41.5634,74.6586,,,,"Duque","","N/A","2008-01-01T00:00:00.000Z","Bay","Gelding","PRE horse (Pura Raza Espanola) - Andalusier","Dressage","","20260119T121135_logfile.itlog","2026-01-19T19:11:35.549Z","In hand","Research",,,
1,"walk","left","soft",286.115,286.78,285.8,286.44,3173.74,3174.405,3173.425,3174.065,1.3087,64.9431,0.89,0.87,0.79,0.85,0.42,0.425,0.525,0.46,181.0804,185.8977,113.4686,108.6312,67.6806,66.9231,60.6526,64.5161,,,,,,,-0.32,-24.4508,-0.325,-24.8329,0.315,24.0688,0.34,25.979,72.0845,75.4786,53.6701,56.4001,12.2482,15.7731,19.0399,16.259,33.446,35.518,26.9446,29.2796,-38.6386,-39.9607,-26.7255,-27.1205,7.0083,2.2393,13.2043,8.0858,-5.24,-13.5337,-5.8356,-8.1733,,,-0.1718,-15.8073,2.0631,-0.3736,-3.3645,10.5053,0.0868,-2.6806,-8.9653,,,,,,116.7538,33.8097,76.2679,,,,"Duque","","N/A","2008-01-01T00:00:00.000Z","Bay","Gelding","PRE horse (Pura Raza Espanola) - Andalusier","Dressage","","20260119T121135_logfile.itlog","2026-01-19T19:11:35.549Z","In hand","Research",,,
1,"walk","left","soft",287.435,288.085,287.09,287.765,3175.06,3175.71,3174.715,3175.39,1.3506,64.6941,0.92,0.9,0.835,0.84,0.43,0.435,0.5,0.475,187.2036,196.5834,117.8316,106.1852,68.1481,66.2983,61.1722,63.1579,,,,,,,-0.31,-22.9523,-0.33,-24.4331,0.345,25.5437,0.32,23.6927,72.669,70.1145,50.2079,56.0811,15.7533,13.7872,19.3502,19.7708,34.4502,31.0756,21.0729,29.3866,-38.2187,-39.0389,-29.135,-26.6944,10.4103,2.1808,11.6941,11.5511,-5.343,-11.6065,-7.656,-8.2197,,,-0.3018,-21.9251,13.3065,0.1939,-13.5329,8.551,0.3132,2.6315,-18.6416,,,,,,116.7536,38.2917,68.0671,,,,"Duque","","N/A","2008-01-01T00:00:00.000Z","Bay","Gelding","PRE horse (Pura Raza Espanola) - Andalusier","Dressage","","20260119T121135_logfile.itlog","2026-01-19T19:11:35.549Z","In hand","Research",,,
1,"walk","left","soft",288.785,289.465,288.485,289.11,3176.41,3177.09,3176.11,3176.735,1.3219,63.5484,0.9,0.83,0.8,0.83,0.43,0.48,0.56,0.505,183.4967,170.3324,110.8451,101.5487,67.9245,63.3588,60.1504,62.7599,,,,,,,-0.4,-30.26,-0.325,-24.5863,0.3,22.695,0.355,26.8558,73.5201,73.5999,51.4472,58.2688,15.345,13.7544,17.7501,18.9508,32.4996,30.5442,25.1442,29.3894,-41.0205,-43.0558,-26.303,-28.8795,9.1252,0.272,11.9211,9.5131,-6.2198,-13.4825,-5.829,-9.4377,,,-0.1377,1.4028,13.876,0.348,-12.3137,2.5408,0.1871,5.7397,-5.3447,,,,,,131.4131,37.7285,60.0435,,,,"Duque","","N/A","2008-01-01T00:00:00.000Z","Bay","Gelding","PRE horse (Pura Raza Espanola) - Andalusier","Dressage","","20260119T121135_logfile.itlog","2026-01-19T19:11:35.549Z","In hand","Research",,,
1,"walk","left","soft",290.105,290.775,289.785,290.42,3177.73,3178.4,3177.41,3178.045,1.27,63.4843,0.86,0.8,0.795,0.77,0.42,0.48,0.5,0.48,192.3789,185.9567,115.9238,107.7922,67.451,63.3663,62.8458,60.274,,,,,,,-0.32,-25.1969,-0.315,-24.8031,0.32,25.1969,0.355,27.9528,77.7608,73.7883,56.268,61.8991,11.2652,15.268,15.5956,17.2268,35.367,33.8612,27.9196,32.104,-42.3938,-39.9271,-28.3485,-29.7951,6.0589,4.1001,9.7085,6.9865,-5.2063,-11.1679,-5.8871,-10.2403,,,0.1637,-14.3456,-33.7065,0.6102,-16.8315,1.3852,0.0384,-2.7493,-5.0251,,,,,,132.6195,32.8591,71.6063,,,,"Duque","","N/A","2008-01-01T00:00:00.000Z","Bay","Gelding","PRE horse (Pura Raza Espanola) - Andalusier","Dressage","","20260119T121135_logfile.itlog","2026-01-19T19:11:35.549Z","In hand","Research",,,
1,"walk","left","soft",291.375,292.02,291.02,291.725,3179,3179.645,3178.645,3179.35,1.3281,64.8965,0.92,0.905,0.805,0.82,0.41,0.445,0.44,0.535,211.7004,193.1622,139.0714,110.1792,68.2746,66.5441,62.6459,62.1212,,,,,,,-0.245,-18.4471,-0.35,-26.3529,0.355,26.7294,0.295,22.2118,70.8771,74.9022,56.2408,57.9169,14.5599,8.9858,19.9547,12.6064,31.2042,32.9634,26.2009,33.591,-39.6728,-41.9388,-30.0399,-24.326,7.4256,3.3344,13.0499,6.9216,-7.1342,-5.6514,-6.9048,-5.6848,,,0.0226,-10.2745,-12.5299,-0.502,12.9293,-2.5494,-0.0187,-4.3447,-2.9806,,,,,,117.6501,29.7086,77.3805,,,,"Duque","","N/A","2008-01-01T00:00:00.000Z","Bay","Gelding","PRE horse (Pura Raza Espanola) - Andalusier","Dressage","","20260119T121135_logfile.itlog","2026-01-19T19:11:35.549Z","In hand","Research",,,
1,"walk","left","soft",292.74,293.39,292.345,293.01,3180.365,3181.015,3179.97,3180.635,1.2975,64.0117,0.85,0.81,0.81,0.85,0.445,0.465,0.52,0.465,175.997,186.5477,118.9365,106.1226,66.9291,64.4135,60.6742,64.0301,,,,,,,-0.325,-25.0482,-0.27,-20.8092,0.395,30.4432,0.38,29.2871,73.6379,70.2619,54.7968,58.3149,14.5712,14.7356,17.1728,17.4211,33.7069,31.4353,24.0207,28.7596,-39.931,-38.8266,-30.7761,-29.5553,7.897,0.4534,9.423,9.2669,-6.6742,-14.2822,-7.7498,-8.1541,,,-0.1485,-17.3964,0.076,-0.0202,-9.4778,9.0362,-0.0063,-10.8001,-10.3826,,,,,,118.5173,33.33,81.4284,,,,"Duque","","N/A","2008-01-01T00:00:00.000Z","Bay","Gelding","PRE horse (Pura Raza Espanola) - Andalusier","Dressage","","20260119T121135_logfile.itlog","2026-01-19T19:11:35.549Z","In hand","Research",,,
1,"walk","left","soft",293.985,294.63,293.685,294.35,3181.61,3182.255,3181.31,3181.975,1.2838,64.0616,0.87,0.845,0.785,0.79,0.395,0.43,0.53,0.49,207.9292,189.0044,109.91,109.1172,67.7043,65.1252,61.0895,62.3274,,,,,,,-0.295,-22.9796,-0.365,-28.4323,0.3,23.369,0.28,21.8111,71.3732,76.0494,52.9148,58.6787,15.2136,11.3561,19.0103,18.0973,33.9089,33.0134,24.8104,32.3171,-37.4644,-43.036,-28.1045,-26.3616,9.5775,2.0738,13.5391,9.246,-5.6361,-9.2823,-5.4712,-8.8513,,,0.0521,-16.0501,-20.8875,-0.1771,-2.7327,1.7727,0.2453,-3.9959,-21.8103,,,,,,113.2532,42.4366,76.6101,,,,"Duque","","N/A","2008-01-01T00:00:00.000Z","Bay","Gelding","PRE horse (Pura Raza Espanola) - Andalusier","Dressage","","20260119T121135_logfile.itlog","2026-01-19T19:11:35.549Z","In hand","Research",,,
1,"walk","left","soft",295.29,295.95,294.94,295.605,3182.915,3183.575,3182.565,3183.23,1.285,64.2023,0.86,0.805,0.815,0.82,0.435,0.475,0.47,0.465,181.8766,180.4054,124.0553,111.4294,66.9261,63.0137,63.0561,63.8132,,,,,,,-0.31,-24.1245,-0.315,-24.5136,0.35,27.2374,0.345,26.8482,73.3942,76.2818,53.4852,60.3447,11.0645,9.5399,18.0593,15.6479,31.4157,36.1441,23.5402,31.2058,-41.9785,-40.1377,-29.945,-29.1389,6.2718,0.9629,11.4652,7.1746,-4.7927,-8.577,-6.5941,-8.4733,,,-0.1326,-13.8828,-0.5807,0.1779,-15.5715,13.5944,0.1094,-1.5242,-9.3748,,,,,,112.2252,44.5139,73.6445,,,,"Duque","","N/A","2008-01-01T00:00:00.000Z","Bay","Gelding","PRE horse (Pura Raza Espanola) - Andalusier","Dressage","","20260119T121135_logfile.itlog","2026-01-19T19:11:35.549Z","In hand","Research",,,
1,"walk","left","soft",296.565,297.225,296.24,296.89,3184.19,3184.85,3183.865,3184.515,1.3,64.2242,0.87,0.84,0.8,0.83,0.415,0.47,0.485,0.465,203.3392,182.6655,118.8325,113.3598,66.2857,63.2768,62.8684,64.466,,,,,,,-0.29,-22.3077,-0.325,-25,0.325,25,0.335,25.7692,77.574,71.6087,53.6989,61.2206,15.4531,11.1223,19.5396,16.1581,33.8514,29.3133,22.9263,33.6782,-43.7227,-42.2954,-30.7726,-27.5424,11.6245,1.2336,12.1663,8.73,-3.8287,-9.8886,-7.3732,-7.428,,,-0.1651,-18.63,-0.1042,-0.1194,-3.3583,6.4653,0.1974,2.9598,-11.4744,,,,,,125.3216,41.0038,73.1181,,,,"Duque","","N/A","2008-01-01T00:00:00.000Z","Bay","Gelding","PRE horse (Pura Raza Espanola) - Andalusier","Dressage","","20260119T121135_logfile.itlog","2026-01-19T19:11:35.549Z","In hand","Research",,,
1,"walk","left","soft",297.905,298.57,297.5,298.17,3185.53,3186.195,3185.125,3185.795,1.3687,64.7406,0.88,0.9,0.84,0.925,0.47,0.505,0.46,0.45,190.3023,167.5578,126.7416,117.8049,65.0647,63.8298,63.8783,66.1896,,,,,,,-0.275,-20.0913,-0.265,-19.3607,0.405,29.589,0.4,29.2237,68.873,69.3812,56.1208,61.1935,13.656,12.1623,18.3801,14.9697,31.4511,29.9486,26.373,34.9386,-37.4219,-39.4326,-29.7477,-26.2549,9.3861,2.1183,12.1097,6.43,-4.2699,-10.044,-6.2704,-8.5397,,,-0.232,-45.7604,-19.9394,0.1545,-15.2948,16.7031,0.0758,-5.9002,-10.9482,,,,,,131.2563,42.12,72.9088,,,,"Duque","","N/A","2008-01-01T00:00:00.000Z","Bay","Gelding","PRE horse (Pura Raza Espanola) - Andalusier","Dressage","","20260119T121135_logfile.itlog","2026-01-19T19:11:35.549Z","In hand","Research",,,
1,"walk","left","soft",299.26,299.985,298.83,299.59,3186.885,3187.61,3186.455,3187.215,1.5356,68.4357,1.08,1.1,0.97,1.055,0.475,0.515,0.49,0.495,171.9884,157.9274,126.3051,110.0393,70.936,70.2875,64.3449,68.1745,,,,,,,-0.26,-16.9312,-0.33,-21.4896,0.43,28.0016,0.395,25.7224,66.6937,66.4541,51.8954,55.2513,11.8493,5.8888,17.2012,8.352,29.8323,27.1408,24.3305,30.7982,-36.8614,-39.3133,-27.5649,-24.4531,5.4162,3.2529,12.8838,4.0029,-6.4331,-2.6359,-4.3174,-4.349,,,-0.4444,-49.779,0.9841,0.6855,-19.4508,8.2246,0.2674,4.13,-13.6089,,,,,,114.2327,38.8081,66.9313,,,,"Duque","","N/A","2008-01-01T00:00:00.000Z","Bay","Gelding","PRE horse (Pura Raza Espanola) - Andalusier","Dressage","","20260119T121135_logfile.itlog","2026-01-19T19:11:35.549Z","In hand","Research",,,
1,"walk","left","soft",300.75,301.5,300.385,301.135,3188.375,3189.125,3188.01,3188.76,1.4306,67.5544,1.03,0.945,0.945,0.94,0.41,0.415,0.585,0.49,177.0009,183.6573,99.233,98.6297,71.2803,70.1299,62.3762,66.4311,,,,,,,-0.4,-27.9598,-0.385,-26.9113,0.365,25.5133,0.365,25.5133,72.5224,67.6951,48.3757,54.7765,16.379,7.8927,8.0578,8.313,33.1304,27.1935,21.3753,29.5982,-39.392,-40.5016,-27.0004,-25.1783,8.1667,1.6896,7.0088,4.7766,-8.2123,-6.2031,-1.049,-3.5364,,,0.4634,14.036,-18.737,0.0788,-5.0189,-0.5123,,6.6925,-16.3325,,,,,,74.6481,30.1215,57.1624,,,,"Duque","","N/A","2008-01-01T00:00:00.000Z","Bay","Gelding","PRE horse (Pura Raza Espanola) - Andalusier","Dressage","","20260119T121135_logfile.itlog","2026-01-19T19:11:35.549Z","In hand","Research",,,
1,"walk","left","soft",302.2,302.835,301.885,302.535,3189.825,3190.46,3189.51,3190.16,1.3075,64.478,0.87,0.85,0.815,0.835,0.42,0.39,0.555,0.46,193.262,195.8428,95.5001,103.8258,66.0342,66.6667,60.4824,64.7287,,,,,,,-0.385,-29.4455,-0.335,-25.6214,0.315,24.0918,0.3,22.9446,79.5214,77.5893,54.4385,59.6288,18.2876,8.3035,12.1207,11.8029,36.077,34.9171,25.5327,31.1387,-43.4444,-42.6722,-28.9057,-28.4901,10.0093,0.2979,7.432,6.1346,-8.2783,-8.0056,-4.6888,-5.6683,,,0.1075,-3.2052,-11.9494,0.1003,-11.9239,-2.9911,0.0298,-13.375,-14.7762,,,,,,112.1366,48.5805,69.0966,,,,"Duque","","N/A","2008-01-01T00:00:00.000Z","Bay","Gelding","PRE horse (Pura Raza Espanola) - Andalusier","Dressage","","20260119T121135_logfile.itlog","2026-01-19T19:11:35.549Z","In hand","Research",,,
1,"walk","left","soft",303.545,304.145,303.21,303.82,3191.17,3191.77,3190.835,3191.445,1.2775,62.5959,0.81,0.835,0.745,0.81,0.475,0.46,0.51,0.45,195.8318,189.4939,113.0091,115.114,63.1579,64.2308,59.9598,63.035,,,,,,,-0.375,-29.3542,-0.275,-21.5264,0.335,26.2231,0.325,25.4403,72.3613,73.1326,59.5331,62.5219,21.1151,13.2095,16.2372,13.416,32.544,33.0679,28.1109,35.8686,-39.8173,-40.0646,-31.4223,-26.6534,12.4593,1.4799,10.0068,6.8849,-8.6559,-11.7295,-6.2304,-6.5312,,,-0.2581,-30.1699,-1.6294,0.4207,-21.8863,8.2116,-0.2525,,-9.6009,,,,,,122.6324,50.3554,93.27,,,,"Duque","","N/A","2008-01-01T00:00:00.000Z","Bay","Gelding","PRE horse (Pura Raza Espanola) - Andalusier","Dressage","","20260119T121135_logfile.itlog","2026-01-19T19:11:35.549Z","In hand","Research",,,
1,"walk","left","soft",304.825,305.45,304.44,305.13,3192.45,3193.075,3192.065,3192.755,1.2894,63.3981,0.84,0.83,0.8,0.8,0.47,0.47,0.485,0.5,179.0081,173.3708,133.4404,106.8691,64.8649,63.9692,62.6223,62.1359,,,,,,,-0.295,-22.8793,-0.305,-23.6549,0.385,29.8594,0.32,24.8182,74.5228,71.0691,54.7163,60.8224,16.9675,13.0751,16.4263,19.5295,34.0078,30.821,24.2203,35.1107,-40.515,-40.2481,-30.496,-25.7117,8.9769,2.0855,12.0272,9.2659,-7.9906,-10.9896,-4.399,-10.2635,,,-0.3111,-30.3084,7.8469,0.5161,-18.79,3.8121,0.1572,-3.8687,-15.8229,,,,,,122.6572,41.4375,79.8899,,,,"Duque","","N/A","2008-01-01T00:00:00.000Z","Bay","Gelding","PRE horse (Pura Raza Espanola) - Andalusier","Dressage","","20260119T121135_logfile.itlog","2026-01-19T19:11:35.549Z","In hand","Research",,,
1,"walk","left","soft",306.105,306.745,305.71,306.405,3193.73,3194.37,3193.335,3194.03,1.3406,64.4237,0.85,0.895,0.845,0.865,0.44,0.465,0.47,0.475,192.2803,174.5763,124.4236,111.7845,64.6388,65.4479,63.2959,64.3123,,,,,,,-0.26,-19.3939,-0.3,-22.3776,0.395,29.4639,0.34,25.3613,69.4458,69.7312,56.7173,58.2427,15.616,11.2556,16.197,14.2994,28.7538,27.4273,25.2031,31.1967,-40.692,-42.3039,-31.5142,-27.046,8.2943,1.4948,11.2121,6.4248,-7.3216,-9.7607,-4.9849,-7.8746,,,-0.1267,-12.8486,1.5513,0.2258,-15.4337,5.4702,0.1345,0.3654,-9.7801,,,,,,115.0823,38.0867,75.4477,,,,"Duque","","N/A","2008-01-01T00:00:00.000Z","Bay","Gelding","PRE horse (Pura Raza Espanola) - Andalusier","Dressage","","20260119T121135_logfile.itlog","2026-01-19T19:11:35.549Z","In hand","Research",,,
1,"walk","left","soft",307.445,308.12,307.065,307.755,3195.07,3195.745,3194.69,3195.38,1.3325,63.3244,0.865,0.835,0.82,0.855,0.49,0.48,0.51,0.485,175.8006,171.877,121.6761,107.1216,64.794,63.4981,61.0801,63.9252,,,,,,,-0.32,-24.015,-0.31,-23.2645,0.38,28.5178,0.365,27.3921,77.379,73.3702,57.2235,58.6655,11.6497,12.0365,16.1931,17.6471,33.4309,32.6994,27.7277,31.695,-43.9482,-40.6708,-29.4957,-26.9705,7.0667,3.1053,10.7496,9.0947,-4.583,-8.9312,-5.4435,-8.5524,,,-0.38,-23.4687,16.271,0.3003,-13.0836,11.2633,-0.0698,-13.2033,-8.9494,,,,,,116.1993,40.0807,73.6019,,,,"Duque","","N/A","2008-01-01T00:00:00.000Z","Bay","Gelding","PRE horse (Pura Raza Espanola) - Andalusier","Dressage","","20260119T121135_logfile.itlog","2026-01-19T19:11:35.549Z","In hand","Research",,,
1,"walk","left","soft",308.76,309.435,308.42,309.09,3196.385,3197.06,3196.045,3196.715,1.27,63.6794,0.87,0.785,0.795,0.785,0.45,0.48,0.535,0.48,207.5406,175.2598,119.9366,104.7874,66.7946,63.9511,60.9195,63.0522,,,,,,,-0.3,-23.622,-0.33,-25.9843,0.34,26.7717,0.345,27.1654,73.697,79.5384,52.8501,63.1319,12.449,11.5201,15.1135,16.9681,29.5045,35.909,22.4021,33.3547,-44.1925,-43.6294,-30.4479,-29.7772,5.4775,1.5191,10.0502,8.4813,-6.9715,-10.0011,-5.0633,-8.4868,,,0.1018,-9.5068,-20.6622,0.6302,-19.5962,-5.1887,0.1957,-6.0435,-18.4416,,,,,,128.165,39.9265,79.0287,,,,"Duque","","N/A","2008-01-01T00:00:00.000Z","Bay","Gelding","PRE horse (Pura Raza Espanola) - Andalusier","Dressage","","20260119T121135_logfile.itlog","2026-01-19T19:11:35.549Z","In hand","Research",,,
1,"walk","left","soft",310.045,310.625,309.7,310.315,3197.67,3198.25,3197.325,3197.94,1.1975,62.9479,0.78,0.775,0.725,0.735,0.415,0.405,0.485,0.44,207.1067,223.2773,118.5317,129.4585,65.6842,64.3154,60.6695,61.1227,,,,,,,-0.265,-22.1294,-0.27,-22.547,0.345,28.81,0.31,25.8873,76.5227,72.9473,58.4212,62.8184,11.3552,15.5489,17.6438,19.602,34.2146,30.2112,25.6168,31.7502,-42.3082,-42.7361,-32.8044,-31.0681,7.2151,0.4448,11.9019,11.7309,-4.1402,-15.1041,-5.7419,-7.871,,,-0.1515,-8.0736,11.285,-0.1965,-4.2823,2.1928,0.1458,-9.7132,-21.2405,,,,,,144.8565,33.2283,88.7519,,,,"Duque","","N/A","2008-01-01T00:00:00.000Z","Bay","Gelding","PRE horse (Pura Raza Espanola) - Andalusier","Dressage","","20260119T121135_logfile.itlog","2026-01-19T19:11:35.549Z","In hand","Research",,,
1,"walk","left","soft",311.225,311.855,310.88,311.545,3198.85,3199.48,3198.505,3199.17,1.2325,63.486,0.82,0.78,0.78,0.75,0.4,0.455,0.455,0.495,212.6296,185.3328,137.4387,113.9249,66.2626,63.4146,63.4146,60.8519,,,,,,,-0.255,-20.6897,-0.32,-25.9635,0.345,27.9919,0.31,25.1521,78.2778,78.091,59.3302,62.5623,17.2133,9.6379,18.7676,20.9115,36.7211,38.2093,27.3513,31.5887,-41.5568,-39.8816,-31.9789,-30.9736,10.3265,2.0092,11.6445,10.4717,-6.8868,-7.6287,-7.1232,-10.4398,,,0.0257,33.5089,30.2318,-0.1335,-9.8556,6.9842,-0.0568,-9.9202,-5.1901,,,,,,157.9572,,88.406,,,,"Duque","","N/A","2008-01-01T00:00:00.000Z","Bay","Gelding","PRE horse (Pura Raza Espanola) - Andalusier","Dressage","","20260119T121135_logfile.itlog","2026-01-19T19:11:35.549Z","In hand","Research",,,
1,"walk","left","soft",312.48,313.08,312.105,312.765,3200.105,3200.705,3199.73,3200.39,1.2506,63.7654,0.81,0.83,0.785,0.765,0.435,0.445,0.445,0.47,197.0826,188.7892,139.6526,121.9557,65.587,64.466,63.5628,61.4458,,,,,,,-0.25,-19.99,-0.285,-22.7886,0.375,29.985,0.315,25.1874,76.4904,74.4962,57.5721,61.0527,10.2146,14.6027,19.9982,19.0601,34.481,32.6323,24.0604,31.0659,-42.0095,-41.864,-33.5117,-29.9868,6.3652,0.8791,13.83,9.2475,-3.8494,-13.7236,-6.1682,-9.8125,,,0.0974,22.8442,11.2424,0.2526,-17.2995,10.5304,-0.0268,-10.8728,-8.8483,,,,,,138.2866,,86.1755,,,,"Duque","","N/A","2008-01-01T00:00:00.000Z","Bay","Gelding","PRE horse (Pura Raza Espanola) - Andalusier","Dressage","","20260119T121135_logfile.itlog","2026-01-19T19:11:35.549Z","In hand","Research",,,
1,"walk","left","soft",313.705,314.38,313.345,314.02,3201.33,3202.005,3200.97,3201.645,1.3,63.7607,0.875,0.8,0.815,0.825,0.415,0.47,0.455,0.49,202.8243,182.8301,139.5225,113.5977,67.6983,62.6223,62.6923,62.0301,,,,,,,-0.265,-20.3846,-0.315,-24.2308,0.36,27.6923,0.36,27.6923,75.3177,74.7935,55.2646,59.7322,15.8381,14.4029,20.1805,15.3896,34.2339,35.9742,24.2089,31.1917,-41.0839,-38.8194,-31.0557,-28.5404,9.6279,2.1858,12.0606,8.5682,-6.2102,-12.2171,-8.1199,-6.8214,,,-0.0958,-27.6482,-16.3025,-0.0849,-10.3067,13.4737,0.0807,-6.6149,-12.9345,,,,,,134.7738,40.7032,84.9638,,,,"Duque","","N/A","2008-01-01T00:00:00.000Z","Bay","Gelding","PRE horse (Pura Raza Espanola) - Andalusier","Dressage","","20260119T121135_logfile.itlog","2026-01-19T19:11:35.549Z","In hand","Research",,,
1,"walk","left","soft",315,315.665,314.675,315.365,3202.625,3203.29,3202.3,3202.99,1.2587,63.0446,0.85,0.79,0.79,0.745,0.42,0.485,0.515,0.52,199.7427,175.1443,118.3168,101.6237,66.7976,63.5815,61.7187,60.0806,,,,,,,-0.295,-23.4359,-0.365,-28.997,0.325,25.8193,0.3,23.8332,76.6409,69.2432,57.1439,62.027,12.4752,15.1947,17.6326,14.1219,33.448,30.1578,26.183,34.3985,-43.1929,-39.0854,-30.9608,-27.6284,6.4362,1.7695,11.514,7.4901,-6.039,-13.4252,-6.1187,-6.6319,,,0.0202,-3.7873,-6.003,0.5004,-17.4225,4.1291,-0.096,-11.1557,-3.8442,,,,,,120.9558,44.4881,81.4606,,,,"Duque","","N/A","2008-01-01T00:00:00.000Z","Bay","Gelding","PRE horse (Pura Raza Espanola) - Andalusier","Dressage","","20260119T121135_logfile.itlog","2026-01-19T19:11:35.549Z","In hand","Research",,,
1,"walk","left","soft",316.275,316.875,315.93,316.58,3203.9,3204.5,3203.555,3204.205,1.285,64.4735,0.815,0.89,0.79,0.82,0.425,0.42,0.465,0.47,209.6153,187.7976,130.6713,109.2109,65.0699,67.2968,62.4506,63.0769,,,,,,,-0.265,-20.6226,-0.305,-23.7354,0.345,26.8482,0.295,22.9572,69.2064,71.827,55.9521,58.0008,11.7704,8.1589,15.8886,13.7399,30.1171,33.932,26.6734,30.6233,-39.0893,-37.8951,-29.2787,-27.3775,7.8842,1.1057,9.8872,7.0093,-3.8863,-7.0532,-6.0014,-6.7306,,,-0.2483,-5.9648,22.6651,-0.194,-4.4952,5.8498,0.2059,6.0262,-9.7238,,,,,,116.1768,43.1815,76.4859,,,,"Duque","","N/A","2008-01-01T00:00:00.000Z","Bay","Gelding","PRE horse (Pura Raza Espanola) - Andalusier","Dressage","","20260119T121135_logfile.itlog","2026-01-19T19:11:35.549Z","In hand","Research",,,
1,"walk","left","soft",317.54,318.21,317.205,317.89,3205.165,3205.835,3204.83,3205.515,1.2875,63.9654,0.865,0.805,0.835,0.79,0.45,0.445,0.485,0.49,181.6228,175.2355,120.2998,100.4575,66.2835,63.5108,63.8623,62.2047,,,,,,,-0.33,-25.6311,-0.35,-27.1845,0.335,26.0194,0.32,24.8544,76.8411,73.4842,53.1606,62.8481,13.3933,11.0116,14.8881,18.2701,34.0828,31.6999,22.3819,33.1206,-42.7583,-41.7843,-30.7787,-29.7274,7.5043,1.7084,8.9132,9.0797,-5.889,-9.3032,-5.9749,-9.1904,,,-0.2724,-6.4806,25.0751,0.1121,-11.4735,4.1668,0.2284,3.9913,-11.8484,,,,,,121.1895,46.9767,75.3009,,,,"Duque","","N/A","2008-01-01T00:00:00.000Z","Bay","Gelding","PRE horse (Pura Raza Espanola) - Andalusier","Dressage","","20260119T121135_logfile.itlog","2026-01-19T19:11:35.549Z","In hand","Research",,,
1,"walk","left","soft",318.835,319.495,318.5,319.15,3206.46,3207.12,3206.125,3206.775,1.2688,63.5451,0.845,0.785,0.795,0.8,0.43,0.48,0.46,0.47,201.4964,178.6646,123.873,120.0169,66.5354,62.3016,62.5984,62.7451,,,,,,,-0.29,-22.8571,-0.315,-24.8276,0.335,26.4039,0.345,27.1921,71.6496,71.6349,57.4869,58.8301,10.2883,9.8559,17.4826,16.7555,29.0674,31.1396,25.4838,29.3766,-42.5822,-40.4953,-32.0031,-29.4535,6.9673,0.7036,11.1656,8.0701,-3.321,-9.1523,-6.317,-8.6854,,,-0.0473,2.4428,8.1607,0.4251,-15.1927,6.0826,0.1023,-1.8316,-9.5336,,,,,,124.7409,46.9731,77.3352,,,,"Duque","","N/A","2008-01-01T00:00:00.000Z","Bay","Gelding","PRE horse (Pura Raza Espanola) - Andalusier","Dressage","","20260119T121135_logfile.itlog","2026-01-19T19:11:35.549Z","In hand","Research",,,
1,"walk","left","soft",320.1,320.75,319.785,320.43,3207.725,3208.375,3207.41,3208.055,1.2556,63.0206,0.84,0.81,0.755,0.76,0.42,0.47,0.49,0.48,200.8404,177.2489,128.5306,108.0559,67.2,64.0316,59.6838,61.167,,,,,,,-0.29,-23.0961,-0.33,-26.2817,0.315,25.0871,0.32,25.4853,74.1554,75.4703,54.582,59.41,12.4902,10.2397,21.3469,16.5315,32.1639,35.0609,25.3811,30.9796,-41.9915,-40.4094,-29.2009,-28.4304,8.2928,1.6148,13.1418,8.2588,-4.1974,-8.625,-8.2051,-8.2726,,,-0.0468,-5.0765,0.652,0.0819,-7.3873,-0.1969,0.0441,-9.5227,-12.5289,,,,,,123.0675,37.1625,80.7917,,,,"Duque","","N/A","2008-01-01T00:00:00.000Z","Bay","Gelding","PRE horse (Pura Raza Espanola) - Andalusier","Dressage","","20260119T121135_logfile.itlog","2026-01-19T19:11:35.549Z","In hand","Research",,,
1,"walk","left","soft",321.34,322,321.07,321.675,3208.965,3209.625,3208.695,3209.3,1.2531,63.3215,0.855,0.82,0.73,0.77,0.4,0.44,0.53,0.485,209.4753,193.3472,116.0202,108.7688,67.992,64.9505,59.7137,60.6299,,,,,,,-0.32,-25.5362,-0.335,-26.7332,0.27,21.5461,0.325,25.9352,75.8817,73.6922,53.1734,59.8196,8.9581,9.6341,16.009,13.3524,33.0375,32.8058,25.6143,30.3305,-42.8442,-40.8864,-27.5591,-29.4891,6.007,2.2904,10.4928,7.1909,-2.9511,-7.3437,-5.5162,-6.1615,,,0.0051,-7.5701,-8.162,-0.2229,-0.9533,5.3483,0.1623,0.7853,-12.3024,,,,,,125.169,37.4059,80.6445,,,,"Duque","","N/A","2008-01-01T00:00:00.000Z","Bay","Gelding","PRE horse (Pura Raza Espanola) - Andalusier","Dressage","","20260119T121135_logfile.itlog","2026-01-19T19:11:35.549Z","In hand","Research",,,
1,"walk","left","soft",322.6,323.265,322.255,322.96,3210.225,3210.89,3209.88,3210.585,1.2263,63.2594,0.845,0.755,0.79,0.715,0.405,0.445,0.455,0.515,210.4814,187.21,122.765,102.1807,67.3307,62.5259,63.9676,59.2133,,,,,,,-0.255,-20.7951,-0.36,-29.3578,0.345,28.1346,0.305,24.8726,76.9834,75.3195,58.0727,60.7747,16.5998,15.3654,16.3176,17.4676,35.0146,33.6159,26.4151,32.957,-41.9688,-41.7036,-31.6576,-27.8177,10.6822,1.3603,10.7303,9.5752,-5.9176,-14.0051,-5.5873,-7.8923,,,-0.2094,-10.9495,15.2665,0.0236,-7.5805,12.5456,0.0217,-10.4218,-11.9864,,,,,,136.5594,36.9538,84.0059,,,,"Duque","","N/A","2008-01-01T00:00:00.000Z","Bay","Gelding","PRE horse (Pura Raza Espanola) - Andalusier","Dressage","","20260119T121135_logfile.itlog","2026-01-19T19:11:35.549Z","In hand","Research",,,
1,"walk","left","soft",323.86,324.48,323.48,324.145,3211.485,3212.105,3211.105,3211.77,1.2456,64.0253,0.825,0.79,0.8,0.775,0.415,0.46,0.435,0.47,207.274,191.2876,133.5493,117.9554,66.3984,62.9482,64.1283,62.6263,,,,,,,-0.215,-17.2604,-0.285,-22.8801,0.38,30.5068,0.335,26.8941,75.5309,70.1833,56.2363,63.9639,15.3783,11.3584,17.0663,16.3124,33.5867,29.6235,23.7412,35.382,-41.9441,-40.5599,-32.4951,-28.5818,8.9222,1.2687,10.5132,8.519,-6.4561,-10.0897,-6.5531,-7.7934,,,-0.1042,-20.223,-6.5197,0.4765,-17.5096,6.4377,0.1062,5.0114,-3.9082,,,,,,138.0287,37.2754,83.985,,,,"Duque","","N/A","2008-01-01T00:00:00.000Z","Bay","Gelding","PRE horse (Pura Raza Espanola) - Andalusier","Dressage","","20260119T121135_logfile.itlog","2026-01-19T19:11:35.549Z","In hand","Research",,,
1,"walk","left","soft",325.105,325.74,324.74,325.375,3212.73,3213.365,3212.365,3213,1.26,64.2805,0.85,0.785,0.775,0.83,0.42,0.47,0.46,0.455,204.7906,182.6727,130.554,119.2464,67.5944,62.3016,62,65.2259,,,,,,,-0.26,-20.6349,-0.27,-21.4286,0.365,28.9683,0.365,28.9683,72.9157,72.8711,57.4841,61.1636,15.7187,12.3699,19.9699,14.5761,32.145,30.6589,26.6232,33.4166,-40.7707,-42.2121,-30.8609,-27.7471,8.4114,2.1076,12.1165,6.5082,-7.3073,-10.2623,-7.8534,-8.0679,,,-0.3318,-25.8399,17.5137,0.6313,-19.561,5.2232,0.0124,-2.0771,-3.057,,,,,,135.3924,35.6883,87.6112,,,,"Duque","","N/A","2008-01-01T00:00:00.000Z","Bay","Gelding","PRE horse (Pura Raza Espanola) - Andalusier","Dressage","","20260119T121135_logfile.itlog","2026-01-19T19:11:35.549Z","In hand","Research",,,
1,"walk","left","soft",326.35,327.005,326.005,326.635,3213.975,3214.63,3213.63,3214.26,1.2906,64.3159,0.86,0.83,0.795,0.835,0.395,0.48,0.49,0.43,210.7353,187.874,129.4671,124.1857,67.0565,63.2381,61.9883,64.9805,,,,,,,-0.265,-20.5327,-0.285,-22.0823,0.345,26.7312,0.37,28.6683,73.0365,74.0708,54.439,58.3471,14.8076,11.9681,16.7102,15.3571,31.4023,33.656,24.753,28.9397,-41.6342,-40.4148,-29.686,-29.4074,10.5632,0.5818,11.1884,7.4223,-4.2445,-11.3863,-5.5218,-7.9347,,,-0.3072,-8.012,30.4828,0.4923,-18.4082,-3.8533,0.3395,8.6659,-18.7032,,,,,,125.3273,37.0032,80.625,,,,"Duque","","N/A","2008-01-01T00:00:00.000Z","Bay","Gelding","PRE horse (Pura Raza Espanola) - Andalusier","Dressage","","20260119T121135_logfile.itlog","2026-01-19T19:11:35.549Z","In hand","Research",,,
1,"walk","left","soft",327.66,328.32,327.285,327.94,3215.285,3215.945,3214.91,3215.565,1.2987,64.3048,0.855,0.82,0.84,0.825,0.45,0.485,0.485,0.47,187.0843,176.7873,129.6077,113.0931,66.2791,64.5669,63.3962,62.9771,,,,,,,-0.28,-21.5592,-0.28,-21.5592,0.375,28.8739,0.38,29.2589,71.8071,76.5096,53.1842,60.8633,13.0189,9.1174,13.7085,14.1554,31.3178,37.2744,24.3537,30.7648,-40.4893,-39.2352,-28.8305,-30.0985,7.0866,3.2069,9.4272,7.3315,-5.9324,-5.9104,-4.2812,-6.8239,,,0.1801,18.561,2.0837,0.5195,-17.0426,0.6412,0.1792,7.297,-4.4331,,,,,,128.8192,35.5051,71.9952,,,,"Duque","","N/A","2008-01-01T00:00:00.000Z","Bay","Gelding","PRE horse (Pura Raza Espanola) - Andalusier","Dressage","","20260119T121135_logfile.itlog","2026-01-19T19:11:35.549Z","In hand","Research",,,
1,"walk","left","soft",328.935,329.555,328.61,329.265,3216.56,3217.18,3216.235,3216.89,1.2494,63.1126,0.805,0.83,0.765,0.755,0.42,0.415,0.485,0.5,188.2544,198.0505,121.6749,105.0487,64.0159,65.4832,61.6935,61.2576,,,,,,,-0.29,-23.2116,-0.33,-26.4132,0.325,26.013,0.29,23.2116,78.7708,75.511,57.4348,59.4612,15.65,9.9525,16.9641,10.9812,34.6558,33.4852,26.7934,32.3042,-44.1149,-42.0258,-30.6414,-27.157,8.9429,2.5893,11.1682,5.554,-6.7072,-7.3631,-5.7959,-5.4272,,,-0.3949,-13.0801,,-0.0765,-5.1565,0.5638,-0.0215,-6.8506,-5.2711,,,,,,140.0417,35.148,82.4972,,,,"Duque","","N/A","2008-01-01T00:00:00.000Z","Bay","Gelding","PRE horse (Pura Raza Espanola) - Andalusier","Dressage","","20260119T121135_logfile.itlog","2026-01-19T19:11:35.549Z","In hand","Research",,,
1,"walk","left","soft",330.225,330.845,329.84,330.475,3217.85,3218.47,3217.465,3218.1,1.2569,63.0517,0.795,0.78,0.79,0.805,0.485,0.46,0.465,0.455,192.1436,189.8589,130.0245,113.575,63.3466,62.6506,62.9482,63.2613,,,,,,,-0.285,-22.6753,-0.25,-19.8906,0.385,30.6315,0.37,29.4381,73.816,72.473,61.5454,62.9582,16.2245,11.89,13.4955,11.8011,31.4513,31.9256,29.3997,32.3271,-42.3646,-40.5475,-32.1457,-30.6311,6.6998,1.4229,9.3089,5.5919,-9.5247,-10.467,-4.1866,-6.2092,,,-0.2386,-1.1465,31.0644,0.4401,-17.2028,9.1989,-0.0903,-15.4743,-8.4755,,,,,,149.798,39.9935,88.2548,,,,"Duque","","N/A","2008-01-01T00:00:00.000Z","Bay","Gelding","PRE horse (Pura Raza Espanola) - Andalusier","Dressage","","20260119T121135_logfile.itlog","2026-01-19T19:11:35.549Z","In hand","Research",,,
1,"walk","left","soft",331.455,332.095,331.095,331.76,3219.08,3219.72,3218.72,3219.385,1.275,63.5283,0.85,0.805,0.785,0.8,0.435,0.47,0.465,0.48,196.7711,186.9354,137.3903,112.6763,66.6667,62.6459,62.0553,62.7451,,,,,,,-0.25,-19.6078,-0.305,-23.9216,0.36,28.2353,0.335,26.2745,71.3188,69.0187,57.5706,59.1873,16.8815,14.2233,16.8064,24.7884,34.6883,32.2765,25.6966,32.654,-36.6305,-36.7422,-31.874,-26.5332,11.3885,0.5823,9.3692,13.533,-5.493,-13.641,-7.4373,-11.2554,,,-0.2797,-26.8605,11.7859,0.4232,-13.8878,5.8871,0.1411,1.7967,-10.1028,,,,,,138.1693,30.4827,84.3169,,,,"Duque","","N/A","2008-01-01T00:00:00.000Z","Bay","Gelding","PRE horse (Pura Raza Espanola) - Andalusier","Dressage","","20260119T121135_logfile.itlog","2026-01-19T19:11:35.549Z","In hand","Research",,,
1,"walk","left","soft",332.72,333.39,332.375,333.03,3220.345,3221.015,3220,3220.655,1.32,64.5795,0.885,0.845,0.825,0.855,0.415,0.49,0.495,0.47,187.3874,164.4437,124.012,112.7174,66.9187,64.1366,63.0975,64.1651,,,,,,,-0.28,-21.2121,-0.31,-23.4848,0.345,26.1364,0.36,27.2727,74.6352,72.971,52.8093,60.9067,15.7518,12.1313,17.6685,18.065,33.1921,29.568,24.6134,33.1115,-41.4431,-43.403,-28.1959,-27.7952,8.5466,2.2737,12.8305,8.1967,-7.2053,-9.8576,-4.838,-9.8683,,,0.0949,5.7359,-4.578,0.3587,-8.8133,-5.6043,0.3189,13.1965,-12.3328,,,,,,119.7452,33.7259,80.3801,,,,"Duque","","N/A","2008-01-01T00:00:00.000Z","Bay","Gelding","PRE horse (Pura Raza Espanola) - Andalusier","Dressage","","20260119T121135_logfile.itlog","2026-01-19T19:11:35.549Z","In hand","Research",,,
1,"walk","left","soft",334.065,334.69,333.67,334.37,3221.69,3222.315,3221.295,3221.995,1.3088,63.6169,0.845,0.845,0.815,0.825,0.46,0.455,0.47,0.485,188.9967,189.5953,123.9166,109.4333,65.3772,63.5338,62.0952,63.4615,,,,,,,-0.28,-21.3945,-0.305,-23.3047,0.395,30.1815,0.32,24.4508,74.3131,73.2546,56.5402,58.7071,16.1588,13.752,17.5382,14.5502,32.4034,33.09,26.5549,33.6169,-41.9097,-40.1647,-29.9853,-25.0902,6.3179,2.3385,11.8186,7.4125,-9.8409,-11.4136,-5.7195,-7.1377,,,-0.1983,-27.8814,-5.1434,-0.3688,8.0422,4.9771,0.1706,5.8523,-6.931,,,,,,134.604,35.4127,74.9175,,,,"Duque","","N/A","2008-01-01T00:00:00.000Z","Bay","Gelding","PRE horse (Pura Raza Espanola) - Andalusier","Dressage","","20260119T121135_logfile.itlog","2026-01-19T19:11:35.549Z","In hand","Research",,,
1,"walk","left","soft",335.345,336.05,335.01,335.66,3222.97,3223.675,3222.635,3223.285,1.3156,63.8394,0.88,0.815,0.805,0.86,0.435,0.515,0.525,0.465,200.8978,171.7567,119.8945,108.1106,66.6667,62.4521,61.3333,64.9057,,,,,,,-0.32,-24.323,-0.315,-23.943,0.335,25.4632,0.39,29.6437,74.9012,73.1438,54.8635,61.5078,9.628,10.8085,14.6606,19.735,31.568,35.2461,26.7229,32.2193,-43.3331,-37.8977,-28.1407,-29.2884,4.8964,3.061,9.6955,10.1986,-4.7316,-7.7474,-4.9651,-9.5364,,,,-49.1288,23.7447,0.4752,-17.0719,-4.5497,0.234,1.1777,-14.0208,,,,,,134.5992,37.2058,76.0686,,,,"Duque","","N/A","2008-01-01T00:00:00.000Z","Bay","Gelding","PRE horse (Pura Raza Espanola) - Andalusier","Dressage","","20260119T121135_logfile.itlog","2026-01-19T19:11:35.549Z","In hand","Research",,,
1,"walk","left","soft",336.67,337.33,336.305,336.985,3224.295,3224.955,3223.93,3224.61,1.2869,62.8375,0.85,0.795,0.815,0.775,0.445,0.465,0.49,0.465,196.797,176.621,120.3032,119.6755,65.5106,62.7219,62.2137,60.9037,,,,,,,-0.255,-19.8154,-0.315,-24.4779,0.365,28.3633,0.345,26.8091,74.6263,76.4955,55.0974,60.5942,15.716,12.3107,17.0497,11.8463,34.2667,35.5812,22.7582,29.5911,-40.3596,-40.9143,-32.3392,-31.0031,8.3476,0.5417,10.4486,7.3585,-7.3683,-11.7689,-6.6012,-4.4878,,,-0.0417,-5.8119,-1.4597,0.1118,-9.0103,-0.4276,0.2716,5.5265,-15.1337,,,,,,119.6873,39.8316,76.9089,,,,"Duque","","N/A","2008-01-01T00:00:00.000Z","Bay","Gelding","PRE horse (Pura Raza Espanola) - Andalusier","Dressage","","20260119T121135_logfile.itlog","2026-01-19T19:11:35.549Z","In hand","Research",,,
1,"walk","left","soft",337.97,338.605,337.62,338.29,3225.595,3226.23,3225.245,3225.915,1.2825,62.6974,0.835,0.82,0.79,0.77,0.45,0.48,0.5,0.53,189.6084,182.7287,121.2725,100.0744,66.5339,63.3205,60.3053,60.6299,,,,,,,-0.29,-22.6121,-0.32,-24.9513,0.35,27.2904,0.315,24.5614,79.4303,73.6375,53.2854,60.9086,9.0482,10.4394,20.7132,21.7875,36.8059,34.8623,25.0154,32.5085,-42.6244,-38.7752,-28.27,-28.4001,5.7662,1.7962,12.6761,12.1443,-3.282,-8.6433,-8.0371,-9.6432,,,0.1545,5.9195,-12.5742,0.4508,-16.7115,7.143,0.0448,0.5056,-2.8653,,,,,,120.937,39.6498,80.8835,,,,"Duque","","N/A","2008-01-01T00:00:00.000Z","Bay","Gelding","PRE horse (Pura Raza Espanola) - Andalusier","Dressage","","20260119T121135_logfile.itlog","2026-01-19T19:11:35.549Z","In hand","Research",,,
1,"walk","left","soft",339.195,339.895,338.95,339.53,3226.82,3227.52,3226.575,3227.155,1.3006,63.7606,0.9,0.84,0.735,0.845,0.39,0.47,0.54,0.47,223.9322,179.2881,117.7204,117.7435,68.8337,63.7571,59.2742,63.1776,,,,,,,-0.345,-26.5257,-0.335,-25.7568,0.245,18.8371,0.365,28.0634,72.0345,70.8161,54.1908,59.4419,10.6196,13.5759,18.4384,15.5105,33.0318,30.9094,27.788,29.9735,-39.0027,-39.9066,-26.4028,-29.4684,7.0217,1.598,12.0542,8.3791,-3.5979,-11.9779,-6.3841,-7.1314,,,-0.3564,-21.2582,20.6793,-0.1593,-4.2123,3.6084,0.271,5.2157,-16.702,,,,,,117.6685,39.4995,80.8871,,,,"Duque","","N/A","2008-01-01T00:00:00.000Z","Bay","Gelding","PRE horse (Pura Raza Espanola) - Andalusier","Dressage","","20260119T121135_logfile.itlog","2026-01-19T19:11:35.549Z","In hand","Research",,,
1,"walk","left","soft",340.52,341.22,340.155,340.89,3228.145,3228.845,3227.78,3228.515,1.3162,63.7084,0.905,0.8,0.85,0.8,0.425,0.485,0.47,0.515,186.3221,168.4335,122.8071,101.7671,68.3019,62.1359,63.7899,60.6061,,,,,,,-0.26,-19.7531,-0.37,-28.1102,0.365,27.7303,0.33,25.0712,74.7733,75.0874,56.5551,59.9113,14.6688,11.6456,16.1481,11.5754,34.2514,35.6163,25.1915,32.7035,-40.5219,-39.4712,-31.3636,-27.2078,8.4864,2.9289,10.3316,7.0203,-6.1824,-8.7167,-5.8165,-4.5551,,,0.0609,1.1667,-4.5702,0.0864,-11.0945,9.2053,0.0476,-11.6603,-14.9013,,,,,,109.8206,45.1645,79.7877,,,,"Duque","","N/A","2008-01-01T00:00:00.000Z","Bay","Gelding","PRE horse (Pura Raza Espanola) - Andalusier","Dressage","","20260119T121135_logfile.itlog","2026-01-19T19:11:35.549Z","In hand","Research",,,
1,"walk","left","soft",341.84,342.51,341.5,342.215,3229.465,3230.135,3229.125,3229.84,1.2681,63.4588,0.86,0.815,0.805,0.74,0.415,0.49,0.495,0.525,198.1145,171.5299,119.197,100.1382,67.7165,63.7965,62.4031,59.919,,,,,,,-0.28,-22.0798,-0.375,-29.5712,0.34,26.8112,0.295,23.2627,71.3414,73.9907,55.7365,61.5727,11.5579,11.1879,18.6604,21.085,30.2639,35.8975,23.3943,35.8442,-41.0775,-38.0932,-32.3422,-25.7285,7.9761,0.4492,11.3485,13.0868,-3.5818,-10.7387,-7.312,-7.9982,,,-0.2403,-3.7024,22.6829,0.3712,-14.776,3.2791,0.0622,-6.8981,-11.1293,,,,,,124.7972,44.9753,81.9628,,,,"Duque","","N/A","2008-01-01T00:00:00.000Z","Bay","Gelding","PRE horse (Pura Raza Espanola) - Andalusier","Dressage","","20260119T121135_logfile.itlog","2026-01-19T19:11:35.549Z","In hand","Research",,,
1,"walk","left","soft",343.105,343.76,342.78,343.42,3230.73,3231.385,3230.405,3231.045,1.2581,64.171,0.855,0.805,0.785,0.785,0.405,0.435,0.475,0.465,197.0685,187.1055,121.9808,112.8265,67.1906,64.0159,63.0522,62.4254,,,,,,,-0.27,-21.4605,-0.315,-25.0373,0.325,25.8321,0.34,27.0243,72.9563,65.8278,56.7638,58.0517,11.075,12.797,17.1489,18.9782,33.0582,25.9958,26.9059,29.1083,-39.8981,-39.832,-29.8579,-28.9434,8.6327,1.5403,11.026,9.0133,-2.4423,-11.2567,-6.1229,-9.965,,,-0.2188,-7.211,20.0978,0.0535,-3.3838,4.1374,0.1755,6.1831,-8.1984,,,,,,124.8076,32.2873,81.9691,,,,"Duque","","N/A","2008-01-01T00:00:00.000Z","Bay","Gelding","PRE horse (Pura Raza Espanola) - Andalusier","Dressage","","20260119T121135_logfile.itlog","2026-01-19T19:11:35.549Z","In hand","Research",,,
1,"walk","left","soft",344.39,345.035,344.01,344.685,3232.015,3232.66,3231.635,3232.31,1.2631,63.5357,0.795,0.79,0.815,0.81,0.43,0.47,0.445,0.48,193.4974,179.3235,134.6505,109.5031,64.2424,62.6984,63.5478,63.6542,,,,,,,-0.25,-19.7922,-0.295,-23.3548,0.38,30.0841,0.35,27.7091,76.7179,77.6825,52.2605,57.7496,15.0483,9.5595,17.9092,14.3662,37.0234,38.8345,22.4122,30.8197,-39.6945,-38.848,-29.8484,-26.9299,7.6381,2.8717,11.565,7.2864,-7.4101,-6.6878,-6.3442,-7.0798,,,0.1078,1.2084,-11.9579,-0.0411,-11.0088,3.7671,0.0772,-1.1328,-6.9955,,,,,,122.1163,,77.0829,,,,"Duque","","N/A","2008-01-01T00:00:00.000Z","Bay","Gelding","PRE horse (Pura Raza Espanola) - Andalusier","Dressage","","20260119T121135_logfile.itlog","2026-01-19T19:11:35.549Z","In hand","Research",,,
1,"walk","left","soft",345.64,346.295,345.315,345.94,3233.265,3233.92,3232.94,3233.565,1.2956,63.9536,0.87,0.83,0.785,0.83,0.455,0.47,0.49,0.445,187.6587,177.2114,116.6293,114.3122,66.5392,64.2166,61.0895,63.9692,,,,,,,-0.28,-21.6112,-0.3,-23.1548,0.325,25.0844,0.355,27.3999,69.7021,69.3743,57.1723,60.2472,12.1545,12.5126,16.6942,12.4566,27.1811,29.8214,27.2569,29.2875,-42.521,-39.5529,-29.9154,-30.9597,5.0114,0.2333,11.0915,4.4375,-7.1431,-12.2793,-5.6027,-8.0191,,,0.2437,0.8877,-27.8141,0.494,-25.2692,3.0308,-0.1721,-12.04,-1.3479,,,,,,128.2833,,66.5081,,,,"Duque","","N/A","2008-01-01T00:00:00.000Z","Bay","Gelding","PRE horse (Pura Raza Espanola) - Andalusier","Dressage","","20260119T121135_logfile.itlog","2026-01-19T19:11:35.549Z","In hand","Research",,,
1,"walk","left","soft",346.93,347.58,346.61,347.26,3234.555,3235.205,3234.235,3234.885,1.2925,63.7285,0.87,0.83,0.77,0.825,0.42,0.455,0.51,0.49,195.5037,177.6914,126.6987,108.8599,67.3114,64.466,60.039,63.0975,,,,,,,-0.315,-24.3714,-0.33,-25.5319,0.32,24.7582,0.32,24.7582,70.6418,74.1137,54.3609,58.1649,14.0973,13.6664,21.0404,15.8352,32.1542,31.9605,25.3633,29.8709,-38.4875,-42.1532,-28.9975,-28.2941,9.176,2.1309,11.0656,8.8365,-4.9213,-11.5355,-9.9748,-6.9988,,,-0.1769,-24.9148,-4.9113,-0.2695,-6.2297,12.3894,-0.0781,-11.9133,-6.8626,,,,,,125.7432,47.3866,83.7318,,,,"Duque","","N/A","2008-01-01T00:00:00.000Z","Bay","Gelding","PRE horse (Pura Raza Espanola) - Andalusier","Dressage","","20260119T121135_logfile.itlog","2026-01-19T19:11:35.549Z","In hand","Research",,,
1,"walk","left","soft",348.225,348.87,347.895,348.56,3235.85,3236.495,3235.52,3236.185,1.2775,63.0209,0.845,0.8,0.81,0.765,0.425,0.46,0.515,0.475,190.9897,188.0193,114.758,105.6498,66.0156,63.3663,61.1321,61.5694,,,,,,,-0.315,-24.6575,-0.335,-26.2231,0.33,25.8317,0.31,24.2661,77.4038,74.1539,51.2332,57.5474,10.5256,12.6603,22.3585,19.3093,33.8007,33.5799,22.6993,28.8248,-43.603,-40.574,-28.5339,-28.7226,8.0917,1.5056,15.1095,9.4701,-2.4339,-11.1547,-7.249,-9.8393,,,-0.2598,-40.2734,-8.8845,0.1349,-18.7718,12.889,0.2508,-3.2348,-22.035,,,,,,129.6998,,78.2053,,,,"Duque","","N/A","2008-01-01T00:00:00.000Z","Bay","Gelding","PRE horse (Pura Raza Espanola) - Andalusier","Dressage","","20260119T121135_logfile.itlog","2026-01-19T19:11:35.549Z","In hand","Research",,,
1,"walk","left","soft",349.515,350.135,349.22,349.805,3237.14,3237.76,3236.845,3237.43,1.2537,61.9857,0.81,0.8,0.715,0.785,0.445,0.465,0.515,0.48,201.8242,181.794,123.9325,115.9926,64.2857,62.7451,58.4867,62.4254,,,,,,,-0.35,-27.9163,-0.29,-23.1306,0.295,23.5294,0.33,26.321,79.0289,71.3835,53.495,60.9995,16.9712,13.7866,20.5188,18.1835,36.8164,29.699,26.5216,31.3767,-42.2124,-41.6845,-26.9734,-29.6228,9.7952,1.5057,12.794,9.0677,-7.176,-12.2809,-7.7248,-9.1158,,,0.2126,17.1267,-11.1969,0.323,-17.421,12.687,-0.17,-18.6585,-6.5611,,,,,,133.208,48.6993,82.0686,,,,"Duque","","N/A","2008-01-01T00:00:00.000Z","Bay","Gelding","PRE horse (Pura Raza Espanola) - Andalusier","Dressage","","20260119T121135_logfile.itlog","2026-01-19T19:11:35.549Z","In hand","Research",,,
1,"walk","left","soft",350.78,351.42,350.435,351.055,3238.405,3239.045,3238.06,3238.68,1.2556,62.7062,0.81,0.76,0.77,0.81,0.455,0.485,0.5,0.465,199.4403,174.0599,121.0169,116.9265,63.9053,61.4141,61.6,63.9053,,,,,,,-0.3,-23.8925,-0.275,-21.9014,0.345,27.4764,0.365,29.0692,73.4204,77.9047,57.5689,65.5296,14.6132,14.4873,17.3335,15.6323,30.5047,34.9554,26.9113,32.7517,-42.9157,-42.9493,-30.6576,-32.7779,8.292,2.1337,11.1535,7.1719,-6.3212,-12.3536,-6.1799,-8.4604,,,0.1824,27.2054,2.4427,0.3998,-22.1994,3.7915,-0.0713,-10.0177,-4.5075,,,,,,138.2086,45.7754,87.491,,,,"Duque","","N/A","2008-01-01T00:00:00.000Z","Bay","Gelding","PRE horse (Pura Raza Espanola) - Andalusier","Dressage","","20260119T121135_logfile.itlog","2026-01-19T19:11:35.549Z","In hand","Research",,,
1,"walk","left","soft",352.05,352.65,351.665,352.315,3239.675,3240.275,3239.29,3239.94,1.275,64.12,0.82,0.825,0.8,0.825,0.46,0.47,0.46,0.45,193.7693,190.7858,136.1089,130.5028,64.9505,63.5838,63.6183,64.3275,,,,,,,-0.245,-19.2157,-0.265,-20.7843,0.385,30.1961,0.335,26.2745,75.6119,71.304,57.4878,61.3999,12.5601,14.0829,16.8094,20.7288,33.4917,30.437,24.5494,33.2123,-42.1202,-40.867,-32.9384,-28.1876,6.9918,1.0013,10.7191,9.0884,-5.5683,-13.0815,-6.0903,-11.6404,,,0.1749,-6.7987,-28.1232,0.4281,-21.0842,8.8036,0.1762,1.8732,-13.1396,,,,,,162.7207,45.7726,86.2618,,,,"Duque","","N/A","2008-01-01T00:00:00.000Z","Bay","Gelding","PRE horse (Pura Raza Espanola) - Andalusier","Dressage","","20260119T121135_logfile.itlog","2026-01-19T19:11:35.549Z","In hand","Research",,,
1,"walk","left","soft",353.295,353.95,352.92,353.605,3240.92,3241.575,3240.545,3241.23,1.3331,65.5412,0.86,0.915,0.845,0.875,0.425,0.475,0.455,0.465,204.856,181.698,135.0465,117.6488,66.4093,67.2794,63.1776,65.2985,,,,,,,-0.27,-20.2532,-0.31,-23.2536,0.375,28.1294,0.345,25.879,68.8205,70.2507,54.4645,59.071,11.836,7.9929,14.7522,8.3298,28.6338,32.8225,22.7434,30.5209,-40.1867,-37.4282,-31.7211,-28.5501,5.3289,1.5574,10.4507,4.2745,-6.5071,-6.4355,-4.3015,-4.0553,,,-0.3954,,-12.8904,-0.4129,17.9311,-0.3102,0.2722,-1.4583,-22.2535,,,,,,150.1387,39.3821,77.862,,,,"Duque","","N/A","2008-01-01T00:00:00.000Z","Bay","Gelding","PRE horse (Pura Raza Espanola) - Andalusier","Dressage","","20260119T121135_logfile.itlog","2026-01-19T19:11:35.549Z","In hand","Research",,,
1,"walk","left","soft",354.6,355.28,354.295,354.945,3242.225,3242.905,3241.92,3242.57,1.3475,64.9272,0.935,0.875,0.825,0.865,0.445,0.415,0.53,0.465,183.1047,184.9795,113.4112,106.7962,68.2482,65.7895,60.9982,64.6729,,,,,,,-0.345,-25.603,-0.345,-25.603,0.305,22.6345,0.335,24.8609,66.9455,77.6046,54.0533,60.3487,12.3529,9.3806,13.7864,14.1658,29.2013,36.438,25.8047,32.2835,-37.7442,-41.1665,-28.2487,-28.0652,7.7622,0.0154,9.1159,7.2859,-4.5907,-9.3652,-4.6706,-6.8798,,,0.1178,-39.8615,,-0.0135,-6.6361,4.9151,0.3157,0.449,-20.4798,,,,,,156.5766,33.9677,67.8147,,,,"Duque","","N/A","2008-01-01T00:00:00.000Z","Bay","Gelding","PRE horse (Pura Raza Espanola) - Andalusier","Dressage","","20260119T121135_logfile.itlog","2026-01-19T19:11:35.549Z","In hand","Research",,,
1,"walk","left","soft",355.96,356.65,355.645,356.29,3243.585,3244.275,3243.27,3243.915,1.28,63.6612,0.875,0.78,0.795,0.81,0.425,0.495,0.525,0.48,176.4265,177.9617,111.4648,106.891,67.8295,61.5385,61.7476,63.5294,,,,,,,-0.365,-28.5156,-0.33,-25.7813,0.315,24.6094,0.36,28.125,73.5963,70.2557,53.0374,59.9299,11.0016,13.5475,15.2796,19.0766,33.234,29.6923,24.6875,30.0413,-40.3623,-40.5633,-28.3499,-29.8886,8.5949,1.5139,9.2699,9.2051,-2.4067,-12.0336,-6.0097,-9.8715,,,-0.0334,-20.6551,-17.2688,0.0562,-8.6207,2.6432,0.2765,-0.4495,-18.3974,,,,,,149.2596,38.1794,77.3066,,,,"Duque","","N/A","2008-01-01T00:00:00.000Z","Bay","Gelding","PRE horse (Pura Raza Espanola) - Andalusier","Dressage","","20260119T121135_logfile.itlog","2026-01-19T19:11:35.549Z","In hand","Research",,,
1,"walk","left","soft",357.24,357.91,356.9,357.55,3244.865,3245.535,3244.525,3245.175,1.2731,64.4026,0.87,0.79,0.82,0.8,0.405,0.48,0.46,0.45,201.4512,178.8182,120.8094,118.4476,68.1018,62.2047,63.9376,63.3663,,,,,,,-0.25,-19.6367,-0.31,-24.3495,0.34,26.7059,0.36,28.2769,76.0975,68.4424,56.3374,63.0704,10.8484,9.8555,17.1459,16.3201,33.8568,27.4129,25.4279,31.7862,-42.2408,-41.0296,-30.9095,-31.2842,6.5671,1.3654,11.2528,6.8403,-4.2813,-8.4901,-5.8931,-9.4797,,,-0.1331,-32.9613,-17.7456,0.1732,-12.5574,8.4004,0.2842,0.7216,-21.25,,,,,,136.0893,40.9469,77.7082,,,,"Duque","","N/A","2008-01-01T00:00:00.000Z","Bay","Gelding","PRE horse (Pura Raza Espanola) - Andalusier","Dressage","","20260119T121135_logfile.itlog","2026-01-19T19:11:35.549Z","In hand","Research",,,
1,"walk","left","soft",358.52,359.18,358.185,358.825,3246.145,3246.805,3245.81,3246.45,1.2875,64.0796,0.845,0.81,0.79,0.855,0.41,0.48,0.465,0.475,208.8216,178.6124,135.33,119.698,66.6667,62.6692,61.8395,65.1429,,,,,,,-0.275,-21.3592,-0.305,-23.6893,0.335,26.0194,0.355,27.5728,70.2853,77.8435,57.645,60.8233,13.8598,10.7862,16.4176,10.482,28.6822,34.553,25.7656,32.2115,-41.6031,-43.2904,-31.8795,-28.6117,6.2481,0.2097,9.8143,4.3483,-7.6117,-10.5765,-6.6033,-6.1336,,,-0.0139,-26.1094,-24.7187,0.0175,-9.3543,9.5037,-0.0053,-8.1471,-7.7497,,,,,,124.6435,40.371,83.1794,,,,"Duque","","N/A","2008-01-01T00:00:00.000Z","Bay","Gelding","PRE horse (Pura Raza Espanola) - Andalusier","Dressage","","20260119T121135_logfile.itlog","2026-01-19T19:11:35.549Z","In hand","Research",,,
1,"walk","left","soft",359.8,360.475,359.485,360.12,3247.425,3248.1,3247.11,3247.745,1.3169,64.8152,0.885,0.85,0.8,0.88,0.435,0.485,0.51,0.44,193.6595,188.7165,122.5288,120.7985,66.9187,64.1509,61.7761,66.4151,,,,,,,-0.305,-23.1609,-0.32,-24.3,0.315,23.9203,0.355,26.9578,70.3055,70.2544,56.3166,58.9166,10.1555,10.9947,14.386,15.7959,26.5295,27.5022,26.5976,31.7861,-43.7761,-42.7522,-29.7189,-27.1306,5.5379,1.6019,9.8126,7.9379,-4.6175,-9.3928,-4.5733,-7.858,,,-0.4171,-32.6046,16.6979,0.2598,-7.532,5.0176,0.179,-6.5213,-18.3789,,,,,,123.8925,39.7049,72.7526,,,,"Duque","","N/A","2008-01-01T00:00:00.000Z","Bay","Gelding","PRE horse (Pura Raza Espanola) - Andalusier","Dressage","","20260119T121135_logfile.itlog","2026-01-19T19:11:35.549Z","In hand","Research",,,
1,"walk","left","soft",361.125,361.79,360.765,361.45,3248.75,3249.415,3248.39,3249.075,1.2919,64.0532,0.855,0.79,0.84,0.825,0.44,0.465,0.48,0.45,193.1463,189.673,129.5233,113.0712,66.6667,62.3274,63.7571,63.4615,,,,,,,-0.29,-22.448,-0.325,-25.1572,0.36,27.8665,0.34,26.3183,77.2381,72.952,57.6569,65.7708,11.5929,8.0583,11.9008,14.6795,33.5812,31.6094,26.0601,38.4087,-43.6569,-41.3426,-31.5968,-27.3621,7.6099,1.2248,7.7661,9.1017,-3.9829,-6.8335,-4.1347,-5.5778,,,-0.2183,-41.7357,-17.8142,-0.3671,1.3503,2.866,0.2933,0.9347,-19.3889,,,,,,134.2941,48.6315,69.5629,,,,"Duque","","N/A","2008-01-01T00:00:00.000Z","Bay","Gelding","PRE horse (Pura Raza Espanola) - Andalusier","Dressage","","20260119T121135_logfile.itlog","2026-01-19T19:11:35.549Z","In hand","Research",,,
1,"walk","left","soft",362.395,363.07,362.08,362.775,3250.02,3250.695,3249.705,3250.4,1.3581,65.239,0.95,0.905,0.815,0.875,0.415,0.49,0.475,0.5,211.1345,175.0915,133.065,117.3062,70.1107,65.2252,61.1632,64.4567,,,,,,,-0.29,-21.353,-0.38,-27.9798,0.315,23.1937,0.295,21.7211,69.5352,78.6335,52.7272,55.2721,13.6525,12.1258,19.2155,18.0766,28.4476,35.2088,20.2988,28.8834,-41.0876,-43.4248,-32.4284,-26.3887,8.9525,0.9359,12.9424,8.903,-4.7,-11.19,-6.2731,-9.1736,,,,,1.9196,0.3592,-16.1611,6.9304,0.1525,-6.8135,-16.9846,,,,,,117.1135,48.6279,75.3192,,,,"Duque","","N/A","2008-01-01T00:00:00.000Z","Bay","Gelding","PRE horse (Pura Raza Espanola) - Andalusier","Dressage","","20260119T121135_logfile.itlog","2026-01-19T19:11:35.549Z","In hand","Research",,,
1,"walk","left","soft",363.74,364.45,363.455,364.115,3251.365,3252.075,3251.08,3251.74,1.335,64.4471,0.925,0.885,0.81,0.82,0.395,0.475,0.56,0.465,191.552,188.0496,102.7075,105.3881,69.6798,65.7993,59.2322,63.0769,,,,,,,-0.385,-28.839,-0.375,-28.0899,0.285,21.3483,0.335,25.0936,73.1152,70.491,52.6408,58.3808,10.5284,10.4886,19.9834,17.3581,30.3875,32.6166,25.1175,30.154,-42.7277,-37.8744,-27.5233,-28.2268,8.0817,1.7336,11.8646,9.5556,-2.4466,-8.755,-8.1188,-7.8025,,,0.1767,-4.8358,-22.3248,-0.3385,2.5436,4.6442,0.3332,-0.9542,,,,,,,103.8108,40.2031,75.7505,,,,"Duque","","N/A","2008-01-01T00:00:00.000Z","Bay","Gelding","PRE horse (Pura Raza Espanola) - Andalusier","Dressage","","20260119T121135_logfile.itlog","2026-01-19T19:11:35.549Z","In hand","Research",,,
1,"walk","left","soft",365.075,365.78,364.82,365.43,3252.7,3253.405,3252.445,3253.055,1.4,65.378,0.95,0.965,0.805,0.945,0.41,0.445,0.555,0.495,201.4187,176.8461,112.9713,102.1719,68.1004,67.6007,60.2996,65.5113,,,,,,,-0.37,-26.4286,-0.355,-25.3571,0.255,18.2143,0.35,25,72.2185,69.9448,50.5811,54.8638,13.0018,14.5701,17.0565,19.0898,32.0605,29.1921,25.5789,30.6355,-40.1579,-40.7527,-25.0022,-24.2283,12.0145,2.8923,11.9012,9.9084,-0.9872,-11.6779,-5.1553,-9.1815,,,0.0481,0.6153,-3.5925,-0.3129,-1.031,14.6143,0.2676,8.0225,-10.76,,,,,,99.485,40.2164,70.2002,,,,"Duque","","N/A","2008-01-01T00:00:00.000Z","Bay","Gelding","PRE horse (Pura Raza Espanola) - Andalusier","Dressage","","20260119T121135_logfile.itlog","2026-01-19T19:11:35.549Z","In hand","Research",,,
1,"walk","left","soft",366.505,367.225,366.13,366.875,3254.13,3254.85,3253.755,3254.5,1.3994,65.6576,0.955,0.9,0.925,0.895,0.48,0.48,0.505,0.5,173.9751,178.0059,111.7406,100.0623,67.3721,65.4545,64.2361,65.5678,,,,,,,-0.35,-25.0112,-0.37,-26.4404,0.375,26.7977,0.35,25.0112,69.4995,74.3758,51.5053,58.6312,11.9198,9.7145,13.0466,10.6249,30.7263,31.2914,23.9868,32.2708,-38.7732,-43.0845,-27.5185,-26.3604,5.3219,2.5062,8.9447,6.1473,-6.5979,-7.2083,-4.1019,-4.4776,,,-0.0971,-2.8641,5.1145,-0.0377,-10.1533,9.3862,,0.9736,-20.0383,,,,,,90.2941,37.0324,56.3653,,,,"Duque","","N/A","2008-01-01T00:00:00.000Z","Bay","Gelding","PRE horse (Pura Raza Espanola) - Andalusier","Dressage","","20260119T121135_logfile.itlog","2026-01-19T19:11:35.549Z","In hand","Research",,,
1,"walk","left","soft",367.905,368.595,367.58,368.21,3255.53,3256.22,3255.205,3255.835,1.3569,65.8403,0.945,0.915,0.815,0.9,0.445,0.47,0.525,0.44,173.4558,183.2374,105.3267,114.6064,68.7273,67.156,60.9346,66.5434,,,,,,,-0.355,-26.1631,-0.305,-22.4781,0.325,23.9521,0.385,28.374,70.0338,73.1753,56.3048,56.194,13.4331,10.6033,13.5633,9.7807,30.7265,32.7072,27.3088,27.6676,-39.3073,-40.4681,-28.996,-28.5264,9.1989,0.3824,9.3146,6.068,-4.2342,-10.2209,-4.2487,-3.7128,,,-0.188,-15.3649,0.3053,-0.1222,-7.4539,14.3761,-0.0489,-14.0966,-11.3158,,,,,,130.4836,33.8233,72.6248,,,,"Duque","","N/A","2008-01-01T00:00:00.000Z","Bay","Gelding","PRE horse (Pura Raza Espanola) - Andalusier","Dressage","","20260119T121135_logfile.itlog","2026-01-19T19:11:35.549Z","In hand","Research",,,
1,"walk","left","soft",369.265,369.935,368.915,369.575,3256.89,3257.56,3256.54,3257.2,1.2994,64.7674,0.87,0.81,0.835,0.85,0.415,0.425,0.52,0.465,188.6358,190.3496,114.5519,104.753,67.7043,64.1584,62.1974,65.0096,,,,,,,-0.32,-24.6272,-0.31,-23.8576,0.35,26.936,0.36,27.7056,73.7147,67.1985,53.2634,59.38,11.191,12.2532,14.7124,17.2806,32.7984,29.8585,23.4558,32.1786,-40.9162,-37.34,-29.8076,-27.2014,8.1391,0.9979,9.155,8.8723,-3.0519,-11.2553,-5.5574,-8.4084,,,-0.3893,-50.5085,0.304,0.0809,-13.6746,7.0235,0.1951,2.0997,-10.9998,,,,,,136.1624,37.5705,70.3925,,,,"Duque","","N/A","2008-01-01T00:00:00.000Z","Bay","Gelding","PRE horse (Pura Raza Espanola) - Andalusier","Dressage","","20260119T121135_logfile.itlog","2026-01-19T19:11:35.549Z","In hand","Research",,,
1,"walk","left","soft",370.55,371.225,370.245,370.875,3258.175,3258.85,3257.87,3258.5,1.3075,64.2445,0.885,0.86,0.785,0.83,0.415,0.48,0.495,0.45,204.1052,168.0565,117.2474,112.5929,67.9463,64.6617,60.1533,64.2166,,,,,,,-0.31,-23.7094,-0.325,-24.8566,0.305,23.327,0.35,26.7686,75.2839,66.9244,55.851,57.1366,10.9637,10.5488,23.3711,11.4614,33.9711,28.3666,29.6435,29.3883,-41.3128,-38.5578,-26.2075,-27.7484,6.1298,0.9455,13.993,5.2435,-4.8339,-9.6034,-9.3781,-6.218,,,-0.2299,-39.0934,-10.9728,0.0181,-11.9426,11.4765,0.1136,-0.4142,-8.1379,,,,,,133.2985,38.4048,71.2926,,,,"Duque","","N/A","2008-01-01T00:00:00.000Z","Bay","Gelding","PRE horse (Pura Raza Espanola) - Andalusier","Dressage","","20260119T121135_logfile.itlog","2026-01-19T19:11:35.549Z","In hand","Research",,,
1,"walk","left","soft",371.855,372.545,371.575,372.18,3259.48,3260.17,3259.2,3259.805,1.3394,65.5846,0.915,0.895,0.79,0.915,0.42,0.46,0.545,0.475,199.6764,167.5843,123.4099,106.6408,68.2836,67.5472,59.962,66.5455,,,,,,,-0.35,-26.1316,-0.325,-24.265,0.28,20.9053,0.365,27.2515,74.5256,66.122,51.334,56.0603,11.2937,9.6571,14.8319,13.839,33.8068,27.5578,25.4162,28.9591,-40.7188,-38.5642,-25.9178,-27.1012,7.7057,2.601,8.2529,5.9799,-3.588,-7.056,-6.579,-7.8591,,,-0.4107,-41.4746,9.0814,0.1179,-17.3983,10.9011,0.0794,-5.5453,-10.646,,,,,,123.0919,45.0963,69.7602,,,,"Duque","","N/A","2008-01-01T00:00:00.000Z","Bay","Gelding","PRE horse (Pura Raza Espanola) - Andalusier","Dressage","","20260119T121135_logfile.itlog","2026-01-19T19:11:35.549Z","In hand","Research",,,
1,"walk","left","soft",373.2,373.84,372.875,373.54,3260.825,3261.465,3260.5,3261.165,1.3006,65.3552,0.885,0.845,0.82,0.85,0.43,0.4,0.51,0.445,197.5985,188.1596,105.9184,107.9503,67.5573,65.6311,62.5954,65.6371,,,,,,,-0.33,-25.3724,-0.34,-26.1413,0.325,24.988,0.3,23.0658,72.8896,74.1441,56.1813,58.7511,13.8076,5.7519,17.9749,10.3458,29.4908,32.6648,25.6462,30.5738,-43.3988,-41.4792,-30.5351,-28.1773,5.324,0.4698,11.1253,5.4784,-8.4836,-5.2821,-6.8496,-4.8674,,,-0.2404,-25.4366,0.8626,0.0586,-10.4633,8.241,0.0657,-9.8195,-13.5358,,,,,,128.4949,,66.3718,,,,"Duque","","N/A","2008-01-01T00:00:00.000Z","Bay","Gelding","PRE horse (Pura Raza Espanola) - Andalusier","Dressage","","20260119T121135_logfile.itlog","2026-01-19T19:11:35.549Z","In hand","Research",,,
1,"walk","left","soft",374.505,375.17,374.165,374.835,3262.13,3262.795,3261.79,3262.46,1.275,63.9246,0.86,0.79,0.82,0.79,0.42,0.485,0.47,0.445,196.7374,174.0064,125.9213,111.7603,67.319,62.9482,62.3574,63.0739,,,,,,,-0.325,-25.4902,-0.33,-25.8824,0.34,26.6667,0.335,26.2745,74.7533,73.1145,49.5219,59.9357,15.3638,16.5054,17.6386,21.4187,31.7117,30.8694,19.3288,30.706,-43.0416,-42.2451,-30.1931,-29.2297,11.0856,3.4849,11.6357,10.8252,-4.2782,-13.0204,-6.0029,-10.5935,,,-0.4062,-21.2358,30.9613,0.3337,-19.7017,7.2375,0.1283,1.2247,-6.9435,,,,,,128.4977,,73.6512,,,,"Duque","","N/A","2008-01-01T00:00:00.000Z","Bay","Gelding","PRE horse (Pura Raza Espanola) - Andalusier","Dressage","","20260119T121135_logfile.itlog","2026-01-19T19:11:35.549Z","In hand","Research",,,
2,"trot","left","soft",378.595,378.18,378.135,378.57,3266.22,3265.805,3265.76,3266.195,0.8312,50.3788,0.435,0.425,0.395,0.42,0.41,0.42,0.385,0.425,249.3105,244.6774,181.3469,162.3473,53.0488,50,48.4663,50,,,0,0,0,0,0.045,5.4135,0.025,3.0075,,,,,81.3088,83.395,53.4536,58.0652,11.8986,26.3464,22.8527,23.3139,26.4638,28.1408,23.2136,31.7473,-54.845,-55.2541,-30.24,-26.3179,7.3608,3.5386,14.9142,11.4498,-4.5378,-22.8078,-7.9385,-11.8641,,,0.5877,37.8947,9.4979,-0.0179,-6.383,4.969,0.0675,9.2182,-5.6034,,,,,,78.7539,89.5045,84.7865,,,,"Duque","","N/A","2008-01-01T00:00:00.000Z","Bay","Gelding","PRE horse (Pura Raza Espanola) - Andalusier","Dressage","","20260119T121135_logfile.itlog","2026-01-19T19:11:35.549Z","In hand","Research",,,
2,"trot","left","soft",379.39,379.035,378.985,379.405,3267.015,3266.66,3266.61,3267.03,0.8431,51.8919,0.485,0.44,0.41,0.415,0.36,0.43,0.455,0.415,279.1291,256.0541,168.725,156.7206,57.2271,52.5373,47.9532,49.8498,,,0,0,0,0,0.05,5.9303,-0.015,-1.7791,,,,,81.3722,80.8913,49.4417,54.8167,22.2738,17.6816,14.9741,20.1642,27.9995,33.8921,22.7304,28.6843,-53.3727,-46.9992,-26.7113,-26.1324,18.2876,0.5096,12.1657,9.0447,-3.9861,-17.1721,-2.8084,-11.1195,,,0.7607,52.2237,4.6485,-0.1251,-12.055,14.2713,-0.0866,-7.0161,-1.573,,,,,,96.6059,83.991,81.3971,,,,"Duque","","N/A","2008-01-01T00:00:00.000Z","Bay","Gelding","PRE horse (Pura Raza Espanola) - Andalusier","Dressage","","20260119T121135_logfile.itlog","2026-01-19T19:11:35.549Z","In hand","Research",,,
2,"trot","left","soft",380.24,379.84,379.83,380.24,3267.865,3267.465,3267.455,3267.865,0.8231,51.1599,0.445,0.44,0.405,0.395,0.365,0.365,0.435,0.42,266.4662,249.8148,156.263,145.6071,53.9394,52.6946,49.2401,48.7654,,,0,0,0,0,0.01,1.2149,0,0,,,,,83.5707,84.9049,53.4708,61.3878,21.5077,23.4814,14.0501,23.693,26.0349,32.6806,29.5296,34.2044,-57.5358,-52.2243,-23.9412,-27.1834,18.6061,2.1722,8.6832,11.4827,-2.9016,-21.3092,-5.367,-12.2102,,,0.5216,17.465,28.0291,0.0883,2.9896,-3.0938,-0.1444,-0.6471,-8.3519,,,,,,92.5018,88.431,80.6118,,,,"Duque","","N/A","2008-01-01T00:00:00.000Z","Bay","Gelding","PRE horse (Pura Raza Espanola) - Andalusier","Dressage","","20260119T121135_logfile.itlog","2026-01-19T19:11:35.549Z","In hand","Research",,,
2,"trot","left","soft",381.08,380.705,380.635,381.045,3268.705,3268.33,3268.26,3268.67,0.8094,50.0336,0.41,0.385,0.41,0.415,0.395,0.425,0.4,0.41,284.2992,251.0564,180.3184,165.4035,51.0903,48.2759,50.6173,50.1511,,,0,0,0,0,0.07,8.6486,0.035,4.3243,,,,,80.6498,78.3002,54.4029,59.0415,13.6558,24.3182,13.4316,20.4266,28.5821,30.9756,26.1679,33.1899,-52.0676,-47.3247,-28.2349,-25.8516,10.7096,4.4216,12.1845,10.243,-2.9462,-19.8966,-1.2471,-10.1836,,,,45.5205,33.3276,-0.1833,-20.6517,1.251,-0.1396,8.4008,-10.0488,,,,,,94.5601,94.6677,95.2835,,,,"Duque","","N/A","2008-01-01T00:00:00.000Z","Bay","Gelding","PRE horse (Pura Raza Espanola) - Andalusier","Dressage","","20260119T121135_logfile.itlog","2026-01-19T19:11:35.549Z","In hand","Research",,,
2,"trot","left","soft",381.88,381.49,381.445,381.875,3269.505,3269.115,3269.07,3269.5,0.835,51.6298,0.47,0.42,0.425,0.41,0.39,0.4,0.4,0.415,260.2239,245.9096,171.5694,152.8926,55.4572,50.9091,51.0511,49.1018,,,0,0,0,0,0.045,5.3892,0.005,0.5988,,,,,85.0668,80.7015,54.7746,59.9882,23.4475,24.9903,13.6348,20.3302,29.8287,28.5094,25.0529,32.6158,-55.2381,-52.1921,-29.7217,-27.3723,16.0894,4.9439,10.8555,9.8689,-7.3581,-20.0464,-2.7793,-10.4613,,,0.8234,38.6652,39.4266,-0.1648,,11.8039,0.0095,18.6983,-16.5027,,,,,,97.5143,96.4932,96.6936,,,,"Duque","","N/A","2008-01-01T00:00:00.000Z","Bay","Gelding","PRE horse (Pura Raza Espanola) - Andalusier","Dressage","","20260119T121135_logfile.itlog","2026-01-19T19:11:35.549Z","In hand","Research",,,
2,"trot","left","soft",382.715,382.32,382.285,382.72,3270.34,3269.945,3269.91,3270.345,0.8231,52.3899,0.465,0.42,0.44,0.4,0.365,0.41,0.415,0.435,283.6245,251.2748,164.8057,153.3228,56.3636,52.1739,52.5373,48.4848,,,0,0,0,0,0.035,4.2521,-0.005,-0.6074,,,,,77.582,81.3372,53.0433,56.1278,16.0572,29.3613,11.884,23.9002,26.6184,27.0031,27.089,31.1807,-50.9636,-54.3341,-25.9543,-24.9471,13.5547,4.4591,7.9896,13.551,-2.5025,-24.9021,-3.8944,-10.3492,,,,49.4601,40.4344,-0.0085,-18.3938,16.2866,-0.0698,15.0586,-19.1093,,,,,,101.1986,94.3561,97.736,,,,"Duque","","N/A","2008-01-01T00:00:00.000Z","Bay","Gelding","PRE horse (Pura Raza Espanola) - Andalusier","Dressage","","20260119T121135_logfile.itlog","2026-01-19T19:11:35.549Z","In hand","Research",,,
2,"trot","left","soft",383.535,383.1,383.105,383.535,3271.16,3270.725,3270.73,3271.16,0.8387,54.0875,0.485,0.475,0.44,0.415,0.355,0.36,0.38,0.415,258.321,289.7987,174.38,150.3242,58.2583,55.7185,51.9174,50.4559,,,0,0,0,0,-0.005,-0.5961,0,0,,,,,80.2348,77.2078,49.0181,54.4077,16.0097,22.6608,14.8217,23.2695,30.1388,26.276,22.2519,30.8205,-50.096,-50.9318,-26.7662,-23.5872,12.6248,2.8549,10.9705,13.3193,-3.3848,-19.8059,-3.8513,-9.9502,,,0.6669,46.2152,17.4322,0.1071,-8.7809,20.624,-0.1868,4.0013,-23.5118,,,,,,94.6864,86.5657,90.9232,,,,"Duque","","N/A","2008-01-01T00:00:00.000Z","Bay","Gelding","PRE horse (Pura Raza Espanola) - Andalusier","Dressage","","20260119T121135_logfile.itlog","2026-01-19T19:11:35.549Z","In hand","Research",,,
2,"trot","left","soft",384.36,383.97,383.98,384.35,3271.985,3271.595,3271.605,3271.975,0.8212,51.4429,0.47,0.43,0.375,0.415,0.34,0.395,0.435,0.4,276.1906,237.3859,147.0182,146.1481,57.4924,51.9637,46.0123,50.303,,,0,0,0,0,-0.01,-1.2177,0.01,1.2177,,,,,79.4922,76.1219,54.2158,54.4464,14.6673,25.0147,17.6797,25.4588,28.8428,28.2896,32.6751,29.6847,-50.6494,-47.8323,-21.5406,-24.7616,12.9622,4.708,12.3196,14.5018,-1.7051,-20.3067,-5.3601,-10.957,,,0.6001,29.1711,23.3613,0.0202,-9.4806,13.7446,-0.1399,-2.3636,-14.2238,,,,,,87.3305,84.7869,87.1402,,,,"Duque","","N/A","2008-01-01T00:00:00.000Z","Bay","Gelding","PRE horse (Pura Raza Espanola) - Andalusier","Dressage","","20260119T121135_logfile.itlog","2026-01-19T19:11:35.549Z","In hand","Research",,,
2,"trot","left","soft",385.185,384.8,384.8,385.185,3272.81,3272.425,3272.425,3272.81,0.8169,50.9899,0.455,0.42,0.395,0.395,0.355,0.4,0.445,0.42,261.4177,236.7015,160.8933,143.4096,56.1728,52.1739,47.7341,47.8788,,,0,0,0,0,0,0,0,0,,,,,79.3321,75.636,51.4493,55.3168,13.6658,25.6661,11.6321,20.6054,28.538,27.9836,30.0308,31.186,-50.7941,-47.6524,-21.4184,-24.1309,11.4351,3.1755,9.3047,13.1222,-2.2307,-22.4907,-2.3274,-7.4832,,,0.5559,34.4348,8.3017,-0.1622,-13.5149,5.4895,0.1367,7.8438,-2.8217,,,,,,76.3429,81.9495,81.7021,,,,"Duque","","N/A","2008-01-01T00:00:00.000Z","Bay","Gelding","PRE horse (Pura Raza Espanola) - Andalusier","Dressage","","20260119T121135_logfile.itlog","2026-01-19T19:11:35.549Z","In hand","Research",,,
2,"trot","left","soft",385.995,385.59,385.615,386.02,3273.62,3273.215,3273.24,3273.645,0.7981,49.7499,0.425,0.435,0.375,0.355,0.355,0.37,0.42,0.44,261.7763,249.8206,154.3903,137.6087,52.795,53.211,47.7707,45.2229,,,0,0,0,0,-0.025,-3.1323,-0.025,-3.1323,,,,,81.2945,78.5937,51.894,56.5366,20.0465,27.4879,11.3168,23.5149,27.5327,28.1649,30.8073,32.3052,-53.7618,-50.4288,-21.0867,-24.2314,14.8922,5.0831,7.7161,13.8169,-5.1544,-22.4047,-3.6007,-9.698,,,0.6592,40.7481,9.0546,-0.0795,-9.742,1.9369,-0.0775,-1.4493,1.6624,,,,,,83.3994,78.2063,82.0863,,,,"Duque","","N/A","2008-01-01T00:00:00.000Z","Bay","Gelding","PRE horse (Pura Raza Espanola) - Andalusier","Dressage","","20260119T121135_logfile.itlog","2026-01-19T19:11:35.549Z","In hand","Research",,,
2,"trot","left","soft",386.825,386.42,386.39,386.795,3274.45,3274.045,3274.015,3274.42,0.7987,48.8233,0.415,0.4,0.385,0.36,0.405,0.395,0.4,0.42,253.3948,247.3903,153.2504,148.7491,51.875,50.3145,47.678,45.4259,,,0,0,0,0,0.03,3.7559,0.03,3.7559,,,,,84.2347,77.8037,50.8981,56.1032,18.1614,30.0474,16.8782,26.0601,33.0794,28.5736,24.3783,29.0968,-51.1553,-49.2301,-26.5198,-27.0063,14.55,5.2622,9.6688,14.9196,-3.6114,-24.7852,-7.2094,-11.1405,,,0.4881,19.4695,18.2163,-0.005,-10.0282,4.5621,,-8.0564,-15.3016,,,,,,83.4149,85.5472,94.2639,,,,"Duque","","N/A","2008-01-01T00:00:00.000Z","Bay","Gelding","PRE horse (Pura Raza Espanola) - Andalusier","Dressage","","20260119T121135_logfile.itlog","2026-01-19T19:11:35.549Z","In hand","Research",,,
2,"trot","left","soft",387.605,387.215,387.22,387.6,3275.23,3274.84,3274.845,3275.225,0.8169,49.1256,0.42,0.4,0.38,0.405,0.365,0.395,0.445,0.445,269.9527,249.8753,147.1312,138.7094,51.6923,49.5356,46.6258,48.6486,,,0,0,0,0,-0.005,-0.6121,0.005,0.6121,,,,,80.3787,79.3967,55.7839,60.179,24.3933,29.8424,12.8313,22.911,25.2623,29.2935,35.3671,33.7015,-55.1164,-50.1032,-20.4168,-26.4776,16.9744,5.3686,9.3275,12.881,-7.4189,-24.4739,-3.5038,-10.03,,,0.5578,32.8831,6.5591,-0.0497,-9.16,7.2646,-0.2446,0.9612,-25.3749,,,,,,82.7748,85.4991,93.8455,,,,"Duque","","N/A","2008-01-01T00:00:00.000Z","Bay","Gelding","PRE horse (Pura Raza Espanola) - Andalusier","Dressage","","20260119T121135_logfile.itlog","2026-01-19T19:11:35.549Z","In hand","Research",,,
2,"trot","left","soft",388.445,388.035,388.025,388.415,3276.07,3275.66,3275.65,3276.04,0.7725,47.0986,0.36,0.385,0.355,0.355,0.42,0.42,0.425,0.41,247.3736,239.185,161.8579,160.0229,48,48.8889,44.795,46.7105,,,0,0,0,0,0.01,1.2945,0.03,3.8835,,,,,82.9504,77.7762,53.6148,54.9663,18.2214,33.9494,21.7075,25.5682,31.5779,25.8682,26.21,25.9028,-51.3725,-51.9079,-27.4049,-29.0636,11.8066,6.9659,10.4056,13.6211,-6.4148,-26.9835,-11.3019,-11.9471,,,0.5308,38.878,9.1425,-0.0707,-11.2532,6.262,-0.2265,10.7657,,,,,,,82.183,82.0776,95.538,,,,"Duque","","N/A","2008-01-01T00:00:00.000Z","Bay","Gelding","PRE horse (Pura Raza Espanola) - Andalusier","Dressage","","20260119T121135_logfile.itlog","2026-01-19T19:11:35.549Z","In hand","Research",,,
2,"trot","left","soft",389.165,388.805,388.83,389.17,3276.79,3276.43,3276.455,3276.795,0.735,46.1141,0.36,0.355,0.315,0.325,0.36,0.385,0.45,0.4,284.0102,266.4384,153.0086,155.831,50,47.3333,42.1405,44.9827,,,0.005,0.6803,0.035,4.7619,-0.025,-3.4014,-0.005,-0.6803,,,,,85.4879,78.8652,56.4746,54.0335,26.5446,36.6136,23.2099,26.3006,30.0307,25.8264,27.8421,25.663,-55.4573,-53.0388,-28.6325,-28.3705,21.0692,8.658,12.1019,13.6259,-5.4753,-27.9556,-11.108,-12.6747,,,0.4727,32.2582,-4.7119,0.1205,-13.28,,-0.0836,20.6742,,,,,,,74.1875,80.869,95.5349,,,,"Duque","","N/A","2008-01-01T00:00:00.000Z","Bay","Gelding","PRE horse (Pura Raza Espanola) - Andalusier","Dressage","","20260119T121135_logfile.itlog","2026-01-19T19:11:35.549Z","In hand","Research",,,
2,"trot","left","soft",389.885,389.565,389.56,389.89,3277.51,3277.19,3277.185,3277.515,0.7194,44.6531,0.35,0.315,0.29,0.33,0.36,0.405,0.415,0.395,308.4,264.2983,178.8705,156.596,48.6111,43.75,40.4181,45.8333,,,0.005,0.695,0.05,6.9505,0.005,0.695,-0.005,-0.695,,,,,87.2534,79.8993,51.1888,58.2471,24.421,33.6576,24.0344,24.9218,32.1295,31.8248,30.8362,33.8523,-55.1239,-48.0744,-20.3526,-24.3948,17.1155,5.1814,12.8295,14.2387,-7.3055,-28.4762,-11.2049,-10.683,,,0.7027,37.5227,14.4144,-0.0036,-15.0665,10.2401,-0.1745,4.5837,-15.5714,,,,,,79.8299,90.0874,83.9682,,,,"Duque","","N/A","2008-01-01T00:00:00.000Z","Bay","Gelding","PRE horse (Pura Raza Espanola) - Andalusier","Dressage","","20260119T121135_logfile.itlog","2026-01-19T19:11:35.549Z","In hand","Research",,,
2,"trot","left","soft",390.615,390.285,390.29,390.605,3278.24,3277.91,3277.915,3278.23,0.7375,45.0541,0.36,0.33,0.28,0.36,0.38,0.405,0.44,0.385,289.662,257.0678,165.0618,165.0753,48.6486,45.0512,38.3562,48.1605,,,0,0,0.04,5.4237,-0.005,-0.678,0.01,1.3559,,,,,81.7392,81.4091,57.1435,60.1598,28.7536,35.5777,24.3539,28.4392,25.0724,32.5015,33.6472,33.7745,-56.6669,-48.9077,-23.4964,-26.3853,24.2872,4.5184,14.5916,14.5946,-4.4664,-31.0593,-9.7622,-13.8447,,,0.5328,36.2723,12.763,-0.0877,-15.1481,8.7223,-0.034,13.5888,-12.9794,,,,,,81.2726,90.1145,89.8053,,,,"Duque","","N/A","2008-01-01T00:00:00.000Z","Bay","Gelding","PRE horse (Pura Raza Espanola) - Andalusier","Dressage","","20260119T121135_logfile.itlog","2026-01-19T19:11:35.549Z","In hand","Research",,,
2,"trot","left","soft",391.355,391.015,391.03,391.355,3278.98,3278.64,3278.655,3278.98,0.7494,45.381,0.36,0.335,0.315,0.35,0.38,0.4,0.46,0.39,284.6452,268.543,173.874,181.6919,48.3221,45.5782,41.7219,45.9016,,,0.005,0.6672,0.035,4.6706,-0.015,-2.0017,0,0,,,,,79.4729,78.5929,57.7543,56.8557,22.4486,30.3542,17.5315,15.2051,25.251,28.106,38.0108,31.3978,-54.2218,-50.487,-19.7434,-25.4579,16.9186,4.5623,11.1804,7.8812,-5.5301,-25.7919,-6.3511,-7.324,,,0.6136,44.7265,-4.263,-0.1274,-18.6269,10.3966,-0.0087,14.2995,-17.106,,,,,,74.8646,87.8336,89.7772,,,,"Duque","","N/A","2008-01-01T00:00:00.000Z","Bay","Gelding","PRE horse (Pura Raza Espanola) - Andalusier","Dressage","","20260119T121135_logfile.itlog","2026-01-19T19:11:35.549Z","In hand","Research",,,
2,"trot","left","soft",392.105,391.75,391.765,392.14,3279.73,3279.375,3279.39,3279.765,0.7275,44.6595,0.35,0.335,0.32,0.295,0.39,0.4,0.42,0.435,258.1828,252.3778,184.1286,150.0916,47.4576,46.5278,43.5374,41.115,,,0.02,2.7491,0,0,-0.015,-2.0619,-0.035,-4.811,,,,,81.8901,76.7269,51.343,56.2531,29.8542,33.9887,16.2163,18.9609,29.9664,28.1455,33.8776,35.8638,-51.9237,-48.5814,-17.4653,-20.3893,21.9929,6.8342,10.3655,12.4724,-7.8613,-27.1545,-5.8508,-6.4885,,,0.3228,27.719,-1.566,-0.125,-13.7051,8.426,0.1165,10.4031,-10.1632,,,,,,71.6782,83.3098,83.2792,,,,"Duque","","N/A","2008-01-01T00:00:00.000Z","Bay","Gelding","PRE horse (Pura Raza Espanola) - Andalusier","Dressage","","20260119T121135_logfile.itlog","2026-01-19T19:11:35.549Z","In hand","Research",,,
2,"trot","left","soft",392.84,392.455,392.495,392.845,3280.465,3280.08,3280.12,3280.47,0.7469,45.2964,0.36,0.375,0.295,0.325,0.385,0.37,0.41,0.41,276.8356,265.5636,170.2182,147.8025,48.1605,48.2315,40.273,44.5205,,,0.01,1.3389,0.055,7.364,-0.04,-5.3556,-0.005,-0.6695,,,,,82.7205,80.8343,51.9412,63.0741,19.9167,31.0745,23.7149,19.58,29.4504,29.9421,30.7153,37.53,-53.2701,-50.8922,-21.2258,-25.5441,14.6526,4.8212,14.1954,11.0779,-5.2641,-26.2533,-9.5195,-8.5021,,,0.2695,19.8924,-9.3282,0.0996,-8.2805,4.6419,-0.0332,10.0132,-2.1258,,,,,,74.2317,98.6817,94.1102,,,,"Duque","","N/A","2008-01-01T00:00:00.000Z","Bay","Gelding","PRE horse (Pura Raza Espanola) - Andalusier","Dressage","","20260119T121135_logfile.itlog","2026-01-19T19:11:35.549Z","In hand","Research",,,
2,"trot","left","soft",393.59,393.265,393.255,393.57,3281.215,3280.89,3280.88,3281.195,0.7413,44.3386,0.345,0.305,0.315,0.35,0.39,0.435,0.465,0.4,277.4576,239.3913,156.3822,167.334,46.3087,42.6573,41.7219,46.6667,,,0,0,0.02,2.6981,0.01,1.3491,0.02,2.6981,,,,,81.1744,78.3279,54.9519,60.5775,30.5498,34.3362,16.032,26.9449,26.8671,32.2966,35.2251,36.5386,-54.3073,-46.0313,-19.7268,-24.0389,23.9516,6.7123,11.4396,15.8126,-6.5982,-27.6239,-4.5924,-11.1322,,,0.518,28.8263,10.4177,-0.0899,-24.1943,20.24,0.0925,,-16.4164,,,,,,80.4816,98.6613,94.1088,,,,"Duque","","N/A","2008-01-01T00:00:00.000Z","Bay","Gelding","PRE horse (Pura Raza Espanola) - Andalusier","Dressage","","20260119T121135_logfile.itlog","2026-01-19T19:11:35.549Z","In hand","Research",,,
2,"trot","left","soft",394.345,393.955,393.985,394.32,3281.97,3281.58,3281.61,3281.945,0.7625,46.8712,0.36,0.365,0.33,0.375,0.41,0.385,0.415,0.4,261.2659,261.2583,178.9642,167.2281,47.5248,48.3444,44.1472,47.4684,,,0,0,0.01,1.3115,-0.03,-3.9344,0.025,3.2787,,,,,86.3847,79.8069,56.8131,62.1868,19.5187,24.8308,15.4244,16.9859,31.9002,27.517,37.4153,37.0021,-54.4845,-52.2898,-19.3978,-25.1847,14.0873,6.1306,11.7829,9.5949,-5.4314,-18.7002,-3.6415,-7.3911,,,0.6834,26.2589,22.4881,-0.1091,-15.0423,8.4477,-0.0929,5.6393,-13.0871,,,,,,85.9783,93.8627,86.9433,,,,"Duque","","N/A","2008-01-01T00:00:00.000Z","Bay","Gelding","PRE horse (Pura Raza Espanola) - Andalusier","Dressage","","20260119T121135_logfile.itlog","2026-01-19T19:11:35.549Z","In hand","Research",,,
2,"trot","left","soft",395.09,394.715,394.735,395.125,3282.715,3282.34,3282.36,3282.75,0.7531,46.2825,0.365,0.375,0.335,0.32,0.385,0.395,0.42,0.43,284.3125,247.7611,181.5775,160.0805,48.505,48.8599,44.0789,43.686,,,0,0,0.025,3.3195,-0.02,-2.6556,-0.035,-4.6473,,,,,81.9182,79.3129,52.412,58.4491,20.9224,33.4515,18.5442,28.3991,27.2743,27.5755,30.1577,39.6931,-54.6439,-51.7374,-22.2543,-18.756,17.8369,5.5678,10.7742,22.1057,-3.0855,-27.8837,-7.77,-6.2934,,,0.7506,27.7663,38.9132,-0.2502,-24.6846,7.8485,-0.0193,14.0716,-15.4525,,,,,,87.2513,91.1244,90.7794,,,,"Duque","","N/A","2008-01-01T00:00:00.000Z","Bay","Gelding","PRE horse (Pura Raza Espanola) - Andalusier","Dressage","","20260119T121135_logfile.itlog","2026-01-19T19:11:35.549Z","In hand","Research",,,
2,"trot","left","soft",395.845,395.48,395.5,395.84,3283.47,3283.105,3283.125,3283.465,0.7494,46.2226,0.36,0.36,0.32,0.345,0.39,0.39,0.43,0.395,264.8132,266.5479,173.0151,159.4566,49.3151,47.2131,42.6667,45.6954,,,0,0,0.045,6.005,-0.02,-2.6689,0.005,0.6672,,,,,80.2158,78.3502,54.9765,57.9679,12.9793,27.1518,17.5693,20.5712,25.1438,28.9443,36.8475,32.2258,-55.072,-49.4059,-18.129,-25.7421,9.6389,4.7602,12.1155,12.8453,-3.3405,-22.3916,-5.4538,-7.7258,,,0.3773,20.8752,14.408,-0.1353,-15.5001,5.1657,0.0699,13.8805,-13.0624,,,,,,83.0362,84.6988,90.7778,,,,"Duque","","N/A","2008-01-01T00:00:00.000Z","Bay","Gelding","PRE horse (Pura Raza Espanola) - Andalusier","Dressage","","20260119T121135_logfile.itlog","2026-01-19T19:11:35.549Z","In hand","Research",,,
2,"trot","left","soft",396.555,396.255,396.25,396.61,3284.18,3283.88,3283.875,3284.235,0.7506,47.2491,0.415,0.34,0.335,0.33,0.35,0.415,0.43,0.425,277.5614,242.1319,169.3838,145.671,54.0717,46.2585,44.3709,44.2953,,,0,0,0,0,0.005,0.6661,-0.055,-7.3272,,,,,87.1374,81.2629,54.6555,58.7688,27.699,33.6535,14.8239,24.3555,27.409,34.2294,33.796,37.6346,-59.7284,-47.0334,-20.8595,-21.1342,23.9366,7.8714,11.0024,17.8351,-3.7625,-25.7821,-3.8215,-6.5204,,,0.4703,7.056,17.2411,,,0.5563,0.0619,13.1055,-6.2362,,,,,,84.6912,84.5793,86.7349,,,,"Duque","","N/A","2008-01-01T00:00:00.000Z","Bay","Gelding","PRE horse (Pura Raza Espanola) - Andalusier","Dressage","","20260119T121135_logfile.itlog","2026-01-19T19:11:35.549Z","In hand","Research",,,
2,"trot","left","soft",397.325,396.97,396.995,397.345,3284.95,3284.595,3284.62,3284.97,0.7419,46.4868,0.38,0.36,0.315,0.325,0.355,0.375,0.41,0.405,292.3024,281.9186,170.7321,155.8787,50.8361,47.8405,44.3662,42.9043,,,0,0,0,0,-0.025,-3.3698,-0.02,-2.6959,,,,,86.4601,74.4561,55.4947,58.1106,21.7643,33.6692,11.598,22.4045,28.0532,26.073,37.4974,32.6602,-58.4069,-48.3832,-17.9973,-25.4504,16.6536,5.3775,9.4015,14.5445,-5.1107,-28.2917,-2.1965,-7.86,,,0.2277,-12.6644,29.2703,-0.1488,-19.6651,-10.1278,-0.1591,10.5038,-15.8426,,,,,,84.7426,89.354,94.8533,,,,"Duque","","N/A","2008-01-01T00:00:00.000Z","Bay","Gelding","PRE horse (Pura Raza Espanola) - Andalusier","Dressage","","20260119T121135_logfile.itlog","2026-01-19T19:11:35.549Z","In hand","Research",,,
2,"trot","left","soft",398.085,397.74,397.69,398.13,3285.71,3285.365,3285.315,3285.755,0.7531,45.9067,0.365,0.335,0.385,0.3,0.38,0.41,0.38,0.46,287.6153,239.6008,171.7641,144.3695,48.6667,45.2703,48.7342,40.9556,,,0.01,1.3278,0.025,3.3195,0.05,6.639,-0.045,-5.9751,,,,,79.7557,77.1859,56.4523,56.2356,21.3904,32.2246,17.4645,24.1667,27.5493,28.3352,28.6981,35.0592,-52.2065,-48.8508,-27.7542,-21.1764,15.0083,8.6799,10.5202,17.5049,-6.3821,-23.5447,-6.9443,-6.6618,,,0.3091,9.961,24.5911,-0.0192,-12.4307,13.8559,-0.2012,2.3358,-23.9721,,,,,,78.9407,86.6304,94.5789,,,,"Duque","","N/A","2008-01-01T00:00:00.000Z","Bay","Gelding","PRE horse (Pura Raza Espanola) - Andalusier","Dressage","","20260119T121135_logfile.itlog","2026-01-19T19:11:35.549Z","In hand","Research",,,
2,"trot","left","soft",398.84,398.475,398.505,398.835,3286.465,3286.1,3286.13,3286.46,0.7444,45.7632,0.385,0.36,0.285,0.335,0.39,0.4,0.43,0.405,248.4813,247.6817,171.5608,146.9811,50.6579,47.5248,39.4464,45.4237,,,0,0,0.005,0.6717,-0.03,-4.0302,0.005,0.6717,,,,,85.3985,74.9812,53.8835,58.4045,26.4847,36.1328,21.8515,27.6704,32.5408,26.4998,29.9219,31.5398,-52.8577,-48.4814,-23.9617,-26.8647,18.5961,6.4838,11.8594,16.4309,-7.8885,-29.649,-9.9921,-11.2395,,,0.2327,14.8176,-0.4538,-0.1373,-18.7232,9.8786,0.1926,19.8948,-14.2248,,,,,,67.6489,84.8489,89.2845,,,,"Duque","","N/A","2008-01-01T00:00:00.000Z","Bay","Gelding","PRE horse (Pura Raza Espanola) - Andalusier","Dressage","","20260119T121135_logfile.itlog","2026-01-19T19:11:35.549Z","In hand","Research",,,
2,"trot","left","soft",399.585,399.23,399.235,399.57,3287.21,3286.855,3286.86,3287.195,0.7556,46.3413,0.37,0.345,0.325,0.36,0.36,0.395,0.445,0.4,286.384,255.7134,155.5383,162.66,49.8316,46.3087,42.623,46.6019,,,0,0,0.025,3.3085,-0.005,-0.6617,0.015,1.9851,,,,,82.1953,73.67,55.7425,57.898,20.7423,35.8224,21.6962,29.0078,25.5673,27.0144,34.568,32.5701,-56.6281,-46.6556,-21.1745,-25.328,17.6126,6.2302,11.4393,18.0068,-3.1297,-29.5923,-10.2569,-11.001,,,0.3043,26.7519,3.9299,-0.0152,-12.1279,8.225,-0.0905,6.8034,-5.7926,,,,,,71.805,86.4598,91.976,,,,"Duque","","N/A","2008-01-01T00:00:00.000Z","Bay","Gelding","PRE horse (Pura Raza Espanola) - Andalusier","Dressage","","20260119T121135_logfile.itlog","2026-01-19T19:11:35.549Z","In hand","Research",,,
2,"trot","left","soft",400.34,399.98,399.99,400.355,3287.965,3287.605,3287.615,3287.98,0.77,46.438,0.38,0.36,0.34,0.35,0.385,0.405,0.43,0.425,275.4765,245.8143,176.2977,153.3829,49.5114,47.2131,44.1558,44.8718,,,0,0,0.02,2.5974,-0.01,-1.2987,-0.015,-1.9481,,,,,79.36,74.1288,49.4491,52.7767,15.7975,31.8139,15.1862,24.9475,27.4747,28.0583,29.966,29.8818,-51.8853,-46.0705,-19.4831,-22.8949,13.3661,4.0882,11.2802,16.2781,-2.4314,-27.7257,-3.906,-8.6695,,,0.398,37.7022,-18.4507,-0.1841,-15.251,9.0535,0.1032,15.3584,-7.5601,,,,,,81.2109,83.3913,91.9719,,,,"Duque","","N/A","2008-01-01T00:00:00.000Z","Bay","Gelding","PRE horse (Pura Raza Espanola) - Andalusier","Dressage","","20260119T121135_logfile.itlog","2026-01-19T19:11:35.549Z","In hand","Research",,,
2,"trot","left","soft",401.11,400.74,400.76,401.14,3288.735,3288.365,3288.385,3288.765,0.7638,45.8169,0.38,0.365,0.33,0.325,0.39,0.4,0.43,0.435,250.3549,245.3195,155.4481,146.2576,49.3506,47.8689,43.5644,42.4837,,,0.005,0.6547,0.01,1.3093,-0.02,-2.6187,-0.03,-3.928,,,,,85.4766,76.5079,50.2479,56.4404,13.1237,26.4404,14.9907,16.6441,31.385,28.9086,31.9961,34.6924,-54.0916,-47.5994,-18.2518,-21.748,6.635,4.6309,9.9387,11.267,-6.4887,-21.8095,-5.052,-5.377,,,0.082,15.6021,-4.6646,-0.0339,-6.7002,2.1362,0.101,9.6965,-6.7103,,,,,,69.4508,74.5267,87.7451,,,,"Duque","","N/A","2008-01-01T00:00:00.000Z","Bay","Gelding","PRE horse (Pura Raza Espanola) - Andalusier","Dressage","","20260119T121135_logfile.itlog","2026-01-19T19:11:35.549Z","In hand","Research",,,
2,"trot","left","soft",401.88,401.5,401.515,401.91,3289.505,3289.125,3289.14,3289.535,0.7638,45.8398,0.37,0.37,0.335,0.325,0.39,0.395,0.425,0.445,263.173,247.5911,150.704,131.4889,49.3333,47.8964,43.5065,42.623,,,0.01,1.3093,0.03,3.928,-0.015,-1.964,-0.03,-3.928,,,,,88.1382,83.1625,51.804,60.4063,20.7118,31.9548,17.1879,24.2569,31.7525,33.1049,30.7934,37.3466,-56.3858,-50.0576,-21.0106,-23.0597,16.8111,7.2393,8.1452,16.8108,-3.9007,-24.7155,-9.0427,-7.446,,,0.3377,29.1344,-13.1128,-0.1053,-9.4108,0.598,0.1287,9.6844,3.3298,,,,,,80.4504,83.9758,84.9553,,,,"Duque","","N/A","2008-01-01T00:00:00.000Z","Bay","Gelding","PRE horse (Pura Raza Espanola) - Andalusier","Dressage","","20260119T121135_logfile.itlog","2026-01-19T19:11:35.549Z","In hand","Research",,,
2,"trot","left","soft",402.62,402.28,402.295,402.665,3290.245,3289.905,3289.92,3290.29,0.7638,44.6455,0.385,0.34,0.315,0.325,0.37,0.41,0.445,0.43,293.6802,259.7212,153.7059,163.3841,49.5177,44.2997,41.8605,42.9043,,,0,0,0.035,4.5827,-0.015,-1.964,-0.045,-5.892,,,,,84.9769,81.0186,55.3335,62.0019,26.472,34.9581,17.5028,27.9208,25.7899,31.436,36.226,43.2774,-59.187,-49.5826,-19.1074,-18.7246,20.8962,5.5039,11.3395,19.1582,-5.5759,-29.4542,-6.1633,-8.7626,,,0.6006,30.1544,11.1599,0.0178,-15.5994,4.3693,-0.1614,5.1045,-9.134,,,,,,91.1736,,93.4429,,,,"Duque","","N/A","2008-01-01T00:00:00.000Z","Bay","Gelding","PRE horse (Pura Raza Espanola) - Andalusier","Dressage","","20260119T121135_logfile.itlog","2026-01-19T19:11:35.549Z","In hand","Research",,,
2,"trot","left","soft",403.42,403.065,403.04,403.425,3291.045,3290.69,3290.665,3291.05,0.7737,45.7202,0.375,0.34,0.35,0.35,0.415,0.445,0.43,0.435,267.5052,243.2763,175.3323,164.0511,48.3871,45.0331,44.4444,45.0161,,,0.015,1.9386,0,0,0.025,3.231,-0.005,-0.6462,,,,,81.3353,78.7918,52.7574,53.9851,15.1943,29.9576,16.2919,20.7353,27.1991,27.8605,31.4283,31.7526,-54.1361,-50.9313,-21.3291,-22.2325,9.8331,5.5007,12.3401,13.1538,-5.3612,-24.4569,-3.9518,-7.5815,,,0.8005,41.4378,36.4587,-0.1125,-20.2785,15.1517,-0.0874,2.9111,-16.4616,,,,,,94.5978,,93.4775,,,,"Duque","","N/A","2008-01-01T00:00:00.000Z","Bay","Gelding","PRE horse (Pura Raza Espanola) - Andalusier","Dressage","","20260119T121135_logfile.itlog","2026-01-19T19:11:35.549Z","In hand","Research",,,
2,"trot","left","soft",404.18,403.79,403.835,404.195,3291.805,3291.415,3291.46,3291.82,0.7656,47.9984,0.395,0.39,0.34,0.345,0.385,0.385,0.445,0.42,254.4045,263.3179,167.1974,138.0126,52.1452,49.6815,44.0129,46.1538,,,0,0,0.01,1.3061,-0.045,-5.8776,-0.015,-1.9592,,,,,85.5771,78.4603,49.6099,54.7619,20.9538,31.5932,15.888,25.2144,31.7547,28.2708,31.2731,30.9335,-53.8224,-50.1895,-18.3367,-23.8284,13.543,5.7726,10.0354,16.0208,-7.4108,-25.8206,-5.8526,-9.1937,,,0.3982,33.6477,-0.6928,-0.0251,-12.4942,16.9231,0.0507,9.1327,-8.2326,,,,,,79.8246,84.788,89.7657,,,,"Duque","","N/A","2008-01-01T00:00:00.000Z","Bay","Gelding","PRE horse (Pura Raza Espanola) - Andalusier","Dressage","","20260119T121135_logfile.itlog","2026-01-19T19:11:35.549Z","In hand","Research",,,
2,"trot","left","soft",404.915,404.585,404.595,404.925,3292.54,3292.21,3292.22,3292.55,0.7431,47.0861,0.385,0.35,0.33,0.335,0.34,0.405,0.42,0.385,301.2061,257.2011,157.9296,151.305,51.505,46.6667,44.5946,45.5782,,,0,0,0.025,3.3642,-0.01,-1.3457,-0.01,-1.3457,,,,,82.9569,83.4342,53.285,60.1477,20.2499,25.8736,16.0908,24.846,26.8141,34.936,35.3758,33.7974,-56.1427,-48.4983,-17.9092,-26.3502,17.2374,4.177,10.8059,14.1731,-3.0124,-21.6966,-5.2849,-10.6729,,,0.6701,34.8774,15.8366,0.049,-18.7142,17.1209,0.0443,20.1846,-12.5785,,,,,,97.1198,91.5126,91.0079,,,,"Duque","","N/A","2008-01-01T00:00:00.000Z","Bay","Gelding","PRE horse (Pura Raza Espanola) - Andalusier","Dressage","","20260119T121135_logfile.itlog","2026-01-19T19:11:35.549Z","In hand","Research",,,
2,"trot","left","soft",405.685,405.33,405.325,405.675,3293.31,3292.955,3292.95,3293.3,0.775,47.255,0.385,0.36,0.35,0.37,0.385,0.395,0.4,0.415,272.773,269.2707,172.866,151.7224,49.359,47.3684,45.7516,46.5409,,,0,0,0.025,3.2258,0.005,0.6452,0.01,1.2903,,,,,83.9474,82.9992,52.5865,59.112,19.0675,25.632,18.3482,21.5676,27.8028,32.8617,32.5357,34.5146,-56.1446,-50.1374,-20.0508,-24.5974,15.8419,3.1358,12.751,12.067,-3.2256,-22.4962,-5.5971,-9.5006,,,0.6414,42.4348,24.6569,-0.0757,-16.8026,12.0626,-0.1209,9.3968,-15.54,,,,,,92.6432,91.5143,97.7591,,,,"Duque","","N/A","2008-01-01T00:00:00.000Z","Bay","Gelding","PRE horse (Pura Raza Espanola) - Andalusier","Dressage","","20260119T121135_logfile.itlog","2026-01-19T19:11:35.549Z","In hand","Research",,,
2,"trot","left","soft",406.475,406.095,406.105,406.48,3294.1,3293.72,3293.73,3294.105,0.795,46.5478,0.39,0.375,0.345,0.37,0.405,0.405,0.43,0.435,269.0019,257.8442,166.0753,151.9583,49.2114,47.7707,43.949,45.2599,,,0.005,0.6289,0.02,2.5157,-0.01,-1.2579,-0.005,-0.6289,,,,,85.4444,82.0858,54.1295,58.7258,12.3433,22.9191,15.106,14.5805,25.43,30.1476,34.7872,37.4852,-60.0144,-51.9382,-19.3424,-21.2406,7.7252,5.8983,11.6818,9.4995,-4.6181,-17.0207,-3.4242,-5.081,,,0.3512,16.1121,-7.6274,-0.0071,-5.4301,5.1757,-0.0116,9.9335,-12.9931,,,,,,85.4232,85.9744,98.5671,,,,"Duque","","N/A","2008-01-01T00:00:00.000Z","Bay","Gelding","PRE horse (Pura Raza Espanola) - Andalusier","Dressage","","20260119T121135_logfile.itlog","2026-01-19T19:11:35.549Z","In hand","Research",,,
2,"trot","left","soft",407.265,406.885,406.9,407.31,3294.89,3294.51,3294.525,3294.935,0.8031,46.0875,0.415,0.39,0.345,0.33,0.4,0.415,0.45,0.46,275.1234,241.5963,155.4888,141.5778,51.3932,49.0566,43.5331,40.367,,,0,0,0,0,-0.015,-1.8677,-0.045,-5.6031,,,,,80.3822,78.7726,51.4803,56.5521,18.0873,27.8482,16.7504,22.3402,28.908,30.7653,29.3732,36.132,-51.4742,-48.0072,-22.1071,-20.4201,16.1415,6.9714,10.3653,15.5007,-1.9457,-20.8768,-6.3851,-6.8395,,,0.5304,35.0467,18.0728,-0.2268,-14.5246,5.7718,0.1988,15.3751,-7.2247,,,,,,98.1451,87.035,96.4923,,,,"Duque","","N/A","2008-01-01T00:00:00.000Z","Bay","Gelding","PRE horse (Pura Raza Espanola) - Andalusier","Dressage","","20260119T121135_logfile.itlog","2026-01-19T19:11:35.549Z","In hand","Research",,,
2,"trot","left","soft",408.065,407.67,407.69,408.155,3295.69,3295.295,3295.315,3295.78,0.7656,45.0122,0.39,0.38,0.34,0.27,0.385,0.395,0.445,0.515,256.8046,248.7995,143.1014,136.4174,51.1475,49.1909,43.5897,36.1204,,,0.015,1.9592,0,0,-0.02,-2.6122,-0.09,-11.7551,,,,,84.8568,79.3169,53.8064,55.4515,15.1141,26.6662,15.7147,13.7819,32.7001,29.178,32.8993,45.7217,-52.1567,-50.1389,-20.9071,-9.7298,10.1912,5.6575,12.0512,12.8373,-4.9229,-21.0087,-3.6635,-0.9446,,,0.3325,23.935,7.5431,,-19.1758,-5.4556,0.111,4.0341,5.2477,,,,,,85.8896,83.3819,86.5225,,,,"Duque","","N/A","2008-01-01T00:00:00.000Z","Bay","Gelding","PRE horse (Pura Raza Espanola) - Andalusier","Dressage","","20260119T121135_logfile.itlog","2026-01-19T19:11:35.549Z","In hand","Research",,,
2,"trot","left","soft",408.815,408.44,408.465,408.865,3296.44,3296.065,3296.09,3296.49,0.765,47.1089,0.415,0.385,0.315,0.33,0.36,0.39,0.435,0.44,277.3801,251.2868,156.328,141.3602,52.5316,49.0446,43.1507,43.7086,,,0,0,0,0,-0.025,-3.268,-0.05,-6.5359,,,,,84.9043,79.1279,52.9608,55.8882,16.1655,26.2565,13.8197,26.112,30.3836,30.2194,30.1029,39.6544,-54.5207,-48.9084,-22.8579,-16.2338,13.2217,4.7375,8.4639,19.8363,-2.9438,-21.5191,-5.3558,-6.2756,,,0.4047,10.2383,6.6525,-0.006,-14.9771,4.8165,-0.1851,-7.212,-1.3155,,,,,,94.3576,97.3846,88.0364,,,,"Duque","","N/A","2008-01-01T00:00:00.000Z","Bay","Gelding","PRE horse (Pura Raza Espanola) - Andalusier","Dressage","","20260119T121135_logfile.itlog","2026-01-19T19:11:35.549Z","In hand","Research",,,
2,"trot","left","soft",409.62,409.235,409.175,409.605,3297.245,3296.86,3296.8,3297.23,0.8081,48.8763,0.425,0.37,0.4,0.385,0.39,0.41,0.395,0.41,255.614,230.5492,160.2369,147.9363,52.795,46.9841,48.048,47.678,,,0,0,0,0,0.06,7.4246,0.015,1.8561,,,,,80.2359,72.6546,52.0287,54.9768,14.0555,30.064,21.4188,24.8929,28.0759,23.6787,23.6147,30.032,-52.16,-48.9759,-28.414,-24.9448,11.7932,5.1603,14.6722,16.4445,-2.2623,-24.9037,-6.7466,-8.4484,,,0.5958,28.0745,40.3261,-0.2041,-20.8935,3.8091,-0.0763,3.7926,-11.1563,,,,,,102.9427,97.412,94.2554,,,,"Duque","","N/A","2008-01-01T00:00:00.000Z","Bay","Gelding","PRE horse (Pura Raza Espanola) - Andalusier","Dressage","","20260119T121135_logfile.itlog","2026-01-19T19:11:35.549Z","In hand","Research",,,
2,"trot","left","soft",410.415,410.03,410.045,410.425,3298.04,3297.655,3297.67,3298.05,0.8012,47.4932,0.4,0.385,0.36,0.375,0.37,0.425,0.47,0.435,247.5525,228.2549,149.7624,132.6503,51.9481,47.8261,43.9024,46.2963,,,0,0,0.015,1.8721,-0.015,-1.8721,-0.01,-1.248,,,,,81.905,76.8094,47.07,56.0279,13.1082,27.9545,14.2237,22.0835,29.7283,28.2468,26.4668,32.3704,-52.1767,-48.5626,-20.6032,-23.6575,8.4563,8.5835,8.9734,14.969,-4.6519,-19.371,-5.2503,-7.1145,,,0.6322,,-1.6792,-0.2666,-19.3044,3.4628,0.1591,13.6458,-1.6205,,,,,,99.4751,87.4743,92.9156,,,,"Duque","","N/A","2008-01-01T00:00:00.000Z","Bay","Gelding","PRE horse (Pura Raza Espanola) - Andalusier","Dressage","","20260119T121135_logfile.itlog","2026-01-19T19:11:35.549Z","In hand","Research",,,
2,"trot","left","soft",411.185,410.83,410.855,411.235,3298.81,3298.455,3298.48,3298.86,0.7437,46.4793,0.39,0.365,0.32,0.31,0.37,0.415,0.45,0.435,259.6161,237.4075,138.4138,145.1556,51.3158,47.557,44.1379,42.9066,,,0,0,0,0,-0.025,-3.3613,-0.05,-6.7227,,,,,83.9143,76.2883,52.5635,53.8941,19.4449,35.2279,13.4297,28.9996,29.1831,28.4279,33.1044,33.102,-54.7313,-47.8604,-19.4591,-20.7921,16.4427,8.6888,10.3455,21.5123,-3.0022,-26.5391,-3.0842,-7.4873,,,0.6043,28.6168,18.5303,-0.2228,-19.7296,3.9597,0.1425,14.9969,-6.5484,,,,,,86.0496,76.5794,87.0516,,,,"Duque","","N/A","2008-01-01T00:00:00.000Z","Bay","Gelding","PRE horse (Pura Raza Espanola) - Andalusier","Dressage","","20260119T121135_logfile.itlog","2026-01-19T19:11:35.549Z","In hand","Research",,,
2,"trot","left","soft",411.945,411.585,411.535,411.935,3299.57,3299.21,3299.16,3299.56,0.7656,49.9639,0.39,0.37,0.4,0.37,0.37,0.39,0.36,0.39,277.8713,264.4495,174.1652,149.9861,50.6494,48.366,52.6316,48.2085,,,0,0,0,0,0.05,6.5306,0.01,1.3061,,,,,86.8191,76.165,51.7815,58.4574,11.9435,28.9356,11.9127,25.8279,30.124,28.186,26.2286,32.948,-56.6951,-47.979,-25.5529,-25.5094,9.3608,5.3643,8.7505,14.3829,-2.5828,-23.5713,-3.1622,-11.445,,,0.6115,28.1882,26.0308,0.0626,-15.153,5.852,-0.0771,14.1507,-8.0764,,,,,,87.1141,101.1293,97.7516,,,,"Duque","","N/A","2008-01-01T00:00:00.000Z","Bay","Gelding","PRE horse (Pura Raza Espanola) - Andalusier","Dressage","","20260119T121135_logfile.itlog","2026-01-19T19:11:35.549Z","In hand","Research",,,
2,"trot","left","soft",412.725,412.355,412.295,412.71,3300.35,3299.98,3299.92,3300.335,0.7894,49.2386,0.4,0.36,0.42,0.375,0.39,0.4,0.36,0.405,278.0733,240.0757,174.0374,156.8409,51.7799,46.7532,51.6923,46.729,,,0,0,0.01,1.2668,0.06,7.601,0.015,1.9002,,,,,82.7458,74.2554,54.928,54.0594,14.0229,27.7044,17.2957,18.266,29.8447,24.6948,25.7979,26.5761,-52.9011,-49.5607,-29.1301,-27.4833,10.6751,6.2965,12.8922,9.8024,-3.3478,-21.4079,-4.4035,-8.4636,,,0.7427,34.8242,28.0535,-0.0124,-22.9692,,-0.1734,3.3631,-20.7639,,,,,,96.3155,101.8053,97.7647,,,,"Duque","","N/A","2008-01-01T00:00:00.000Z","Bay","Gelding","PRE horse (Pura Raza Espanola) - Andalusier","Dressage","","20260119T121135_logfile.itlog","2026-01-19T19:11:35.549Z","In hand","Research",,,
2,"trot","left","soft",413.48,413.135,413.14,413.535,3301.105,3300.76,3300.765,3301.16,0.7825,46.357,0.42,0.375,0.325,0.33,0.355,0.42,0.425,0.45,266.2039,227.9034,168.3736,133.9278,53.8462,48.2315,42.4837,40.8669,,,0,0,0,0,-0.005,-0.639,-0.055,-7.0288,,,,,81.7283,73.3615,51.2605,50.7328,16.3055,31.6237,17.1707,22.677,28.7907,26.9293,32.0153,31.1793,-52.9376,-46.4322,-19.2452,-19.5535,12.8993,5.7049,10.3558,16.7884,-3.4062,-25.9188,-6.8149,-5.8887,,,,34.2208,,0.1858,-2.0338,,,-16.4236,-24.4656,,,,,,93.5191,87.6788,93.3805,,,,"Duque","","N/A","2008-01-01T00:00:00.000Z","Bay","Gelding","PRE horse (Pura Raza Espanola) - Andalusier","Dressage","","20260119T121135_logfile.itlog","2026-01-19T19:11:35.549Z","In hand","Research",,,
2,"trot","left","soft",414.265,413.895,413.92,414.37,3301.89,3301.52,3301.545,3301.995,0.7775,44.8746,0.4,0.38,0.345,0.27,0.365,0.385,0.455,0.505,265.041,255.2463,148.0777,125.4644,51.9481,48.8746,43.949,34.7267,,,0,0,0.02,2.5723,-0.025,-3.2154,-0.105,-13.5048,,,,,87.5611,76.9346,49.553,52.3403,15.1408,29.4401,15.0715,23.3605,31.771,29.1924,31.2767,39.8982,-55.7901,-47.7422,-18.2763,-12.4421,11.1264,5.4719,9.6758,18.6062,-4.0144,-23.9682,-5.3957,-4.7543,,,0.5446,28.094,19.0932,0.0887,-5.1142,15.2368,-0.128,-0.6387,-12.0673,,,,,,89.0682,79.7422,92.2684,,,,"Duque","","N/A","2008-01-01T00:00:00.000Z","Bay","Gelding","PRE horse (Pura Raza Espanola) - Andalusier","Dressage","","20260119T121135_logfile.itlog","2026-01-19T19:11:35.549Z","In hand","Research",,,
2,"trot","left","soft",415.04,414.685,414.69,415.15,3302.665,3302.31,3302.315,3302.775,0.7631,44.4076,0.39,0.36,0.345,0.265,0.375,0.41,0.425,0.51,282.5846,243.9962,150.8801,127.9973,49.8403,46.4516,44.6602,36.6782,,,0,0,0.035,4.5864,-0.005,-0.6552,-0.11,-14.4144,,,,,84.7336,81.1909,51.1556,57.2532,19.4721,33.0352,16.6851,24.2909,30.1451,32.2323,31.8405,45.4475,-54.5884,-48.9586,-19.3152,-11.8057,14.9666,5.1077,9.4067,21.3827,-4.5055,-27.9275,-7.2784,-2.9082,,,0.7308,43.5008,29.7696,0.113,-8.9394,10.7608,-0.0449,7.5008,-9.7602,,,,,,102.1165,89.2548,91.9573,,,,"Duque","","N/A","2008-01-01T00:00:00.000Z","Bay","Gelding","PRE horse (Pura Raza Espanola) - Andalusier","Dressage","","20260119T121135_logfile.itlog","2026-01-19T19:11:35.549Z","In hand","Research",,,
2,"trot","left","soft",415.84,415.465,415.465,415.82,3303.465,3303.09,3303.09,3303.445,0.79,45.6023,0.385,0.36,0.345,0.35,0.41,0.42,0.43,0.405,263.4066,257.8869,157.8279,150.8209,48.8889,46.3023,42.2018,45.0161,,,0,0,0.015,1.8987,0,0,0.02,2.5316,,,,,82.0257,83.9439,54.4279,62.3056,14.2649,28.6678,21.7213,21.0633,24.6339,30.9611,33.4122,35.9623,-57.3918,-52.9829,-21.0158,-26.3433,11.0652,3.2644,12.4032,11.1903,-3.1997,-25.4033,-9.3181,-9.873,,,0.7106,,18.854,0.0315,-8.8196,11.285,-0.0554,8.3282,-12.1595,,,,,,103.3782,92.6398,102.257,,,,"Duque","","N/A","2008-01-01T00:00:00.000Z","Bay","Gelding","PRE horse (Pura Raza Espanola) - Andalusier","Dressage","","20260119T121135_logfile.itlog","2026-01-19T19:11:35.549Z","In hand","Research",,,
2,"trot","left","soft",416.62,416.24,416.325,416.62,3304.245,3303.865,3303.95,3304.245,0.8044,46.3577,0.435,0.4,0.285,0.375,0.395,0.415,0.515,0.45,255.3115,259.5822,151.6404,143.5817,53.87,49.2308,37.013,45.3172,,,0,0,0,0,-0.085,-10.5672,0,0,,,,,78.3073,74.4929,49.741,52.4593,18.8145,29.8103,11.7122,16.5096,26.4151,26.0341,37.8796,24.6473,-51.8922,-48.4588,-11.8614,-27.8119,14.7056,6.3949,9.9667,9.6296,-4.1089,-23.4153,-1.7455,-6.88,,,0.7254,42.9336,19.1822,-0.1915,-19.7487,9.0442,0.2509,,-7.0401,,,,,,88.2247,92.641,102.2751,,,,"Duque","","N/A","2008-01-01T00:00:00.000Z","Bay","Gelding","PRE horse (Pura Raza Espanola) - Andalusier","Dressage","","20260119T121135_logfile.itlog","2026-01-19T19:11:35.549Z","In hand","Research",,,
2,"trot","left","soft",417.405,417.05,417.065,417.45,3305.03,3304.675,3304.69,3305.075,0.79,47.4189,0.435,0.375,0.35,0.34,0.35,0.41,0.455,0.455,259.5098,234.6894,146.7129,124.8077,53.7037,48.0769,44.4444,43.4505,,,0,0,0,0,-0.015,-1.8987,-0.045,-5.6962,,,,,80.8526,77.5986,46.8185,56.2415,24.1585,27.3465,15.1176,20.836,29.5003,30.9516,29.1282,36.4903,-51.3523,-46.6471,-17.6903,-19.7512,16.9829,5.076,9.164,14.4494,-7.1756,-22.2705,-5.9537,-6.3865,,,0.6539,48.0575,14.0978,-0.1779,-18.5747,8.7756,0.1174,10.9625,-2.438,,,,,,103.7827,82.8248,85.5092,,,,"Duque","","N/A","2008-01-01T00:00:00.000Z","Bay","Gelding","PRE horse (Pura Raza Espanola) - Andalusier","Dressage","","20260119T121135_logfile.itlog","2026-01-19T19:11:35.549Z","In hand","Research",,,
2,"trot","left","soft",418.24,417.825,417.835,418.22,3305.865,3305.45,3305.46,3305.845,0.7869,46.4029,0.365,0.385,0.35,0.36,0.4,0.4,0.42,0.43,238.2717,242.2926,146.695,138.2814,47.7124,48.7342,44.4444,44.7205,,,0.01,1.2708,0.015,1.9063,-0.01,-1.2708,0.02,2.5417,,,,,83.1749,80.0322,50.1006,58.2822,12.8564,27.2369,19.3056,19.0324,30.7111,30.8601,31.021,34.8003,-52.4639,-49.172,-19.0796,-23.4819,11.1945,3.5921,13.6416,12.0567,-1.662,-23.6448,-5.664,-6.9757,,,0.5492,32.7817,22.5486,0.0241,-5.9295,0.0121,-0.0329,6.4721,-1.0176,,,,,,98.3495,88.6654,97.8113,,,,"Duque","","N/A","2008-01-01T00:00:00.000Z","Bay","Gelding","PRE horse (Pura Raza Espanola) - Andalusier","Dressage","","20260119T121135_logfile.itlog","2026-01-19T19:11:35.549Z","In hand","Research",,,
2,"trot","left","soft",419.005,418.62,418.64,419.04,3306.63,3306.245,3306.265,3306.665,0.7963,46.6147,0.405,0.385,0.355,0.34,0.4,0.41,0.455,0.46,254.7308,244.833,150.0235,139.7584,49.8462,49.2013,44.0994,43.3121,,,0,0,0,0,-0.02,-2.5118,-0.035,-4.3956,,,,,79.5478,78.8163,48.3304,54.352,10.542,26.0468,14.7735,20.3849,25.9774,29.3074,28.5291,34.7113,-53.5704,-49.5089,-19.8013,-19.6406,9.2303,5.0838,11.6215,14.1852,-1.3117,-20.963,-3.152,-6.1997,,,0.5323,40.2108,9.4303,0.0102,-8.356,7.4878,0.0633,13.4338,-9.4888,,,,,,96.1606,91.7171,97.8619,,,,"Duque","","N/A","2008-01-01T00:00:00.000Z","Bay","Gelding","PRE horse (Pura Raza Espanola) - Andalusier","Dressage","","20260119T121135_logfile.itlog","2026-01-19T19:11:35.549Z","In hand","Research",,,
2,"trot","left","soft",419.825,419.39,419.44,419.81,3307.45,3307.015,3307.065,3307.435,0.8294,50.5724,0.435,0.47,0.37,0.405,0.415,0.385,0.445,0.43,232.5256,248.3502,146.4279,135.2159,52.2523,55.132,45.9627,48.9426,,,0,0,0,0,-0.05,-6.0286,0.015,1.8086,,,,,79.1416,76.1388,52.6557,58.1028,12.1808,18.1215,14.8425,20.349,26.3625,26.9628,31.5803,33.9088,-52.7792,-49.176,-21.0754,-24.194,9.0205,2.6233,12.787,11.7588,-3.1603,-15.4982,-2.0555,-8.5902,,,0.5701,38.4502,16.27,-0.157,-15.2933,9.7088,0.1895,16.7917,-4.2031,,,,,,90.5594,91.7198,95.8153,,,,"Duque","","N/A","2008-01-01T00:00:00.000Z","Bay","Gelding","PRE horse (Pura Raza Espanola) - Andalusier","Dressage","","20260119T121135_logfile.itlog","2026-01-19T19:11:35.549Z","In hand","Research",,,
2,"trot","left","soft",420.64,420.24,420.235,420.63,3308.265,3307.865,3307.86,3308.255,0.8219,50.8108,0.43,0.42,0.405,0.415,0.38,0.38,0.425,0.415,243.1168,233.1776,154.4805,145.7142,52.5994,51.3761,48.503,50.7645,,,0,0,0.005,0.6084,0.005,0.6084,0.01,1.2167,,,,,81.592,77.4899,51.8496,55.4355,18.9042,23.3191,16.9533,26.7468,30.1317,28.4285,26.5478,30.1325,-51.4603,-49.0615,-25.3019,-25.303,14.7843,8.4047,8.4211,16.6047,-4.1199,-14.9145,-8.5322,-10.1421,,,0.3644,39.6111,-4.9489,-0.0713,-11.0762,4.9177,0.1431,21.3183,-7.5014,,,,,,90.0807,81.142,90.8171,,,,"Duque","","N/A","2008-01-01T00:00:00.000Z","Bay","Gelding","PRE horse (Pura Raza Espanola) - Andalusier","Dressage","","20260119T121135_logfile.itlog","2026-01-19T19:11:35.549Z","In hand","Research",,,
2,"trot","left","soft",421.465,421.075,421.075,421.435,3309.09,3308.7,3308.7,3309.06,0.7712,48.1436,0.36,0.37,0.365,0.39,0.395,0.415,0.435,0.39,250.0394,230.9806,148.8743,151.7333,48.1605,47.7419,46.3492,50.3226,,,0,0,0.015,1.9449,0,0,0.03,3.8898,,,,,86.018,81.4347,56.7272,61.0975,13.3655,25.6013,14.1418,22.758,30.7744,32.5202,35.7869,35.6805,-55.2436,-48.9145,-20.9404,-25.417,9.9188,5.7974,10.7684,14.0732,-3.4468,-19.8039,-3.3734,-8.6848,,,0.4782,30.6193,-2.093,-0.1604,-11.2958,7.0067,0.1941,13.1423,-6.7966,,,,,,84.0739,78.6376,88.1137,,,,"Duque","","N/A","2008-01-01T00:00:00.000Z","Bay","Gelding","PRE horse (Pura Raza Espanola) - Andalusier","Dressage","","20260119T121135_logfile.itlog","2026-01-19T19:11:35.549Z","In hand","Research",,,
2,"trot","left","soft",422.205,421.84,421.85,422.205,3309.83,3309.465,3309.475,3309.83,0.7413,47.8845,0.365,0.36,0.335,0.36,0.38,0.395,0.41,0.38,276.6068,256.1284,176.9447,160.9766,48.9933,47.3684,46.5278,48.6486,,,0.005,0.6745,0,0,-0.01,-1.3491,0,0,,,,,88.0634,81.94,53.5378,60.093,18.6903,28.2929,12.5463,27.2826,30.7666,30.5812,30.5439,34.3445,-57.2967,-51.3588,-22.9939,-25.7485,15.2807,5.3813,7.7386,17.4364,-3.4095,-22.9117,-4.8077,-9.8462,,,0.3631,8.8331,12.7119,-0.136,-11.3535,-2.2132,0.1085,6.1803,3.9727,,,,,,79.9216,84.2542,79.3292,,,,"Duque","","N/A","2008-01-01T00:00:00.000Z","Bay","Gelding","PRE horse (Pura Raza Espanola) - Andalusier","Dressage","","20260119T121135_logfile.itlog","2026-01-19T19:11:35.549Z","In hand","Research",,,
2,"trot","left","soft",422.95,422.605,422.545,422.945,3310.575,3310.23,3310.17,3310.57,0.76,48.0108,0.365,0.345,0.39,0.36,0.38,0.405,0.36,0.38,281.5808,255.5813,184.1633,162.3404,48.505,45.6954,50.1608,47.6821,,,0,0,0.035,4.6053,0.06,7.8947,0.005,0.6579,,,,,84.7162,80.0408,53.3502,59.0395,17.0883,29.9445,19.7894,21.401,27.7959,28.774,26.8404,32.3155,-56.9202,-51.2669,-26.5098,-26.724,12.6912,4.5037,13.9788,12.0327,-4.397,-25.4408,-5.8106,-9.3682,,,0.4327,9.773,28.9258,-0.201,-21.2573,-0.8533,0.085,12.2226,-0.4089,,,,,,79.8949,93.799,90.9621,,,,"Duque","","N/A","2008-01-01T00:00:00.000Z","Bay","Gelding","PRE horse (Pura Raza Espanola) - Andalusier","Dressage","","20260119T121135_logfile.itlog","2026-01-19T19:11:35.549Z","In hand","Research",,,
2,"trot","left","soft",423.71,423.365,423.35,423.715,3311.335,3310.99,3310.975,3311.34,0.7456,45.149,0.355,0.33,0.335,0.325,0.395,0.415,0.415,0.41,258.7424,250.0921,173.9027,145.7549,48.1356,44.7458,46.0481,41.6667,,,0.015,2.0117,0,0,0.015,2.0117,-0.005,-0.6706,,,,,87.1845,79.0553,53.234,58.9196,19.7221,30.1024,12.9347,20.9037,32.7428,29.7264,29.3121,32.0516,-54.4416,-49.3289,-23.9219,-26.868,13.5981,6.6627,9.1174,13.5386,-6.124,-23.4397,-3.8173,-7.3651,,,0.4442,17.2643,11.2464,-0.1859,,6.9883,0.0952,,-10.4881,,,,,,76.903,100.2056,98.3519,,,,"Duque","","N/A","2008-01-01T00:00:00.000Z","Bay","Gelding","PRE horse (Pura Raza Espanola) - Andalusier","Dressage","","20260119T121135_logfile.itlog","2026-01-19T19:11:35.549Z","In hand","Research",,,
2,"trot","left","soft",424.435,424.095,424.055,424.54,3312.06,3311.72,3311.68,3312.165,0.7312,44.6217,0.365,0.33,0.375,0.24,0.37,0.4,0.37,0.5,287.5214,254.8124,178.628,144.0237,49.6599,45.3608,49.1803,34.2857,,,0.005,0.6838,0.02,2.735,0.04,5.4701,-0.105,-14.359,,,,,83.3571,77.9076,54.8951,56.4469,20.794,35.9787,19.7217,24.4157,27.2967,26.7715,28.3105,43.6008,-56.0605,-51.1361,-26.5846,-12.8461,16.0291,8.1734,12.1957,22.0535,-4.7649,-27.8053,-7.5259,-2.3622,,,0.565,12.2264,28.0848,-0.054,,,-0.102,14.0523,-23.7468,,,,,,88.0332,97.9395,94.5599,,,,"Duque","","N/A","2008-01-01T00:00:00.000Z","Bay","Gelding","PRE horse (Pura Raza Espanola) - Andalusier","Dressage","","20260119T121135_logfile.itlog","2026-01-19T19:11:35.549Z","In hand","Research",,,
2,"trot","left","soft",425.17,424.82,424.835,425.2,3312.795,3312.445,3312.46,3312.825,0.7556,45.3859,0.365,0.355,0.33,0.32,0.37,0.395,0.405,0.42,275.7578,265.369,174.4395,150.3705,48.8294,47.3333,44.7458,40.6349,,,0,0,0.035,4.6319,-0.015,-1.9851,-0.03,-3.9702,,,,,82.682,78.0242,52.5985,58.4132,17.8185,33.8036,18.6009,25.35,28.1771,28.9503,34.6506,37.4122,-54.5049,-49.0739,-17.948,-21.001,13.3856,4.5367,12.5069,17.4447,-4.4329,-29.2669,-6.094,-7.9052,,,0.6679,28.298,37.5928,0.1547,-9.1823,20.2071,-0.1965,7.4028,-21.8335,,,,,,98.6625,97.8141,91.4456,,,,"Duque","","N/A","2008-01-01T00:00:00.000Z","Bay","Gelding","PRE horse (Pura Raza Espanola) - Andalusier","Dressage","","20260119T121135_logfile.itlog","2026-01-19T19:11:35.549Z","In hand","Research",,,
2,"trot","left","soft",425.93,425.57,425.575,426.035,3313.555,3313.195,3313.2,3313.66,0.7612,44.0489,0.395,0.355,0.34,0.255,0.395,0.395,0.41,0.515,261.5293,256.1779,175.9431,141.4804,50.3185,46.7105,44.5902,34.5763,,,0.005,0.6568,0.015,1.9704,-0.005,-0.6568,-0.105,-13.7931,,,,,78.8188,75.1778,55.3545,53.3045,24.47,30.6694,16.5816,19.0665,28.2224,24.2922,34.5641,40.5438,-50.5965,-50.8856,-20.7905,-12.7607,17.3103,6.5512,12.9071,17.0189,-7.1597,-24.1182,-3.6745,-2.0475,,,0.833,39.4037,,-0.0907,-21.6365,16.2179,-0.1256,0.1473,-13.0582,,,,,,,97.8242,91.4418,,,,"Duque","","N/A","2008-01-01T00:00:00.000Z","Bay","Gelding","PRE horse (Pura Raza Espanola) - Andalusier","Dressage","","20260119T121135_logfile.itlog","2026-01-19T19:11:35.549Z","In hand","Research",,,
2,"trot","left","soft",426.71,426.34,426.35,426.74,3314.335,3313.965,3313.975,3314.365,0.7525,45.5097,0.36,0.36,0.34,0.31,0.385,0.415,0.435,0.45,239.1223,235.9245,165.631,132.9096,48.4848,47.2131,44.5902,41.7508,,,0.01,1.3289,0.02,2.6578,-0.01,-1.3289,-0.03,-3.9867,,,,,81.3261,75.3704,52.4278,55.0697,18.9304,30.7896,13.8979,22.0489,29.2464,27.4135,32.2779,34.6128,-52.0798,-47.9569,-20.1499,-20.4569,12.9385,6.6031,9.1056,16.1389,-5.992,-24.1865,-4.7923,-5.91,,,0.6629,31.9942,40.8592,-0.0658,-19.725,20.771,0.1459,12.0657,-10.9009,,,,,,104.7015,87.1481,88.5589,,,,"Duque","","N/A","2008-01-01T00:00:00.000Z","Bay","Gelding","PRE horse (Pura Raza Espanola) - Andalusier","Dressage","","20260119T121135_logfile.itlog","2026-01-19T19:11:35.549Z","In hand","Research",,,
2,"trot","left","soft",427.45,427.09,427.1,427.465,3315.075,3314.715,3314.725,3315.09,0.7506,46.1233,0.365,0.36,0.32,0.34,0.38,0.39,0.41,0.415,265.4374,251.3254,159.0334,143.399,48.6667,47.8405,42.953,45.0331,,,0,0,0.03,3.9967,-0.01,-1.3322,-0.015,-1.9983,,,,,84.8679,78.116,52.5267,55.7349,20.1583,29.7426,18.6774,23.4071,30.7211,28.9611,32.5037,33.6868,-54.1468,-49.1549,-20.023,-22.048,12.5441,6.1225,11.8189,15.9909,-7.6142,-23.6201,-6.8585,-7.4162,,,0.4876,21.0127,27.2303,-0.0149,-11.2681,8.8949,-0.0796,8.2177,-6.6578,,,,,,82.8731,83.0722,85.404,,,,"Duque","","N/A","2008-01-01T00:00:00.000Z","Bay","Gelding","PRE horse (Pura Raza Espanola) - Andalusier","Dressage","","20260119T121135_logfile.itlog","2026-01-19T19:11:35.549Z","In hand","Research",,,
2,"trot","left","soft",428.205,427.845,427.86,428.22,3315.83,3315.47,3315.485,3315.845,0.7487,45.2443,0.355,0.345,0.33,0.325,0.39,0.395,0.44,0.415,279.2129,259.7439,154.8875,148.8827,47.1761,46.1538,43.2787,44.3686,,,0.015,2.0033,0.04,5.3422,-0.015,-2.0033,-0.015,-2.0033,,,,,83.1181,82.2248,54.7348,60.1219,25.0787,31.7514,17.3176,28.3179,29.059,31.8324,34.8807,38.7152,-54.0591,-50.3924,-19.854,-21.4067,19.2194,5.9736,9.6772,19.725,-5.8593,-25.7779,-7.6405,-8.5929,,,0.4568,41.2208,-5.3737,0.0257,-13.9959,11.2232,-0.0636,7.7402,-12.5048,,,,,,89.3926,99.1914,89.7512,,,,"Duque","","N/A","2008-01-01T00:00:00.000Z","Bay","Gelding","PRE horse (Pura Raza Espanola) - Andalusier","Dressage","","20260119T121135_logfile.itlog","2026-01-19T19:11:35.549Z","In hand","Research",,,
2,"trot","left","soft",428.965,428.6,428.615,428.945,3316.59,3316.225,3316.24,3316.57,0.7756,45.8879,0.37,0.345,0.32,0.39,0.405,0.41,0.425,0.4,265.4432,258.9232,166.5355,164.0089,47.5884,45.2459,41.9672,48.75,,,0,0,0.035,4.5125,-0.015,-1.9339,0.02,2.5786,,,,,79.0257,79.961,57.12,59.3681,21.9062,38.1193,18.2587,25.6731,23.6459,27.2808,37.0573,34.4814,-55.3798,-52.6802,-20.0627,-24.8867,18.1361,5.5657,11.3301,14.0826,-3.7702,-32.5537,-6.9286,-11.5905,,,0.4577,32.621,6.8345,-0.2004,-21.9312,6.8766,0.0623,11.961,-6.5407,,,,,,83.294,99.1936,98.6999,,,,"Duque","","N/A","2008-01-01T00:00:00.000Z","Bay","Gelding","PRE horse (Pura Raza Espanola) - Andalusier","Dressage","","20260119T121135_logfile.itlog","2026-01-19T19:11:35.549Z","In hand","Research",,,
2,"trot","left","soft",429.745,429.37,429.395,429.755,3317.37,3316.995,3317.02,3317.38,0.7781,45.9287,0.385,0.365,0.325,0.355,0.41,0.425,0.46,0.42,252.3541,257.9563,168.1322,156.9243,49.2013,46.9453,42.3453,45.2229,,,0.01,1.2851,0.005,0.6426,-0.025,-3.2129,-0.01,-1.2851,,,,,82.2876,78.618,51.2875,56.4101,20.3081,28.6855,13.792,17.2511,27.9537,26.5522,33.1692,32.2786,-54.3339,-52.0658,-18.1183,-24.1315,14.6483,5.4502,9.6599,9.9143,-5.6598,-23.2353,-4.1321,-7.3367,,,0.3701,34.6455,-6.1584,-0.2756,-23.5407,3.0821,0.3004,19.9843,0.942,,,,,,83.9752,92.9035,99.7015,,,,"Duque","","N/A","2008-01-01T00:00:00.000Z","Bay","Gelding","PRE horse (Pura Raza Espanola) - Andalusier","Dressage","","20260119T121135_logfile.itlog","2026-01-19T19:11:35.549Z","In hand","Research",,,
2,"trot","left","soft",430.515,430.135,430.145,430.55,3318.14,3317.76,3317.77,3318.175,0.76,45.5242,0.37,0.37,0.35,0.295,0.385,0.4,0.425,0.44,259.3406,247.8355,157.0644,141.0281,49.0066,48.0519,45.3074,39.7306,,,0.01,1.3158,0.02,2.6316,-0.01,-1.3158,-0.035,-4.6053,,,,,84.2024,79.3314,52.3421,58.2091,18.4166,29.5516,18.3293,17.8412,29.6937,28.5609,30.4843,36.6425,-54.5087,-50.7705,-21.8578,-21.5666,14.1639,5.3968,10.248,11.6646,-4.2526,-24.1548,-8.0813,-6.1766,,,0.3659,32.5011,-5.6178,-0.192,-19.9965,1.6544,0.0885,5.4218,3.2395,,,,,,82.6613,90.9096,86.5146,,,,"Duque","","N/A","2008-01-01T00:00:00.000Z","Bay","Gelding","PRE horse (Pura Raza Espanola) - Andalusier","Dressage","","20260119T121135_logfile.itlog","2026-01-19T19:11:35.549Z","In hand","Research",,,
2,"trot","left","soft",431.27,430.905,430.915,431.3,3318.895,3318.53,3318.54,3318.925,0.7594,45.4234,0.375,0.36,0.33,0.315,0.385,0.4,0.42,0.455,272.8035,251.8502,163.7359,135.0067,48.3871,47.2131,45.0512,41.0423,,,0.005,0.6584,0,0,-0.01,-1.3169,-0.03,-3.9506,,,,,82.9202,80.5127,52.7389,58.4242,20.8124,30.7271,12.5149,18.019,28.8836,30.7533,32.368,34.8258,-54.0365,-49.7594,-20.3709,-23.5984,16.7257,6.4782,10.1328,11.3022,-4.0867,-24.2488,-2.3821,-6.7167,,,0.4919,20.4333,8.2731,-0.1622,-22.3077,3.5203,0.1149,12.6935,3.9517,,,,,,83.0159,95.542,91.5442,,,,"Duque","","N/A","2008-01-01T00:00:00.000Z","Bay","Gelding","PRE horse (Pura Raza Espanola) - Andalusier","Dressage","","20260119T121135_logfile.itlog","2026-01-19T19:11:35.549Z","In hand","Research",,,
2,"trot","left","soft",432.06,431.67,431.63,432.065,3319.685,3319.295,3319.255,3319.69,0.7769,45.2188,0.35,0.35,0.38,0.325,0.415,0.405,0.385,0.45,250.09,256.8743,168.3018,142.297,45.6026,45.9016,48.1013,41.2698,,,0.04,5.1488,0.03,3.8616,0.04,5.1488,-0.005,-0.6436,,,,,87.7253,80.6589,52.5527,62.165,16.6417,27.8249,20.062,20.6077,32.0414,31.1306,27.263,42.3497,-55.6839,-49.5283,-25.2898,-19.8153,12.9902,4.0026,13.7703,13.951,-3.6515,-23.8222,-6.2917,-6.6567,,,0.5612,19.6041,25.9288,0.0021,-20.7197,14.5166,-0.1779,7.5366,-13.4383,,,,,,94.0118,,100.0318,,,,"Duque","","N/A","2008-01-01T00:00:00.000Z","Bay","Gelding","PRE horse (Pura Raza Espanola) - Andalusier","Dressage","","20260119T121135_logfile.itlog","2026-01-19T19:11:35.549Z","In hand","Research",,,
2,"trot","left","soft",432.83,432.44,432.445,432.865,3320.455,3320.065,3320.07,3320.49,0.7894,46.2291,0.4,0.37,0.36,0.33,0.42,0.42,0.435,0.475,264.9444,240.1837,162.4136,153.3721,50.4732,46.8354,45.5696,42.0382,,,0.02,2.5337,0,0,-0.005,-0.6334,-0.035,-4.4339,,,,,85.5434,80.7933,54.5027,54.5305,15.9716,24.4473,14.2334,18.0226,32.7561,26.2584,31.8424,38.2356,-52.7873,-54.5349,-22.6603,-16.2949,12.5173,3.7927,10.0613,13.1852,-3.4543,-20.6546,-4.1721,-4.8375,,,0.6332,25.5746,37.0968,-0.149,-25.1745,17.3028,-0.1076,1.899,-21.1012,,,,,,96.3208,,100.0159,,,,"Duque","","N/A","2008-01-01T00:00:00.000Z","Bay","Gelding","PRE horse (Pura Raza Espanola) - Andalusier","Dressage","","20260119T121135_logfile.itlog","2026-01-19T19:11:35.549Z","In hand","Research",,,
2,"trot","left","soft",433.595,433.23,433.23,433.63,3321.22,3320.855,3320.855,3321.255,0.7775,46.939,0.41,0.37,0.35,0.33,0.365,0.42,0.425,0.435,268.1818,243.4114,166.6809,137.2295,52.9032,46.9841,44.8718,42.9967,,,0,0,0.01,1.2862,0,0,-0.035,-4.5016,,,,,81.5679,80.1259,50.3782,58.5926,14.4094,27.0789,17.1177,21.4333,29.6254,31.3375,28.5792,36.2275,-51.9425,-48.7884,-21.799,-22.3651,11.2232,5.1335,11.4682,15.1409,-3.1862,-21.9454,-5.6495,-6.2925,,,0.6679,37.1516,26.6692,-0.0703,-13.2303,10.697,-0.1667,-2.0282,-10.2962,,,,,,94.975,91.3693,90.0329,,,,"Duque","","N/A","2008-01-01T00:00:00.000Z","Bay","Gelding","PRE horse (Pura Raza Espanola) - Andalusier","Dressage","","20260119T121135_logfile.itlog","2026-01-19T19:11:35.549Z","In hand","Research",,,
2,"trot","left","soft",434.37,434.015,434.015,434.4,3321.995,3321.64,3321.64,3322.025,0.7663,46.9669,0.4,0.355,0.345,0.34,0.365,0.415,0.435,0.44,261.8943,249.2629,150.2177,149.83,51.6129,46.4052,44.5161,45.3333,,,0,0,0.005,0.6525,0,0,-0.03,-3.9152,,,,,83.7119,81.8713,51.5696,57.0741,15.5683,25.4964,16.8686,27.2649,30.8397,32.2824,28.5364,39.5039,-52.8722,-49.5889,-23.0331,-17.5703,13.9949,3.7647,9.9652,20.8466,-1.5734,-21.7317,-6.9034,-6.4183,,,0.7213,35.3024,29.5286,0.0262,-13.5921,14.6088,-0.1908,3.4024,-16.6845,,,,,,94.9574,87.1719,92.771,,,,"Duque","","N/A","2008-01-01T00:00:00.000Z","Bay","Gelding","PRE horse (Pura Raza Espanola) - Andalusier","Dressage","","20260119T121135_logfile.itlog","2026-01-19T19:11:35.549Z","In hand","Research",,,
2,"trot","left","soft",435.155,434.775,434.785,435.12,3322.78,3322.4,3322.41,3322.745,0.7675,47.2446,0.375,0.37,0.34,0.365,0.385,0.405,0.425,0.38,253.4101,252.6815,159.246,157.5418,49.3421,47.8964,43.871,47.8689,,,0,0,0.015,1.9544,-0.01,-1.3029,0.035,4.5603,,,,,85.7989,81.1231,53.2482,60.2232,12.1186,24.3829,17.4302,21.156,29.7364,31.0919,34.7172,32.4325,-56.0625,-50.0312,-18.531,-27.7907,9.2167,5.2236,12.8135,11.2308,-2.9019,-19.1593,-4.6167,-9.9252,,,0.2986,11.8754,25.5977,-0.021,-11.1425,9.588,-0.1756,-0.8603,-20.6602,,,,,,84.1939,93.4244,89.4988,,,,"Duque","","N/A","2008-01-01T00:00:00.000Z","Bay","Gelding","PRE horse (Pura Raza Espanola) - Andalusier","Dressage","","20260119T121135_logfile.itlog","2026-01-19T19:11:35.549Z","In hand","Research",,,
2,"trot","left","soft",435.915,435.545,435.57,435.9,3323.54,3323.17,3323.195,3323.525,0.7937,46.4675,0.405,0.37,0.325,0.375,0.385,0.4,0.445,0.415,266.4794,244.4092,156.1838,146.4857,51.2658,47.7419,42.4837,44.3787,,,0,0,0.005,0.6299,-0.025,-3.1496,0.015,1.8898,,,,,82.3703,76.2375,53.2246,54.9429,17.3404,27.1873,16.6195,24.188,28.4815,27.2016,33.2354,27.0966,-53.8888,-49.0359,-19.9891,-27.8463,13.5697,4.5815,10.7305,14.5581,-3.7707,-22.6057,-5.889,-9.6298,,,0.4212,15.5719,9.2258,-0.2096,-21.619,6.795,-0.0868,0.7774,-8.1978,,,,,,68.4927,93.357,84.8256,,,,"Duque","","N/A","2008-01-01T00:00:00.000Z","Bay","Gelding","PRE horse (Pura Raza Espanola) - Andalusier","Dressage","","20260119T121135_logfile.itlog","2026-01-19T19:11:35.549Z","In hand","Research",,,
2,"trot","left","soft",436.705,436.325,436.33,436.8,3324.33,3323.95,3323.955,3324.425,0.7669,44.2921,0.38,0.365,0.35,0.265,0.385,0.41,0.435,0.525,246.5342,236.5028,157.6299,127.7735,50,47.2492,44.586,35.3333,,,0.015,1.956,0.01,1.304,-0.005,-0.652,-0.095,-12.3879,,,,,82.7366,79.821,50.1135,57.0865,16.5091,26.8831,16.6498,20.5905,30.3222,28.9682,29.5584,43.8678,-52.4144,-50.8528,-20.5551,-13.2187,10.1557,7.2995,10.9497,18.2851,-6.3533,-19.5836,-5.7001,-2.3054,,,0.3361,30.6491,1.6357,-0.218,-13.76,-1.0887,0.1103,3.1186,1.8674,,,,,,86.0734,86.9983,88.7535,,,,"Duque","","N/A","2008-01-01T00:00:00.000Z","Bay","Gelding","PRE horse (Pura Raza Espanola) - Andalusier","Dressage","","20260119T121135_logfile.itlog","2026-01-19T19:11:35.549Z","In hand","Research",,,
2,"trot","left","soft",437.46,437.095,437.115,437.51,3325.085,3324.72,3324.74,3325.135,0.7656,46.2977,0.405,0.365,0.34,0.31,0.375,0.405,0.435,0.445,257.9159,247.5396,154.4866,139.6336,51.5924,47.4026,43.7299,42.4658,,,0,0,0,0,-0.02,-2.6122,-0.05,-6.5306,,,,,81.6929,80.2027,50.5777,53.3674,20.4834,31.1753,16.312,26.8861,28.8763,28.2513,30.7979,34.9344,-52.8166,-51.9513,-19.7798,-18.433,16.6179,5.8662,9.5081,20.2625,-3.8655,-25.309,-6.8039,-6.6235,,,0.6263,46.062,-0.7352,-0.1568,-22.4995,3.9145,0.0181,14.7231,-2.4247,,,,,,97.4215,88.6133,95.1467,,,,"Duque","","N/A","2008-01-01T00:00:00.000Z","Bay","Gelding","PRE horse (Pura Raza Espanola) - Andalusier","Dressage","","20260119T121135_logfile.itlog","2026-01-19T19:11:35.549Z","In hand","Research",,,
2,"trot","left","soft",438.25,437.865,437.895,438.215,3325.875,3325.49,3325.52,3325.84,0.7713,46.6447,0.38,0.375,0.32,0.365,0.385,0.405,0.44,0.395,253.9711,262.3057,148.8605,145.0211,49.1909,48.0769,43.686,45.625,,,0,0,0,0,-0.03,-3.8898,0.035,4.5381,,,,,83.1624,81.3372,51.8798,60.2853,15.2182,26.0778,11.6942,22.2851,28.8297,31.4785,33.479,31.9376,-54.3327,-49.8587,-18.4008,-28.3478,12.272,3.7555,9.714,12.3941,-2.9462,-22.3223,-1.9802,-9.891,,,0.5881,29.1741,26.4413,-0.0522,-18.3676,13.3063,-0.1345,13.479,-21.0455,,,,,,92.532,93.4939,102.5385,,,,"Duque","","N/A","2008-01-01T00:00:00.000Z","Bay","Gelding","PRE horse (Pura Raza Espanola) - Andalusier","Dressage","","20260119T121135_logfile.itlog","2026-01-19T19:11:35.549Z","In hand","Research",,,
2,"trot","left","soft",439.03,438.645,438.6,439.055,3326.655,3326.27,3326.225,3326.68,0.82,47.9324,0.425,0.38,0.41,0.355,0.4,0.405,0.385,0.475,250.3808,247.9334,163.3556,140.8345,52.4691,47.7987,49.697,41.7647,,,0.005,0.6098,0,0,0.045,5.4878,-0.025,-3.0488,,,,,80.5365,75.8906,50.9288,53.8909,15.1072,23.1767,17.689,19.6853,29.357,25.2926,24.1344,32.8286,-51.1795,-50.598,-26.7944,-21.0623,9.4817,4.6158,12.3684,13.5631,-5.6255,-18.561,-5.3206,-6.1221,,,0.5274,24.9772,20.5781,-0.0828,-16.3809,6.5609,-0.0266,15.0225,-19.0452,,,,,,89.6305,96.0877,102.571,,,,"Duque","","N/A","2008-01-01T00:00:00.000Z","Bay","Gelding","PRE horse (Pura Raza Espanola) - Andalusier","Dressage","","20260119T121135_logfile.itlog","2026-01-19T19:11:35.549Z","In hand","Research",,,
2,"trot","left","soft",439.825,439.45,439.455,439.925,3327.45,3327.075,3327.08,3327.55,0.7912,45.5331,0.43,0.385,0.36,0.27,0.37,0.425,0.445,0.515,249.9637,227.3818,149.4924,121.3167,54.0881,47.9751,44.3077,35.7616,,,0,0,0,0,-0.005,-0.6319,-0.1,-12.6382,,,,,79.8455,76.123,48.6969,53.047,18.7011,29.6975,15.5541,20.7887,28.7652,28.2173,27.2403,39.5701,-51.0803,-47.9057,-21.4566,-13.4769,15.3707,7.8861,8.7881,18.4558,-3.3304,-21.8114,-6.766,-2.3328,,,0.4446,28.1538,12.704,-0.0157,-12.5488,15.475,-0.1102,4.231,-16.8818,,,,,,89.0882,89.9201,95.2015,,,,"Duque","","N/A","2008-01-01T00:00:00.000Z","Bay","Gelding","PRE horse (Pura Raza Espanola) - Andalusier","Dressage","","20260119T121135_logfile.itlog","2026-01-19T19:11:35.549Z","In hand","Research",,,
2,"trot","left","soft",440.615,440.245,440.275,440.65,3328.24,3327.87,3327.9,3328.275,0.7831,45.1869,0.395,0.375,0.325,0.32,0.36,0.41,0.46,0.455,255.4575,246.1,137.3074,130.706,50.8039,47.7707,41.6667,40.5063,,,0,0,0.02,2.5539,-0.03,-3.8308,-0.035,-4.4693,,,,,85.7691,77.1728,49.1637,57.144,13.9064,27.0791,16.1068,18.9512,30.471,28.3152,32.8325,35.6819,-55.2981,-48.8576,-16.3312,-21.4621,9.3843,4.133,10.6827,13.0565,-4.522,-22.946,-5.4241,-5.8947,,,0.6042,37.2311,14.468,0.0548,-8.9668,10.7021,-0.1761,0.5182,-17.1553,,,,,,84.8583,90.0762,90.9896,,,,"Duque","","N/A","2008-01-01T00:00:00.000Z","Bay","Gelding","PRE horse (Pura Raza Espanola) - Andalusier","Dressage","","20260119T121135_logfile.itlog","2026-01-19T19:11:35.549Z","In hand","Research",,,
2,"trot","left","soft",441.415,441.03,441.05,441.455,3329.04,3328.655,3328.675,3329.08,0.7906,45.3234,0.405,0.365,0.34,0.325,0.405,0.41,0.45,0.485,269.4484,243.5843,147.9211,133.1352,49.6933,46.3492,43.4505,41.8006,,,0.02,2.5296,0.005,0.6324,-0.02,-2.5296,-0.04,-5.0593,,,,,83.4791,81.5102,53.2291,60.8282,22.9946,29.8045,14.326,25.6838,29.976,30.3645,34.495,41.3742,-53.5031,-51.1457,-18.7341,-19.4539,16.5348,6.8836,9.6551,18.2259,-6.4598,-22.9209,-4.6708,-7.4579,,,0.6411,47.5806,10.2226,-0.0018,-12.7196,10.1515,-0.048,2.3881,-5.8405,,,,,,98.8519,97.1067,93.0853,,,,"Duque","","N/A","2008-01-01T00:00:00.000Z","Bay","Gelding","PRE horse (Pura Raza Espanola) - Andalusier","Dressage","","20260119T121135_logfile.itlog","2026-01-19T19:11:35.549Z","In hand","Research",,,
2,"trot","left","soft",442.235,441.83,441.825,442.2,3329.86,3329.455,3329.45,3329.825,0.795,46.5416,0.365,0.37,0.36,0.385,0.415,0.435,0.435,0.42,238.4445,241.1794,155.8363,155.8683,47.2492,46.395,45.283,47.2393,,,0,0,0.02,2.5157,0.005,0.6289,0.035,4.4025,,,,,84.2063,78.5519,54.1307,57.002,11.5275,29.4846,16.5483,25.3115,25.9479,26.8382,31.8912,33.3977,-58.2584,-51.7137,-22.2395,-23.6043,10.948,3.9395,10.4302,14.013,-0.5794,-25.5451,-6.1181,-11.2985,,,0.5276,38.4763,15.2733,-0.1478,-18.6183,9.7448,0.0413,10.5283,-6.9099,,,,,,94.692,97.108,95.9895,,,,"Duque","","N/A","2008-01-01T00:00:00.000Z","Bay","Gelding","PRE horse (Pura Raza Espanola) - Andalusier","Dressage","","20260119T121135_logfile.itlog","2026-01-19T19:11:35.549Z","In hand","Research",,,
2,"trot","left","soft",443,442.62,442.62,443.025,3330.625,3330.245,3330.245,3330.65,0.8119,46.8446,0.42,0.38,0.36,0.36,0.4,0.42,0.435,0.44,267.0614,245.0702,169.192,148.5226,52.0124,47.7987,44.582,42.9851,,,0,0,0,0,0,0,-0.025,-3.0793,,,,,79.5575,76.8374,47.8914,52.0372,13.7675,25.1105,16.0409,19.7813,29.8509,28.5413,28.1593,33.3133,-49.7066,-48.2961,-19.7321,-18.7238,10.653,3.7343,12.306,13.3452,-3.1145,-21.3762,-3.7349,-6.4361,,,0.4178,30.4979,-4.0001,-0.1895,-20.5712,5.1222,-0.0199,15.0145,-11.3474,,,,,,81.3299,93.0109,,,,,"Duque","","N/A","2008-01-01T00:00:00.000Z","Bay","Gelding","PRE horse (Pura Raza Espanola) - Andalusier","Dressage","","20260119T121135_logfile.itlog","2026-01-19T19:11:35.549Z","In hand","Research",,,
2,"trot","left","soft",443.795,443.41,443.44,443.9,3331.42,3331.035,3331.065,3331.525,0.7937,44.723,0.4,0.395,0.35,0.275,0.375,0.41,0.46,0.515,235.3933,233.0304,144.2215,125.1836,51.1182,49.375,43.4783,34.9206,,,0,0,0.01,1.2598,-0.03,-3.7795,-0.105,-13.2283,,,,,84.8581,77.2193,49.8895,54.5755,18.7556,29.8892,13.668,19.8403,30.7379,28.5678,30.2201,42.0839,-54.1202,-48.6515,-19.6694,-12.4916,12.922,8.2082,8.8001,18.0269,-5.8336,-21.681,-4.8679,-1.8135,,,0.3478,20.3937,2.7516,-0.1824,-20.3093,5.4696,0.0862,18.0992,-15.3173,,,,,,87.0383,89.5725,,,,,"Duque","","N/A","2008-01-01T00:00:00.000Z","Bay","Gelding","PRE horse (Pura Raza Espanola) - Andalusier","Dressage","","20260119T121135_logfile.itlog","2026-01-19T19:11:35.549Z","In hand","Research",,,
2,"trot","left","soft",444.585,444.205,444.24,444.685,3332.21,3331.83,3331.865,3332.31,0.7925,44.3054,0.405,0.39,0.335,0.275,0.39,0.4,0.45,0.51,269.1196,247.1521,142.5271,130.4063,50.625,49.0566,42.9487,34.5912,,,0,0,0.015,1.8927,-0.035,-4.4164,-0.1,-12.6183,,,,,81.2098,79.4798,49.7577,56.8675,17.9009,32.8933,16.9374,25.6873,29.0224,29.8583,31.4239,44.6115,-52.1874,-49.6216,-18.3338,-12.2561,15.5332,4.24,10.5845,21.4049,-2.3677,-28.6533,-6.3529,-4.2824,,,0.5776,35.144,18.395,0.0419,-12.3905,10.9211,0.0738,18.3086,-12.1076,,,,,,90.5112,90.6293,99.3024,,,,"Duque","","N/A","2008-01-01T00:00:00.000Z","Bay","Gelding","PRE horse (Pura Raza Espanola) - Andalusier","Dressage","","20260119T121135_logfile.itlog","2026-01-19T19:11:35.549Z","In hand","Research",,,
2,"trot","left","soft",445.39,445.005,445.015,445.49,3333.015,3332.63,3332.64,3333.115,0.7944,45.0899,0.405,0.38,0.36,0.29,0.4,0.41,0.44,0.53,243.9449,250.6048,152.2862,132.6165,50.3106,47.6489,44.8598,37.5405,,,0.005,0.6294,0.015,1.8883,-0.01,-1.2589,-0.1,-12.5885,,,,,83.6781,80.5007,50.6074,54.3345,10.372,25.1324,17.9086,22.6651,28.1045,30.7115,30.7409,44.5072,-55.5736,-49.7891,-19.8665,-9.8274,6.6741,3.5007,13.5183,20.196,-3.6978,-21.6317,-4.3903,-2.4691,,,0.407,41.6211,0.5197,-0.0545,-12.9761,11.0015,0.101,18.0498,-7.0375,,,,,,94.296,93.2766,100.9943,,,,"Duque","","N/A","2008-01-01T00:00:00.000Z","Bay","Gelding","PRE horse (Pura Raza Espanola) - Andalusier","Dressage","","20260119T121135_logfile.itlog","2026-01-19T19:11:35.549Z","In hand","Research",,,
2,"trot","left","soft",446.195,445.81,445.82,446.215,3333.82,3333.435,3333.445,3333.84,0.8219,49.094,0.455,0.4,0.38,0.38,0.4,0.425,0.445,0.435,251.9579,242.0772,149.7984,137.7568,54.1667,48.3384,47.9495,45.9215,,,0,0,0,0,-0.01,-1.2167,-0.02,-2.4335,,,,,80.3497,77.7748,53.768,54.8693,12.6976,19.8409,12.9329,17.3194,26.839,28.6201,32.207,32.9842,-53.5107,-49.1546,-21.561,-21.8852,10.2984,4.5162,10.3949,10.9726,-2.3992,-15.3247,-2.538,-6.3467,,,0.4414,45.3983,-6.4052,-0.1769,-16.8549,6.3787,0.1383,14.0377,-7.1805,,,,,,93.6547,90.9444,100.8893,,,,"Duque","","N/A","2008-01-01T00:00:00.000Z","Bay","Gelding","PRE horse (Pura Raza Espanola) - Andalusier","Dressage","","20260119T121135_logfile.itlog","2026-01-19T19:11:35.549Z","In hand","Research",,,
2,"trot","left","soft",447.02,446.64,446.58,447.055,3334.645,3334.265,3334.205,3334.68,0.8206,49.3547,0.44,0.395,0.425,0.36,0.37,0.43,0.38,0.46,256.6166,225.4726,165.9738,133.1965,54.321,48.7654,50.2959,44.0367,,,0,0,0,0,0.06,7.3115,-0.035,-4.265,,,,,83.4523,79.054,49.9201,54.2715,16.8784,21.3585,15.4516,16.6902,31.0435,31.6588,24.2144,35.8484,-52.4088,-47.3952,-25.7057,-18.4231,11.3763,3.5479,10.598,12.0015,-5.5021,-17.8106,-4.8536,-4.6887,,,0.4917,38.9008,-2.4616,0.0047,-8.3809,3.8541,-0.1662,-0.3965,-6.7421,,,,,,89.7534,87.5554,93.5022,,,,"Duque","","N/A","2008-01-01T00:00:00.000Z","Bay","Gelding","PRE horse (Pura Raza Espanola) - Andalusier","Dressage","","20260119T121135_logfile.itlog","2026-01-19T19:11:35.549Z","In hand","Research",,,
2,"trot","left","soft",447.83,447.435,447.465,447.87,3335.455,3335.06,3335.09,3335.495,0.8175,47.3218,0.415,0.405,0.36,0.365,0.37,0.4,0.46,0.455,255.6937,235.3843,146.2686,133.8501,52.2013,49.8462,44.1718,43.0678,,,0,0,0.01,1.2232,-0.03,-3.6697,-0.04,-4.893,,,,,86.3714,80.1096,52.3502,55.8312,12.9101,23.843,13.7999,16.567,29.5758,29.371,33.5672,37.7897,-56.7956,-50.7386,-18.7831,-18.0415,9.3637,4.8456,9.7795,11.3632,-3.5463,-18.9974,-4.0204,-5.2038,,,0.4217,16.3588,9.4121,-0.0162,-9.9609,10.0966,-0.1026,-4.7236,-10.5886,,,,,,83.6126,87.57,98.2166,,,,"Duque","","N/A","2008-01-01T00:00:00.000Z","Bay","Gelding","PRE horse (Pura Raza Espanola) - Andalusier","Dressage","","20260119T121135_logfile.itlog","2026-01-19T19:11:35.549Z","In hand","Research",,,
2,"trot","left","soft",448.635,448.255,448.275,448.745,3336.26,3335.88,3335.9,3336.37,0.7863,44.6784,0.415,0.395,0.325,0.275,0.39,0.415,0.45,0.51,265.7195,236.9229,148.7616,130.7305,51.875,48.9164,41.0095,36.9128,,,0,0,0.01,1.2719,-0.02,-2.5437,-0.11,-13.9905,,,,,83.5461,76.6919,48.581,55.0692,17.0062,28.7608,20.5964,23.7986,28.0033,28.2643,25.6633,43.8949,-55.5428,-48.4276,-22.9177,-11.1743,14.3912,6.2057,11.935,21.5726,-2.615,-22.5551,-8.6614,-2.226,,,0.6163,36.9615,24.8811,-0.0366,-12.599,10.8354,-0.1718,-7.1717,-7.4939,,,,,,100.7441,84.8275,90.8281,,,,"Duque","","N/A","2008-01-01T00:00:00.000Z","Bay","Gelding","PRE horse (Pura Raza Espanola) - Andalusier","Dressage","","20260119T121135_logfile.itlog","2026-01-19T19:11:35.549Z","In hand","Research",,,
2,"trot","left","soft",449.43,449.06,449.085,449.45,3337.055,3336.685,3336.71,3337.075,0.7894,47.3502,0.435,0.375,0.33,0.355,0.38,0.41,0.485,0.43,266.7817,238.025,132.943,140.1861,54.8896,47.619,41.3793,45.5128,,,0,0,0,0,-0.025,-3.1671,-0.02,-2.5337,,,,,83.6437,77.0067,48.3311,53.0002,12.1514,22.5248,15.8481,22.853,30.239,28.5581,32.0079,32.1093,-53.4048,-48.4486,-16.3232,-20.8909,8.9459,2.6944,11.1045,14.6392,-3.2054,-19.8304,-4.7436,-8.2138,,,0.6454,,12.8532,0.1908,-0.5363,11.8816,-0.2857,-10.4568,-14.1321,,,,,,,86.1507,93.0995,,,,"Duque","","N/A","2008-01-01T00:00:00.000Z","Bay","Gelding","PRE horse (Pura Raza Espanola) - Andalusier","Dressage","","20260119T121135_logfile.itlog","2026-01-19T19:11:35.549Z","In hand","Research",,,
2,"trot","left","soft",450.2,449.85,449.865,450.225,3337.825,3337.475,3337.49,3337.85,0.815,49.0858,0.445,0.39,0.355,0.41,0.335,0.415,0.45,0.42,274.0683,232.4455,146.9943,129.573,55.1084,48.5981,43.8272,48.8095,,,0,0,0.005,0.6135,-0.015,-1.8405,-0.025,-3.0675,,,,,83.2271,82.8522,48.8933,53.7307,13.0317,26.3753,13.747,19.2582,25.8256,30.6079,29.558,29.9472,-57.4014,-52.2443,-19.3353,-23.7835,9.3693,5.5618,11.2699,12.4364,-3.6623,-20.8135,-2.4771,-6.8218,,,0.6356,,-11.1364,0.0774,-6.4625,14.66,-0.1718,-3.647,-11.2229,,,,,,96.207,89.3028,91.1523,,,,"Duque","","N/A","2008-01-01T00:00:00.000Z","Bay","Gelding","PRE horse (Pura Raza Espanola) - Andalusier","Dressage","","20260119T121135_logfile.itlog","2026-01-19T19:11:35.549Z","In hand","Research",,,
2,"trot","left","soft",451.035,450.65,450.68,451.075,3338.66,3338.275,3338.305,3338.7,0.7869,47.7628,0.425,0.395,0.345,0.34,0.39,0.41,0.46,0.44,264.3504,256.2627,138.595,133.8092,52.795,49.375,43.3962,45.4849,,,0,0,0,0,-0.03,-3.8125,-0.04,-5.0834,,,,,80.4731,80.0087,51.6263,56.1293,18.9549,28.2724,15.4405,29.4564,28.9531,29.506,30.8337,37.4947,-51.52,-50.5027,-20.7926,-18.6346,16.2287,7.1698,9.0693,23.1491,-2.7262,-21.1026,-6.3712,-6.3073,,,0.4944,28.6375,0.3982,-0.0617,-13.7913,13.3851,0.01,8.2712,-13.5767,,,,,,87.8342,87.097,91.1511,,,,"Duque","","N/A","2008-01-01T00:00:00.000Z","Bay","Gelding","PRE horse (Pura Raza Espanola) - Andalusier","Dressage","","20260119T121135_logfile.itlog","2026-01-19T19:11:35.549Z","In hand","Research",,,
2,"trot","left","soft",451.83,451.445,451.465,451.79,3339.455,3339.07,3339.09,3339.415,0.7988,47.5602,0.405,0.385,0.33,0.4,0.37,0.4,0.44,0.375,254.7895,253.0182,150.4647,159.7482,51.5924,48.4277,42.1725,48.048,,,0,0,0.015,1.8779,-0.02,-2.5039,0.04,5.0078,,,,,87.7816,78.3547,48.6457,58.7644,12.3407,26.026,20.1385,21.6091,30.5568,28.6119,31.6016,32.2868,-57.2248,-49.7427,-17.0442,-26.4776,9.1321,2.712,12.9165,12.3216,-3.2087,-23.3141,-7.222,-9.2875,,,0.6848,32.3033,27.4111,0.1189,-6.7347,6.3697,-0.246,1.5145,-13.418,,,,,,97.3903,,96.8311,,,,"Duque","","N/A","2008-01-01T00:00:00.000Z","Bay","Gelding","PRE horse (Pura Raza Espanola) - Andalusier","Dressage","","20260119T121135_logfile.itlog","2026-01-19T19:11:35.549Z","In hand","Research",,,
2,"trot","left","soft",452.625,452.25,452.26,452.68,3340.25,3339.875,3339.885,3340.305,0.8062,46.3206,0.435,0.39,0.36,0.31,0.39,0.42,0.465,0.49,274.7935,231.8011,146.2232,137.886,53.87,48,44.1718,39.2405,,,0,0,0.005,0.6202,-0.01,-1.2403,-0.055,-6.8217,,,,,82.3961,76.906,52.2697,53.579,16.4168,22.2323,12.0913,20.0245,28.7386,25.9912,32.7658,33.3691,-53.6575,-50.9148,-19.5039,-20.2099,10.7192,5.867,10.3811,14.9637,-5.6976,-16.3652,-1.7101,-5.0608,,,0.7804,30.0236,,-0.1549,-25.9301,16.5071,-0.1207,4.9432,-18.2063,,,,,,95.9217,,96.8149,,,,"Duque","","N/A","2008-01-01T00:00:00.000Z","Bay","Gelding","PRE horse (Pura Raza Espanola) - Andalusier","Dressage","","20260119T121135_logfile.itlog","2026-01-19T19:11:35.549Z","In hand","Research",,,
2,"trot","left","soft",453.415,453.065,453.065,453.46,3341.04,3340.69,3340.69,3341.085,0.79,48.7094,0.44,0.38,0.37,0.35,0.355,0.425,0.445,0.47,272.7889,232.792,152.159,124.8151,55.1724,48.254,46.395,45.0161,,,0,0,0,0,0,0,-0.045,-5.6962,,,,,80.0283,74.3918,51.4198,51.0034,17.1849,32.0133,12.868,26.0741,27.8484,28.6651,30.1482,30.7862,-52.1798,-45.7267,-21.2716,-20.2172,15.665,6.0719,7.902,18.7871,-1.5199,-25.9415,-4.966,-7.287,,,0.6495,44.0455,22.5859,-0.0612,-18.0949,,0.0247,10.3679,-15.6808,,,,,,98.779,87.7598,90.4874,,,,"Duque","","N/A","2008-01-01T00:00:00.000Z","Bay","Gelding","PRE horse (Pura Raza Espanola) - Andalusier","Dressage","","20260119T121135_logfile.itlog","2026-01-19T19:11:35.549Z","In hand","Research",,,
2,"trot","left","soft",454.215,453.835,453.845,454.195,3341.84,3341.46,3341.47,3341.82,0.7844,48.9731,0.4,0.385,0.365,0.385,0.36,0.39,0.41,0.385,262.3001,253.3867,153.6623,145.3467,52.459,49.5177,47.2492,46.6667,,,0,0,0,0,-0.01,-1.2749,0.02,2.5498,,,,,86.0188,77.3933,52.1548,53.1225,21.1824,26.0097,15.5868,25.8527,31.8821,27.6426,31.3208,27.7236,-54.1367,-49.7507,-20.834,-25.3989,13.3609,7.0075,10.5035,16.0203,-7.8215,-19.0022,-5.0833,-9.8324,,,0.2644,16.1379,7.6262,0.0466,-10.0322,12.2908,-0.0742,8.3708,-13.2044,,,,,,80.2106,76.07,82.7152,,,,"Duque","","N/A","2008-01-01T00:00:00.000Z","Bay","Gelding","PRE horse (Pura Raza Espanola) - Andalusier","Dressage","","20260119T121135_logfile.itlog","2026-01-19T19:11:35.549Z","In hand","Research",,,
2,"trot","left","soft",454.98,454.615,454.615,455.075,3342.605,3342.24,3342.24,3342.7,0.7425,44.482,0.37,0.355,0.345,0.255,0.365,0.395,0.405,0.495,281.5468,251.3592,163.5755,138.2542,49.4983,46.8647,45.3947,36.1702,,,0.01,1.3468,0.03,4.0404,0,0,-0.095,-12.7946,,,,,88.0524,81.4683,50.7615,57.2292,16.3044,36.8731,18.9535,22.7014,31.0147,30.5613,32.0175,43.6422,-57.0376,-50.907,-18.744,-13.587,13.5841,5.9874,10.9965,19.9415,-2.7203,-30.8857,-7.957,-2.7598,,,0.3875,2.9881,10.8066,0.1756,-0.0727,8.5055,-0.1549,1.924,-8.9425,,,,,,83.9564,85.9013,94.4871,,,,"Duque","","N/A","2008-01-01T00:00:00.000Z","Bay","Gelding","PRE horse (Pura Raza Espanola) - Andalusier","Dressage","","20260119T121135_logfile.itlog","2026-01-19T19:11:35.549Z","In hand","Research",,,
2,"trot","left","soft",455.74,455.38,455.385,455.735,3343.365,3343.005,3343.01,3343.36,0.7931,46.677,0.39,0.36,0.345,0.385,0.39,0.41,0.425,0.405,282.1866,271.4665,159.6705,158.6053,49.3671,46.4516,42.4615,48.4277,,,0,0,0.03,3.7825,-0.005,-0.6304,0.005,0.6304,,,,,84.412,84.9821,57.446,59.1435,20.6085,33.1617,21.1406,26.3784,24.4968,30.4939,37.5257,35.2133,-59.9151,-54.4882,-19.9204,-23.9302,17.2372,4.7934,12.7741,15.5141,-3.3713,-28.3683,-8.3665,-10.8643,,,0.3666,10.3701,30.6482,0.0479,-6.1745,12.3467,-0.149,9.3535,-18.3334,,,,,,89.4418,93.262,,,,,"Duque","","N/A","2008-01-01T00:00:00.000Z","Bay","Gelding","PRE horse (Pura Raza Espanola) - Andalusier","Dressage","","20260119T121135_logfile.itlog","2026-01-19T19:11:35.549Z","In hand","Research",,,
2,"trot","left","soft",456.54,456.16,456.24,456.535,3344.165,3343.785,3343.865,3344.16,0.7787,44.7078,0.385,0.375,0.285,0.35,0.41,0.42,0.51,0.415,258.6621,271.4883,156.8762,161.3708,49.0446,47.4684,37.8738,44.4444,,,0,0,0.02,2.5682,-0.08,-10.2729,0.005,0.6421,,,,,83.2668,78.4389,55.2916,54.7303,16.283,30.1028,11.8622,14.5923,27.8013,25.0558,43.6838,28.4997,-55.4655,-53.3831,-11.6078,-26.2305,12.3537,5.2723,9.8736,6.687,-3.9293,-24.8305,-1.9887,-7.9053,,,0.3337,15.3245,10.5574,-0.2078,-21.9911,7.4859,0.1521,20.7252,-18.385,,,,,,75.899,91.3547,,,,,"Duque","","N/A","2008-01-01T00:00:00.000Z","Bay","Gelding","PRE horse (Pura Raza Espanola) - Andalusier","Dressage","","20260119T121135_logfile.itlog","2026-01-19T19:11:35.549Z","In hand","Research",,,
2,"trot","left","soft",457.315,456.945,456.95,457.345,3344.94,3344.57,3344.575,3344.97,0.78,46.7905,0.41,0.365,0.35,0.335,0.39,0.41,0.425,0.46,253.7249,246.5162,163.9202,128.8595,52.3962,46.9453,44.8718,42.9487,,,0.005,0.641,0,0,-0.005,-0.641,-0.03,-3.8462,,,,,83.9327,77.6471,51.3582,54.2192,17.467,28.8922,16.7019,19.784,31.15,27.8889,30.1395,33.2713,-52.7827,-49.7582,-21.2187,-20.9479,11.9031,5.3318,10.0749,12.9165,-5.5639,-23.5604,-6.627,-6.8675,,,0.3422,18.3272,8.3865,-0.1566,-17.8326,3.2384,-0.023,4.8131,-5.4121,,,,,,75.4275,89.7679,86.3889,,,,"Duque","","N/A","2008-01-01T00:00:00.000Z","Bay","Gelding","PRE horse (Pura Raza Espanola) - Andalusier","Dressage","","20260119T121135_logfile.itlog","2026-01-19T19:11:35.549Z","In hand","Research",,,
2,"trot","left","soft",458.08,457.725,457.735,458.11,3345.705,3345.35,3345.36,3345.735,0.7762,45.781,0.395,0.37,0.335,0.32,0.355,0.415,0.435,0.43,270.5882,240.8604,154.1731,135.4543,51.4658,47.7419,43.7908,40.1254,,,0,0,0.015,1.9324,-0.01,-1.2882,-0.03,-3.8647,,,,,84.3804,81.5424,50.0874,59.9451,15.6548,29.4716,17.6018,20.3933,28.1155,31.9552,30.2922,39.0827,-56.2649,-49.5872,-19.7951,-20.8624,13.76,5.6462,10.7676,12.5148,-1.8948,-23.8254,-6.8342,-7.8785,,,0.2904,15.3598,10.6997,-0.1342,-17.7494,8.9387,0.031,13.2723,-11.5773,,,,,,71.953,91.4888,88.3455,,,,"Duque","","N/A","2008-01-01T00:00:00.000Z","Bay","Gelding","PRE horse (Pura Raza Espanola) - Andalusier","Dressage","","20260119T121135_logfile.itlog","2026-01-19T19:11:35.549Z","In hand","Research",,,
2,"trot","left","soft",458.865,458.49,458.495,458.955,3346.49,3346.115,3346.12,3346.58,0.7669,44.4039,0.385,0.365,0.345,0.27,0.39,0.395,0.425,0.525,261.043,264.5252,158.2555,139.1633,49.359,47.557,44.0895,36.6102,,,0.01,1.304,0.015,1.956,-0.005,-0.652,-0.09,-11.7359,,,,,89.0908,82.3761,51.2967,58.3627,16.7781,27.1338,18.4607,23.1977,31.5416,31.215,30.5008,47.904,-57.5492,-51.1611,-20.7959,-10.4587,14.5736,3.03,12.4256,20.5083,-2.2044,-24.1038,-6.035,-2.6894,,,0.5937,32.161,6.5074,-0.115,-17.7146,1.2185,-0.1171,5.3664,-8.0717,,,,,,71.9573,96.2707,95.8622,,,,"Duque","","N/A","2008-01-01T00:00:00.000Z","Bay","Gelding","PRE horse (Pura Raza Espanola) - Andalusier","Dressage","","20260119T121135_logfile.itlog","2026-01-19T19:11:35.549Z","In hand","Research",,,
2,"trot","left","soft",459.65,459.265,459.29,459.635,3347.275,3346.89,3346.915,3347.26,0.8044,48.3149,0.425,0.385,0.345,0.4,0.4,0.41,0.45,0.41,278.3957,260.8647,146.8546,154.6015,52.4691,49.2013,43.3962,48.1928,,,0,0,0,0,-0.025,-3.108,0.015,1.8648,,,,,83.0204,84.6295,55.6192,53.9024,11.6077,31.0733,13.2848,15.0633,26.4941,27.5667,37.5633,31.1471,-56.5263,-57.0627,-18.0559,-22.7553,6.4273,4.7043,12.6064,8.1586,-5.1804,-26.3691,-0.6784,-6.9047,,,0.6211,32.7136,14.8411,-0.0568,-14.6884,12.8712,-0.1024,3.8122,-15.9994,,,,,,74.095,94.7813,95.8809,,,,"Duque","","N/A","2008-01-01T00:00:00.000Z","Bay","Gelding","PRE horse (Pura Raza Espanola) - Andalusier","Dressage","","20260119T121135_logfile.itlog","2026-01-19T19:11:35.549Z","In hand","Research",,,
2,"trot","left","soft",460.445,460.035,460.085,460.485,3348.07,3347.66,3347.71,3348.11,0.7894,47.9137,0.43,0.42,0.335,0.33,0.37,0.385,0.45,0.45,265.7172,284.8578,165.5796,138.8794,54.4304,51.6923,42.6752,42.8571,,,0,0,0,0,-0.05,-6.3341,-0.04,-5.0673,,,,,80.6903,78.8343,49.1145,55.0377,20.5223,25.4387,16.7992,16.9964,29.6613,27.3853,26.2679,35.8293,-51.029,-51.449,-22.8467,-19.2084,13.318,7.8469,8.4719,12.6598,-7.2043,-17.5918,-8.3273,-4.3366,,,0.5307,48.0114,-4.5529,-0.054,-10.5377,8.4234,-0.0044,12.3068,-13.4492,,,,,,85.8462,85.0115,92.8637,,,,"Duque","","N/A","2008-01-01T00:00:00.000Z","Bay","Gelding","PRE horse (Pura Raza Espanola) - Andalusier","Dressage","","20260119T121135_logfile.itlog","2026-01-19T19:11:35.549Z","In hand","Research",,,
2,"trot","left","soft",461.225,460.855,460.87,461.245,3348.85,3348.48,3348.495,3348.87,0.7681,47.5385,0.4,0.37,0.35,0.34,0.35,0.4,0.45,0.43,259.1788,244.5148,141.1798,135.1916,52.459,48.2085,44.3038,45.1827,,,0,0,0,0,-0.015,-1.9528,-0.02,-2.6037,,,,,84.4977,78.64,48.4416,58.5334,18.5439,29.4682,16.9751,25.4356,29.7313,29.7459,27.1015,37.3285,-54.7664,-48.894,-21.3401,-21.2048,14.7821,6.5861,7.9521,17.0135,-3.7618,-22.8821,-9.0231,-8.4221,,,0.4658,52.9189,-18.2717,-0.0812,-15.3987,13.6043,-0.0186,12.719,-16.7128,,,,,,99.7949,82.4648,92.0768,,,,"Duque","","N/A","2008-01-01T00:00:00.000Z","Bay","Gelding","PRE horse (Pura Raza Espanola) - Andalusier","Dressage","","20260119T121135_logfile.itlog","2026-01-19T19:11:35.549Z","In hand","Research",,,
2,"trot","left","soft",462,461.62,461.65,461.98,3349.625,3349.245,3349.275,3349.605,0.7813,47.3394,0.39,0.38,0.33,0.38,0.375,0.395,0.43,0.395,270.433,252.0267,150.068,155.1215,50,48.5623,42.9967,47.7987,,,0,0,0.02,2.56,-0.03,-3.84,0.02,2.56,,,,,82.1256,81.3031,50.5554,56.596,12.2186,27.3773,18.4002,22.6547,26.3515,31.787,34.2934,30.7649,-55.7741,-49.516,-16.262,-25.8311,10.0974,5.266,13.7798,14.0501,-2.1212,-22.1113,-4.6203,-8.6046,,,0.4913,39.4397,-0.1576,0.187,1.0888,7.135,-0.1667,5.6778,-13.3847,,,,,,90.0642,87.0969,99.0728,,,,"Duque","","N/A","2008-01-01T00:00:00.000Z","Bay","Gelding","PRE horse (Pura Raza Espanola) - Andalusier","Dressage","","20260119T121135_logfile.itlog","2026-01-19T19:11:35.549Z","In hand","Research",,,
2,"trot","left","soft",462.795,462.41,462.425,462.795,3350.42,3350.035,3350.05,3350.42,0.7769,46.8551,0.375,0.375,0.35,0.355,0.405,0.41,0.445,0.435,252.0929,247.6708,150.2526,139.5558,49.0196,49.0196,44.4444,44.9367,,,0.01,1.2872,0,0,-0.015,-1.9308,0,0,,,,,81.99,82.0528,51.7679,56.927,12.2576,25.1992,12.804,18.4392,26.6532,30.384,32.5803,34.1901,-55.3368,-51.6687,-19.1875,-22.7369,7.4077,6.3251,8.8747,12.2217,-4.8499,-18.874,-3.9292,-6.2175,,,0.1157,26.8882,6.1567,-0.0046,-4.1371,7.9102,-0.0117,13.427,-18.7875,,,,,,82.2345,87.122,99.0482,,,,"Duque","","N/A","2008-01-01T00:00:00.000Z","Bay","Gelding","PRE horse (Pura Raza Espanola) - Andalusier","Dressage","","20260119T121135_logfile.itlog","2026-01-19T19:11:35.549Z","In hand","Research",,,
2,"trot","left","soft",463.545,463.155,463.205,463.585,3351.17,3350.78,3350.83,3351.21,0.7756,47.5238,0.395,0.4,0.34,0.34,0.375,0.37,0.43,0.435,257.8492,267.2156,159.1966,141.9663,51.1327,50.7937,44.1558,44.0129,,,0,0,0.02,2.5786,-0.05,-6.4464,-0.04,-5.1571,,,,,84.5406,80.7309,51.1366,55.7437,17.9849,26.5528,14.1616,20.9559,27.4815,26.8566,32.3676,35.248,-57.0591,-53.8743,-18.769,-20.4957,12.3705,5.7885,8.1835,15.8289,-5.6144,-20.7644,-5.978,-5.127,,,0.2339,15.8849,-27.2742,0.0324,-7.309,7.0849,-0.1484,8.4902,-17.056,,,,,,70.5618,81.4999,95.4412,,,,"Duque","","N/A","2008-01-01T00:00:00.000Z","Bay","Gelding","PRE horse (Pura Raza Espanola) - Andalusier","Dressage","","20260119T121135_logfile.itlog","2026-01-19T19:11:35.549Z","In hand","Research",,,
2,"trot","left","soft",464.32,463.96,463.975,464.355,3351.945,3351.585,3351.6,3351.98,0.75,45.3249,0.37,0.355,0.32,0.315,0.38,0.405,0.43,0.43,272.4833,250.834,152.8095,142.4049,49.4983,46.7105,42.6667,42.4242,,,0.005,0.6667,0.03,4,-0.015,-2,-0.035,-4.6667,,,,,79.9061,80.1548,52.0683,57.4312,22.45,29.5984,21.4517,29.3048,28.8466,28.9565,30.6213,36.1566,-51.0594,-51.1983,-21.447,-21.2746,16.8678,7.9886,10.1022,22.4767,-5.5822,-21.6098,-11.3494,-6.8281,,,0.3547,5.6536,16.7034,0.164,-4.5737,17.3679,-0.2455,-0.3247,-25.7052,,,,,,78.4469,80.1081,92.4398,,,,"Duque","","N/A","2008-01-01T00:00:00.000Z","Bay","Gelding","PRE horse (Pura Raza Espanola) - Andalusier","Dressage","","20260119T121135_logfile.itlog","2026-01-19T19:11:35.549Z","In hand","Research",,,
2,"trot","left","soft",465.065,464.72,464.725,465.095,3352.69,3352.345,3352.35,3352.72,0.7525,46.1622,0.385,0.35,0.33,0.325,0.375,0.405,0.43,0.425,254.7606,255.8032,161.9671,148.7178,50.4918,46.3576,43.2787,44.5205,,,0,0,0.025,3.3223,-0.005,-0.6645,-0.03,-3.9867,,,,,84.315,80.8051,50.2119,57.5989,15.9168,28.5465,17.2289,24.5012,29.3015,31.5519,31.192,35.6506,-55.0135,-49.2531,-19.0198,-21.9483,11.5462,4.9199,10.4305,17.1828,-4.3705,-23.6266,-6.7984,-7.3185,,,0.5852,36.5415,18.8403,0.1344,-4.9885,13.5376,-0.1209,8.0364,-14.8451,,,,,,91.6578,85.7883,90.0303,,,,"Duque","","N/A","2008-01-01T00:00:00.000Z","Bay","Gelding","PRE horse (Pura Raza Espanola) - Andalusier","Dressage","","20260119T121135_logfile.itlog","2026-01-19T19:11:35.549Z","In hand","Research",,,
2,"trot","left","soft",465.83,465.475,465.49,465.805,3353.455,3353.1,3353.115,3353.43,0.7769,44.7231,0.375,0.355,0.3,0.36,0.38,0.405,0.435,0.385,265.8662,254.7172,159.1024,154.5317,49.3421,45.5128,40.2685,43.769,,,0,0,0.04,5.1488,-0.015,-1.9308,0.025,3.218,,,,,80.4348,79.3677,55.8823,55.6348,19.2789,26.7417,20.8903,25.6737,25.2296,27.7186,33.4092,24.5091,-55.2052,-51.6491,-22.4731,-31.1257,15.7098,5.9149,11.6739,13.9614,-3.5691,-20.8268,-9.2164,-11.7122,,,0.5247,20.0146,17.1819,0.1246,-8.6985,16.9909,-0.1836,0.7439,-19.7226,,,,,,79.0457,88.7238,89.8851,,,,"Duque","","N/A","2008-01-01T00:00:00.000Z","Bay","Gelding","PRE horse (Pura Raza Espanola) - Andalusier","Dressage","","20260119T121135_logfile.itlog","2026-01-19T19:11:35.549Z","In hand","Research",,,
2,"trot","left","soft",466.595,466.275,466.245,466.705,3354.22,3353.9,3353.87,3354.33,0.765,43.1985,0.395,0.33,0.345,0.255,0.39,0.445,0.455,0.54,255.5629,233.0984,160.0744,127.5099,50.641,44,43.8095,34.3434,,,0,0,0.01,1.3072,0.03,3.9216,-0.11,-14.3791,,,,,81.7986,75.543,50.9007,52.3876,16.235,29.7885,15.6968,21.336,26.9127,30.0488,30.5792,38.7438,-54.8858,-45.4942,-20.3215,-13.6438,13.9876,5.6733,10.273,18.6338,-2.2474,-24.1152,-5.4238,-2.7023,,,0.7263,35.3053,31.1739,-0.1126,-17.0098,15.5901,-0.0882,0.7954,-10.0966,,,,,,99.1305,88.7676,86.5419,,,,"Duque","","N/A","2008-01-01T00:00:00.000Z","Bay","Gelding","PRE horse (Pura Raza Espanola) - Andalusier","Dressage","","20260119T121135_logfile.itlog","2026-01-19T19:11:35.549Z","In hand","Research",,,
2,"trot","left","soft",467.37,467,467.02,467.395,3354.995,3354.625,3354.645,3355.02,0.765,46.912,0.385,0.38,0.34,0.33,0.38,0.395,0.43,0.435,255.7098,240.9588,152.2112,135.5963,50.8251,49.6732,43.871,43.2787,,,0,0,0,0,-0.02,-2.6144,-0.025,-3.268,,,,,85.9643,75.688,51.3988,57.6699,16.1448,30.1463,15.3252,16.2479,28.5769,27.5593,32.7715,32.9506,-57.3874,-48.1287,-18.6274,-24.7194,8.8129,8.4468,11.1054,10.928,-7.3319,-21.6995,-4.2198,-5.3199,,,0.5878,40.4084,23.3639,0.0275,-7.7804,6.5984,-0.1301,3.3914,-11.9243,,,,,,92.4414,82.1816,86.6997,,,,"Duque","","N/A","2008-01-01T00:00:00.000Z","Bay","Gelding","PRE horse (Pura Raza Espanola) - Andalusier","Dressage","","20260119T121135_logfile.itlog","2026-01-19T19:11:35.549Z","In hand","Research",,,
2,"trot","left","soft",468.12,467.755,467.8,468.155,3355.745,3355.38,3355.425,3355.78,0.7306,45.7721,0.37,0.37,0.305,0.295,0.365,0.375,0.44,0.43,290.1583,247.0627,144.7226,137.7451,50,49.0066,43.1095,40.9722,,,0,0,0,0,-0.045,-6.1591,-0.035,-4.7904,,,,,86.2994,76.7696,56.4454,60.8142,25.1006,36.7318,11.6408,29.4745,30.8514,27.6021,34.3657,36.316,-55.448,-49.1674,-22.0797,-24.4983,19.1735,8.2562,4.692,18.2547,-5.9272,-28.4756,-6.9488,-11.2198,,,0.1794,-2.9405,-4.7603,0.1728,-8.5706,19.5648,-0.0047,11.6697,-20.1882,,,,,,70.0754,88.7725,86.3489,,,,"Duque","","N/A","2008-01-01T00:00:00.000Z","Bay","Gelding","PRE horse (Pura Raza Espanola) - Andalusier","Dressage","","20260119T121135_logfile.itlog","2026-01-19T19:11:35.549Z","In hand","Research",,,
2,"trot","left","soft",468.865,468.52,468.47,468.87,3356.49,3356.145,3356.095,3356.495,0.7581,46.4809,0.365,0.325,0.375,0.345,0.375,0.395,0.365,0.42,283.9812,256.2573,178.4987,166.1651,48.3444,44.2177,48.7013,44.6602,,,0.02,2.6381,0.04,5.2762,0.05,6.5952,-0.005,-0.6595,,,,,87.2233,81.8364,57.3031,61.0765,18.2442,41.7143,23.2996,22.913,26.5648,28.061,30.0072,35.495,-60.6585,-53.7754,-27.2959,-25.5815,14.0129,7.7734,15.5054,11.5844,-4.2313,-33.9409,-7.7942,-11.3285,,,0.632,16.0228,37.4152,0.0876,-9.8685,10.5223,-0.248,2.7515,-7.5389,,,,,,86.5345,97.2217,101.5361,,,,"Duque","","N/A","2008-01-01T00:00:00.000Z","Bay","Gelding","PRE horse (Pura Raza Espanola) - Andalusier","Dressage","","20260119T121135_logfile.itlog","2026-01-19T19:11:35.549Z","In hand","Research",,,
2,"trot","left","soft",469.635,469.27,469.27,469.65,3357.26,3356.895,3356.895,3357.275,0.7731,45.9186,0.375,0.35,0.345,0.35,0.405,0.425,0.425,0.435,281.9904,269.1442,182.6722,162.0037,48.5437,45.4545,44.6602,45.0161,,,0.015,1.9402,0.025,3.2336,0,0,-0.015,-1.9402,,,,,78.9995,78.6718,54.8685,54.8783,15.8746,28.6662,14.8308,20.1443,26.267,24.9296,33.3254,34.8946,-52.7324,-53.7422,-21.5431,-19.9837,11.5164,5.8828,11.1731,14.3708,-4.3581,-22.7834,-3.6577,-5.7735,,,0.7149,35.4439,31.376,0.0138,-12.9785,18.5481,-0.2289,5.0007,,,,,,,91.8646,97.2087,101.5599,,,,"Duque","","N/A","2008-01-01T00:00:00.000Z","Bay","Gelding","PRE horse (Pura Raza Espanola) - Andalusier","Dressage","","20260119T121135_logfile.itlog","2026-01-19T19:11:35.549Z","In hand","Research",,,
2,"trot","left","soft",470.4,470.035,470.045,470.42,3358.025,3357.66,3357.67,3358.045,0.7612,45.6403,0.37,0.355,0.345,0.32,0.39,0.415,0.43,0.42,242.4426,250.1166,165.009,139.6718,48.6842,46.4052,44.8052,42.6667,,,0.01,1.3136,0.025,3.2841,-0.01,-1.3136,-0.02,-2.6273,,,,,83.6096,78.2062,52.3699,56.8246,22.3707,30.2964,17.3514,18.9457,29.0983,29.0369,30.2969,33.1899,-54.5113,-49.1692,-22.073,-23.6347,16.4556,7.1275,9.6145,12.0811,-5.9151,-23.1689,-7.7368,-6.8646,,,0.4333,28.5636,14.65,0.0322,-7.3118,14.5676,-0.191,2.1642,-24.2327,,,,,,84.7215,85.4322,93.6791,,,,"Duque","","N/A","2008-01-01T00:00:00.000Z","Bay","Gelding","PRE horse (Pura Raza Espanola) - Andalusier","Dressage","","20260119T121135_logfile.itlog","2026-01-19T19:11:35.549Z","In hand","Research",,,
2,"trot","left","soft",471.16,470.795,470.81,471.18,3358.785,3358.42,3358.435,3358.805,0.76,43.9686,0.365,0.345,0.315,0.31,0.39,0.405,0.42,0.44,268.7658,244.7611,155.8228,140.2343,48.505,45.8472,42.2819,39.2405,,,0.02,2.6316,0.025,3.2895,-0.015,-1.9737,-0.02,-2.6316,,,,,87.1552,80.5894,50.9992,60.5849,15.6076,31.5433,22.2812,21.8152,29.6939,31.5007,31.0915,38.1435,-57.4613,-49.0887,-19.9077,-22.4414,13.0668,6.6993,12.4455,13.9881,-2.5408,-24.844,-9.8357,-7.8271,,,0.1732,16.5059,0.9377,0.0702,-3.1979,6.4266,-0.0813,5.602,-13.063,,,,,,65.0774,84.3726,89.1395,,,,"Duque","","N/A","2008-01-01T00:00:00.000Z","Bay","Gelding","PRE horse (Pura Raza Espanola) - Andalusier","Dressage","","20260119T121135_logfile.itlog","2026-01-19T19:11:35.549Z","In hand","Research",,,
2,"trot","left","soft",471.91,471.55,471.565,472.01,3359.535,3359.175,3359.19,3359.635,0.7637,43.7696,0.38,0.375,0.325,0.26,0.385,0.41,0.44,0.52,277.2716,249.4423,150.7603,143.359,49.1909,48.3871,42.4837,35.0168,,,0,0,0.025,3.2733,-0.015,-1.964,-0.1,-13.0933,,,,,85.8386,80.845,53.2321,59.8931,17.6828,26.7426,17.5258,15.4353,29.2154,32.4319,33.4466,49.0224,-56.6231,-48.4131,-19.7855,-10.8707,12.9723,4.3354,12.1531,14.0071,-4.7105,-22.4073,-5.3727,-1.4282,,,0.3949,19.3403,-3.3217,0.0307,-6.19,5.366,-0.0671,7.0782,-10.8495,,,,,,67.3484,91.2021,90.0235,,,,"Duque","","N/A","2008-01-01T00:00:00.000Z","Bay","Gelding","PRE horse (Pura Raza Espanola) - Andalusier","Dressage","","20260119T121135_logfile.itlog","2026-01-19T19:11:35.549Z","In hand","Research",,,
2,"trot","left","soft",472.69,472.315,472.33,472.715,3360.315,3359.94,3359.955,3360.34,0.7738,46.1923,0.39,0.355,0.34,0.345,0.4,0.39,0.44,0.445,269.7551,243.0803,153.2257,150.5277,49.6815,46.2541,44.8845,43.949,,,0.02,2.5848,0,0,-0.015,-1.9386,-0.025,-3.231,,,,,82.538,80.0685,57.3878,57.3562,18.4614,30.2009,13.0265,17.6198,24.6419,25.7774,36.5566,38.6347,-57.8961,-54.291,-20.8313,-18.7214,14.4817,6.577,11.2616,11.6309,-3.9797,-23.6239,-1.7649,-5.9888,,,0.5376,21.2502,16.6873,0.0513,-8.6435,12.1275,-0.1992,-4.6613,-11.4128,,,,,,83.9201,92.9422,94.2714,,,,"Duque","","N/A","2008-01-01T00:00:00.000Z","Bay","Gelding","PRE horse (Pura Raza Espanola) - Andalusier","Dressage","","20260119T121135_logfile.itlog","2026-01-19T19:11:35.549Z","In hand","Research",,,
2,"trot","left","soft",473.47,473.105,473.065,473.495,3361.095,3360.73,3360.69,3361.12,0.7837,47.1958,0.385,0.36,0.39,0.345,0.39,0.435,0.395,0.435,262.9421,243.7664,176.3372,145.8946,49.5177,46.3023,48.4472,44.5161,,,0.005,0.638,0.01,1.2759,0.04,5.1037,-0.025,-3.1898,,,,,83.6614,76.3399,49.2457,57.6688,16.7633,30.0093,19.4966,24.983,29.6356,28.1603,21.6696,35.5878,-54.0258,-48.1797,-27.5761,-22.081,11.7355,5.6506,11.1303,17.9457,-5.0278,-24.3587,-8.3663,-7.0373,,,0.6378,54.904,11.2317,-0.0879,-15.5638,11.4097,-0.0315,15.38,-16.0353,,,,,,99.2523,92.9413,101.3177,,,,"Duque","","N/A","2008-01-01T00:00:00.000Z","Bay","Gelding","PRE horse (Pura Raza Espanola) - Andalusier","Dressage","","20260119T121135_logfile.itlog","2026-01-19T19:11:35.549Z","In hand","Research",,,
2,"trot","left","soft",474.25,473.865,473.89,474.265,3361.875,3361.49,3361.515,3361.89,0.775,46.2791,0.375,0.38,0.345,0.335,0.395,0.4,0.435,0.425,261.0136,244.4695,150.5708,147.4534,48.8599,47.9495,44.5161,43.7908,,,0.005,0.6452,0.035,4.5161,-0.025,-3.2258,-0.015,-1.9355,,,,,82.3665,79.6205,52.4004,55.9059,15.4917,25.1691,16.9483,20.4082,27.8271,29.7512,31.8521,34.7603,-54.5395,-49.8693,-20.5483,-21.1457,12.7083,5.451,11.2707,13.8115,-2.7834,-19.7181,-5.6775,-6.5967,,,0.4372,43.0712,-7.0055,0.111,-8.49,15.3791,-0.0655,12.5809,-20.7863,,,,,,96.5256,88.0097,101.328,,,,"Duque","","N/A","2008-01-01T00:00:00.000Z","Bay","Gelding","PRE horse (Pura Raza Espanola) - Andalusier","Dressage","","20260119T121135_logfile.itlog","2026-01-19T19:11:35.549Z","In hand","Research",,,
2,"trot","left","soft",475.015,474.67,474.66,475.035,3362.64,3362.295,3362.285,3362.66,0.7687,46.0049,0.385,0.35,0.345,0.335,0.39,0.425,0.425,0.435,251.5817,236.1277,158.6131,134.2392,49.6774,45.6026,44.8052,43.9344,,,0,0,0.03,3.9024,0.01,1.3008,-0.02,-2.6016,,,,,83.1289,80.0065,51.2345,60.2446,17.2439,30.4956,16.7237,23.614,26.7114,32.5418,29.7961,36.8714,-56.4175,-47.4647,-21.4384,-23.3732,15.1267,5.4438,9.8718,16.4053,-2.1172,-25.0518,-6.8519,-7.2087,,,0.7329,51.7445,15.3886,-0.0017,-7.5274,11.7195,-0.1581,0.1554,-16.2581,,,,,,101.1117,88.5776,88.4172,,,,"Duque","","N/A","2008-01-01T00:00:00.000Z","Bay","Gelding","PRE horse (Pura Raza Espanola) - Andalusier","Dressage","","20260119T121135_logfile.itlog","2026-01-19T19:11:35.549Z","In hand","Research",,,
2,"trot","left","soft",475.79,475.43,475.43,475.79,3363.415,3363.055,3363.055,3363.415,0.7869,45.6319,0.38,0.355,0.34,0.36,0.39,0.41,0.425,0.42,256.7095,250.0409,154.4406,151.0271,48.8746,46.2541,44.1558,43.2432,,,0.005,0.6354,0.03,3.8125,0,0,0,0,,,,,82.8956,80.7113,52.5892,57.6298,15.4741,24.9064,17.9458,20.1096,27.4754,29.362,34.168,34.1015,-55.4202,-51.3493,-18.4212,-23.5283,11.6521,3.8532,11.6942,13.7207,-3.8219,-21.0532,-6.2516,-6.3889,,,0.6929,38.0175,27.6021,0.031,-4.256,3.9678,-0.1845,3.5691,-15.7925,,,,,,95.0923,90.0778,95.763,,,,"Duque","","N/A","2008-01-01T00:00:00.000Z","Bay","Gelding","PRE horse (Pura Raza Espanola) - Andalusier","Dressage","","20260119T121135_logfile.itlog","2026-01-19T19:11:35.549Z","In hand","Research",,,
2,"trot","left","soft",476.575,476.2,476.205,476.675,3364.2,3363.825,3363.83,3364.3,0.7763,43.8248,0.385,0.37,0.35,0.26,0.405,0.415,0.435,0.525,245.2987,239.1863,159.5872,130.5353,49.359,46.5409,44.0252,35.3741,,,0.005,0.6441,0.045,5.7971,-0.005,-0.6441,-0.1,-12.8824,,,,,83.3161,78.847,49.1973,56.4457,18.2367,26.7914,14.6082,18.8913,28.959,28.0887,29.184,43.2769,-54.3571,-50.7583,-20.0132,-13.1688,11.7758,5.0111,9.6971,16.6576,-6.4609,-21.7803,-4.9111,-2.2337,,,0.5657,32.8729,15.6959,-0.0936,-12.7159,5.974,-0.0384,8.8634,-12.8982,,,,,,92.5453,90.0786,95.7714,,,,"Duque","","N/A","2008-01-01T00:00:00.000Z","Bay","Gelding","PRE horse (Pura Raza Espanola) - Andalusier","Dressage","","20260119T121135_logfile.itlog","2026-01-19T19:11:35.549Z","In hand","Research",,,
2,"trot","left","soft",477.345,477.005,477.01,477.36,3364.97,3364.63,3364.635,3364.985,0.7538,44.9327,0.375,0.34,0.31,0.33,0.385,0.435,0.455,0.425,264.2539,230.4518,143.9862,140.3045,49.3421,44.8845,41.0596,44.4444,,,0,0,0.025,3.3167,-0.005,-0.6633,-0.015,-1.99,,,,,82.4595,78.8055,52.455,58.0188,19.8834,31.5604,17.8655,28.8456,28.1841,31.4432,33.78,33.834,-54.2754,-47.3624,-18.675,-24.1848,16.5452,8.6567,10.5447,20.1411,-3.3382,-22.9037,-7.3208,-8.7045,,,0.5645,27.6097,25.0564,0.0742,-9.4764,15.7397,-0.1735,6.781,-23.1194,,,,,,89.6746,83.7268,88.263,,,,"Duque","","N/A","2008-01-01T00:00:00.000Z","Bay","Gelding","PRE horse (Pura Raza Espanola) - Andalusier","Dressage","","20260119T121135_logfile.itlog","2026-01-19T19:11:35.549Z","In hand","Research",,,
2,"trot","left","soft",478.105,477.745,477.755,478.09,3365.73,3365.37,3365.38,3365.715,0.7687,46.6611,0.38,0.35,0.33,0.375,0.385,0.4,0.435,0.4,263.9315,259.3033,157.6687,156.9196,49.1909,46.0526,42.8571,48.5437,,,0,0,0.03,3.9024,-0.01,-1.3008,0.015,1.9512,,,,,85.2061,78.9953,50.5214,59.5682,16.019,30.2111,21.731,26.7633,28.9304,30.2952,33.2774,34.1604,-56.2757,-48.7001,-17.244,-25.4078,11.7607,4.1771,12.838,16.2842,-4.2583,-26.034,-8.893,-10.479,,,0.631,41.4868,13.4423,0.1148,-3.2338,8.676,-0.2443,0.8082,-17.2306,,,,,,93.1579,95.4773,92.1185,,,,"Duque","","N/A","2008-01-01T00:00:00.000Z","Bay","Gelding","PRE horse (Pura Raza Espanola) - Andalusier","Dressage","","20260119T121135_logfile.itlog","2026-01-19T19:11:35.549Z","In hand","Research",,,
2,"trot","left","soft",478.885,478.515,478.53,478.86,3366.51,3366.14,3366.155,3366.485,0.7781,46.2496,0.375,0.365,0.32,0.38,0.4,0.42,0.445,0.395,259.1879,236.5424,156.443,166.7452,48.5437,46.7949,41.5584,48.1013,,,0,0,0.03,3.8554,-0.015,-1.9277,0.025,3.2129,,,,,81.3392,78.4181,52.0449,53.7102,13.4068,26.1878,19.1177,22.6188,26.0295,26.3747,31.916,26.4668,-55.3097,-52.0434,-20.1289,-27.2434,9.9448,6.1201,12.5932,12.4221,-3.462,-20.0677,-6.5244,-10.1967,,,0.6581,21.4243,32.5525,-0.0681,-13.2141,9.7554,-0.1251,2.2125,-18.2759,,,,,,81.4226,95.5031,92.153,,,,"Duque","","N/A","2008-01-01T00:00:00.000Z","Bay","Gelding","PRE horse (Pura Raza Espanola) - Andalusier","Dressage","","20260119T121135_logfile.itlog","2026-01-19T19:11:35.549Z","In hand","Research",,,
2,"trot","left","soft",479.655,479.29,479.305,479.665,3367.28,3366.915,3366.93,3367.29,0.7844,46.8577,0.39,0.375,0.35,0.355,0.395,0.41,0.455,0.425,249.2049,242.1357,156.3301,129.5952,50,47.619,44.4444,45.3674,,,0,0,0.03,3.8247,-0.015,-1.9124,-0.01,-1.2749,,,,,81.6603,75.9163,50.1412,53.6804,17.7389,28.3449,12.4446,23.6722,26.9816,27.3868,30.9182,26.9394,-54.6787,-48.5295,-19.223,-26.741,13.5266,4.8744,9.3784,14.1933,-4.2123,-23.4706,-3.0662,-9.4788,,,0.6598,33.9907,24.8972,-0.173,-15.6419,10.2652,0.0773,4.9338,-5.5153,,,,,,92.0114,86.5105,85.4174,,,,"Duque","","N/A","2008-01-01T00:00:00.000Z","Bay","Gelding","PRE horse (Pura Raza Espanola) - Andalusier","Dressage","","20260119T121135_logfile.itlog","2026-01-19T19:11:35.549Z","In hand","Research",,,
2,"trot","left","soft",480.43,480.08,480.075,480.45,3368.055,3367.705,3367.7,3368.075,0.7569,45.0914,0.365,0.34,0.335,0.325,0.385,0.415,0.42,0.43,262.2639,236.0335,152.404,139.8609,48.1848,45.3333,44.2244,42.623,,,0.01,1.3212,0.03,3.9637,0.005,0.6606,-0.02,-2.6424,,,,,84.2996,77.738,51.7899,54.8938,21.218,29.5141,19.476,21.2605,28.659,30.3639,32.5538,31.3233,-55.6406,-47.3741,-19.2361,-23.5705,15.2715,5.8674,11.3628,12.9753,-5.9466,-23.6467,-8.1132,-8.2853,,,0.4449,27.3641,21.0572,0.056,-7.2333,4.3767,-0.2585,-5.4708,-8.1057,,,,,,85.1102,84.5731,85.2477,,,,"Duque","","N/A","2008-01-01T00:00:00.000Z","Bay","Gelding","PRE horse (Pura Raza Espanola) - Andalusier","Dressage","","20260119T121135_logfile.itlog","2026-01-19T19:11:35.549Z","In hand","Research",,,
2,"trot","left","soft",481.195,480.825,480.835,481.22,3368.82,3368.45,3368.46,3368.845,0.7675,45.094,0.37,0.355,0.335,0.325,0.4,0.405,0.425,0.445,257.8082,243.9043,159.5108,136.2931,47.1338,46.4052,43.7908,43.0464,,,0.015,1.9544,0.03,3.9088,-0.01,-1.3029,-0.025,-3.2573,,,,,87.07,83.953,55.1532,61.6868,27.742,31.5287,17.9908,25.8243,28.992,31.7509,34.4551,39.7208,-58.0781,-52.2021,-20.6981,-21.966,19.5565,5.7676,10.9297,17.0435,-8.1855,-25.7611,-7.0611,-8.7808,,,0.2639,23.8011,-10.8767,0.0842,-4.3605,9.0478,-0.1656,-5.5213,-10.1963,,,,,,76.6629,91.941,92.7342,,,,"Duque","","N/A","2008-01-01T00:00:00.000Z","Bay","Gelding","PRE horse (Pura Raza Espanola) - Andalusier","Dressage","","20260119T121135_logfile.itlog","2026-01-19T19:11:35.549Z","In hand","Research",,,
2,"trot","left","soft",481.995,481.595,481.605,481.96,3369.62,3369.22,3369.23,3369.585,0.7681,45.8837,0.345,0.355,0.335,0.375,0.43,0.415,0.435,0.415,258.4335,262.9231,165.6783,157.6849,45.5446,46.8647,43.5065,47.619,,,0.01,1.3019,0,0,-0.01,-1.3019,0.035,4.5566,,,,,84.0397,80.999,58.7128,60.3566,20.3775,30.3123,17.9396,25.6432,26.5567,26.5322,36.5901,35.5516,-57.483,-54.4668,-22.1227,-24.805,13.5938,7.0714,10.9412,15.6718,-6.7837,-23.2409,-6.9984,-9.9714,,,0.3801,23.1767,6.4485,-0.0703,-10.4277,8.1988,0.1029,14.3363,-7.6598,,,,,,74.5273,91.9063,91.526,,,,"Duque","","N/A","2008-01-01T00:00:00.000Z","Bay","Gelding","PRE horse (Pura Raza Espanola) - Andalusier","Dressage","","20260119T121135_logfile.itlog","2026-01-19T19:11:35.549Z","In hand","Research",,,
2,"trot","left","soft",482.735,482.34,482.375,482.745,3370.36,3369.965,3370,3370.37,0.74,45.593,0.34,0.365,0.325,0.32,0.395,0.39,0.435,0.41,277.7105,263.2736,175.7852,165.6043,46.7354,48.0263,43.6242,43.9863,,,0.03,4.0541,0.03,4.0541,-0.035,-4.7297,-0.01,-1.3514,,,,,84.0823,78.037,53.2937,57.7211,22.0128,31.9477,18.6511,25.6082,30.2559,24.2158,31.5275,37.3412,-53.8264,-53.8213,-21.7662,-20.3799,15.591,5.6199,10.5037,17.6607,-6.4218,-26.3278,-8.1474,-7.9475,,,0.2723,33.2795,-8.4875,-0.1305,-11.3654,8.3861,0.2196,20.8696,-12.3672,,,,,,77.2116,85.2572,88.3072,,,,"Duque","","N/A","2008-01-01T00:00:00.000Z","Bay","Gelding","PRE horse (Pura Raza Espanola) - Andalusier","Dressage","","20260119T121135_logfile.itlog","2026-01-19T19:11:35.549Z","In hand","Research",,,
2,"trot","left","soft",483.455,483.105,483.105,483.47,3371.08,3370.73,3370.73,3371.095,0.7269,45.2181,0.335,0.35,0.315,0.315,0.38,0.4,0.405,0.405,279.4588,254.7303,174.3102,152.9824,46.5278,47.138,43.1507,44.0559,,,0,0,0.05,6.8788,0,0,-0.015,-2.0636,,,,,82.6232,81.1247,53.1608,60.3219,27.4898,25.9484,19.6975,20.5823,28.5523,33.4236,32.0103,37.0526,-54.0709,-47.7011,-21.1504,-23.2692,18.7608,4.695,12.8357,13.6127,-8.729,-21.2535,-6.8618,-6.9696,,,0.4452,22.1183,-7.6967,-0.1689,-16.7781,-0.4416,0.0083,5.9318,-1.7408,,,,,,80.4874,82.507,77.7362,,,,"Duque","","N/A","2008-01-01T00:00:00.000Z","Bay","Gelding","PRE horse (Pura Raza Espanola) - Andalusier","Dressage","","20260119T121135_logfile.itlog","2026-01-19T19:11:35.549Z","In hand","Research",,,
2,"trot","left","soft",484.18,483.84,483.845,484.18,3371.805,3371.465,3371.47,3371.805,0.7169,44.2852,0.335,0.325,0.285,0.325,0.39,0.385,0.425,0.395,265.123,255.1406,163.1147,155.417,46.0481,45.2962,39.8601,45.9364,,,0.015,2.0924,0.05,6.9747,-0.005,-0.6975,0,0,,,,,82.7672,79.815,57.5477,58.6636,25.9422,34.5103,22.7616,27.6319,29.355,30.0855,34.6584,33.8384,-53.4122,-49.7296,-22.8894,-24.8252,21.7158,7.7767,12.3013,16.6574,-4.2264,-26.7337,-10.4602,-10.9745,,,0.3884,8.881,25.4311,-0.056,-12.6043,7.5679,-0.1083,2.9501,-9.8432,,,,,,73.5705,83.6784,81.0846,,,,"Duque","","N/A","2008-01-01T00:00:00.000Z","Bay","Gelding","PRE horse (Pura Raza Espanola) - Andalusier","Dressage","","20260119T121135_logfile.itlog","2026-01-19T19:11:35.549Z","In hand","Research",,,
2,"trot","left","soft",484.91,484.565,484.565,484.875,3372.535,3372.19,3372.19,3372.5,0.7319,44.7332,0.325,0.315,0.315,0.355,0.395,0.4,0.435,0.37,282.4322,261.1178,181.0578,166.0782,44.6735,44.0559,42.7119,47.4916,,,0,0,0.045,6.1486,0,0,0.035,4.7822,,,,,85.896,82.8209,56.3318,62.9788,21.5882,31.6787,17.1357,20.3332,26.8288,31.2427,37.6032,35.784,-59.0672,-51.5782,-18.7286,-27.1948,15.4985,4.5571,12.6473,11.0343,-6.0897,-27.1216,-4.4884,-9.299,,,0.2125,16.3157,3.9833,-0.1543,-18.7758,5.839,0.0873,17.4181,-8.4808,,,,,,63.895,91.423,92.4305,,,,"Duque","","N/A","2008-01-01T00:00:00.000Z","Bay","Gelding","PRE horse (Pura Raza Espanola) - Andalusier","Dressage","","20260119T121135_logfile.itlog","2026-01-19T19:11:35.549Z","In hand","Research",,,
2,"trot","left","soft",485.645,485.28,485.29,485.645,3373.27,3372.905,3372.915,3373.27,0.7788,45.9247,0.395,0.355,0.33,0.35,0.41,0.4,0.41,0.415,270.3234,271.793,188.1111,161.0122,50.4792,46.7105,43.5644,42.9448,,,0.01,1.2841,0.005,0.6421,-0.01,-1.2841,0,0,,,,,83.936,76.464,52.201,56.6864,19.1897,28.7318,16.7777,21.5539,29.2546,26.5875,32.1264,32.5545,-54.6814,-49.8764,-20.0746,-24.1319,14.7557,4.7926,10.2361,14.0439,-4.434,-23.9391,-6.5415,-7.51,,,0.0464,-0.1896,-11.2896,-0.2458,-26.2586,3.5722,0.1943,18.8987,-5.1136,,,,,,69.5555,92.5089,92.4341,,,,"Duque","","N/A","2008-01-01T00:00:00.000Z","Bay","Gelding","PRE horse (Pura Raza Espanola) - Andalusier","Dressage","","20260119T121135_logfile.itlog","2026-01-19T19:11:35.549Z","In hand","Research",,,
2,"trot","left","soft",486.405,486.045,486.065,486.51,3374.03,3373.67,3373.69,3374.135,0.7512,42.17,0.375,0.36,0.3,0.235,0.365,0.41,0.445,0.515,272.6687,240.1964,160.5527,136.1563,50,46.7532,39.7351,32.1918,,,0,0,0.035,4.6589,-0.02,-2.6622,-0.105,-13.9767,,,,,82.7509,76.6631,53.2318,53.9199,16.3062,29.2869,20.8368,20.4353,27.4062,26.6567,32.1775,39.2375,-55.3447,-50.0064,-21.0544,-14.6824,13.6084,3.8957,12.4283,17.4294,-2.6978,-25.3912,-8.4085,-3.0059,,,0.6734,38.9692,22.2792,-0.0311,-20.5293,11.8473,-0.0337,1.957,-0.8287,,,,,,105.6887,98.0893,83.3592,,,,"Duque","","N/A","2008-01-01T00:00:00.000Z","Bay","Gelding","PRE horse (Pura Raza Espanola) - Andalusier","Dressage","","20260119T121135_logfile.itlog","2026-01-19T19:11:35.549Z","In hand","Research",,,
3,"trot","left","soft",501.365,500.965,500.98,501.37,3388.99,3388.59,3388.605,3388.995,0.77,45.2803,0.365,0.37,0.33,0.33,0.4,0.4,0.435,0.425,264.8415,246.4249,155.7871,144.9227,47.4026,47.4359,42.7184,43.5644,,,0.03,3.8961,0.025,3.2468,-0.015,-1.9481,-0.005,-0.6494,,,,,79.3817,75.5297,50.6204,57.7755,30.8893,38.0711,25.6802,25.5416,28.1144,26.5873,30.1938,33.4995,-51.2673,-48.9424,-20.4266,-24.276,19.656,7.5089,13.1469,14.3295,-11.2333,-30.5622,-12.5333,-11.2121,,,0.3075,12.7002,8.5656,-0.1265,-17.6317,11.854,0.0736,-6.2949,5.3699,,,,,,66.7803,85.1171,80.6887,,,,"Duque","","N/A","2008-01-01T00:00:00.000Z","Bay","Gelding","PRE horse (Pura Raza Espanola) - Andalusier","Dressage","","20260119T121135_logfile.itlog","2026-01-19T19:11:35.549Z","In hand","Research",,,
3,"trot","left","soft",502.14,501.755,501.76,502.13,3389.765,3389.38,3389.385,3389.755,0.77,44.6774,0.34,0.345,0.34,0.35,0.41,0.42,0.45,0.43,250.8076,246.2967,169.0266,151.7847,45.3333,45.098,45.3333,42.9448,,,0.03,3.8961,0,0,-0.005,-0.6494,0.01,1.2987,,,,,85.1349,82.679,54.2842,59.8249,25.9486,29.1767,14.3822,26.7644,31.9536,30.1882,31.9908,38.5962,-53.1813,-52.4909,-22.2933,-21.2287,17.34,5.5769,10.7039,17.9781,-8.6086,-23.5998,-3.6783,-8.7863,,,0.3591,21.9837,1.163,-0.0826,-15.6672,5.4076,-0.0553,-4.3094,9.508,,,,,,71.4869,94.388,80.3036,,,,"Duque","","N/A","2008-01-01T00:00:00.000Z","Bay","Gelding","PRE horse (Pura Raza Espanola) - Andalusier","Dressage","","20260119T121135_logfile.itlog","2026-01-19T19:11:35.549Z","In hand","Research",,,
3,"trot","left","soft",502.89,502.52,502.47,502.98,3390.515,3390.145,3390.095,3390.605,0.7431,45.0224,0.38,0.35,0.37,0.245,0.41,0.42,0.37,0.5,272.9126,248.4508,192.0884,151.969,49.5114,45.9016,49.1694,35.5072,,,0.02,2.6913,0,0,0.05,6.7283,-0.09,-12.111,,,,,87.1289,82.9689,56.0005,63.3325,38.323,34.7579,18.3541,22.9746,27.0742,30.8914,28.5074,46.3661,-60.0547,-52.0775,-27.4931,-16.9664,26.8019,5.8893,13.8082,17.6902,-11.5212,-28.8685,-4.5459,-5.2844,,,0.6388,15.4339,20.1284,-0.1714,-22.0519,4.5371,-0.0545,6.8501,-5.4201,,,,,,98.7276,96.4971,86.0314,,,,"Duque","","N/A","2008-01-01T00:00:00.000Z","Bay","Gelding","PRE horse (Pura Raza Espanola) - Andalusier","Dressage","","20260119T121135_logfile.itlog","2026-01-19T19:11:35.549Z","In hand","Research",,,
3,"trot","left","soft",503.635,503.275,503.235,503.615,3391.26,3390.9,3390.86,3391.24,0.7781,48.5058,0.395,0.35,0.38,0.385,0.365,0.405,0.395,0.39,305.0081,265.0708,189.6696,177.0664,50.641,46.2046,47.5,49.6774,,,0,0,0.005,0.6426,0.04,5.1406,0.02,2.5703,,,,,72.1554,85.1341,51.8859,54.5289,42.1683,42.2559,30.7045,31.8418,21.2804,27.9206,28.2233,28.584,-50.875,-57.2135,-23.6626,-25.9449,34.5289,9.1102,16.2132,17.6773,-7.6394,-33.1457,-14.4913,-14.1645,,,0.6346,12.364,,0.0469,-6.9685,9.1631,-0.2402,-2.9081,-16.1278,,,,,,103.9771,95.1414,95.5597,,,,"Duque","","N/A","2008-01-01T00:00:00.000Z","Bay","Gelding","PRE horse (Pura Raza Espanola) - Andalusier","Dressage","","20260119T121135_logfile.itlog","2026-01-19T19:11:35.549Z","In hand","Research",,,
3,"trot","left","soft",504.435,504.035,504.06,504.39,3392.06,3391.66,3391.685,3392.015,0.8013,47.0634,0.4,0.375,0.315,0.42,0.405,0.41,0.445,0.39,249.0472,286.431,183.5996,158.6128,50.1567,47.4684,39.8734,50.7553,,,0,0,0,0,-0.025,-3.1201,0.045,5.6162,,,,,81.143,79.461,45.4516,54.3092,23.2533,33.2156,28.7282,34.4549,28.4271,25.6739,24.0411,29.6743,-52.7158,-53.7871,-21.4105,-24.635,18.27,7.9186,17.571,19.506,-4.9834,-25.297,-11.1572,-14.9488,,,0.5054,40.786,15.54,-0.1118,-14.8744,6.3525,0.177,18.6977,-5.6789,,,,,,97.5709,97.813,101.5271,,,,"Duque","","N/A","2008-01-01T00:00:00.000Z","Bay","Gelding","PRE horse (Pura Raza Espanola) - Andalusier","Dressage","","20260119T121135_logfile.itlog","2026-01-19T19:11:35.549Z","In hand","Research",,,
3,"trot","left","soft",505.225,504.83,504.88,505.235,3392.85,3392.455,3392.505,3392.86,0.81,47.3726,0.455,0.4,0.305,0.38,0.39,0.42,0.505,0.425,260.4064,247.1518,138.0385,148.7438,54.1667,48.1928,39.4822,47.6489,,,0,0,0,0,-0.05,-6.1728,-0.01,-1.2346,,,,,75.6572,80.6017,52.3045,55.7434,20.2235,27.8523,18.2173,19.549,24.441,27.5485,30.7195,31.1568,-51.2162,-53.0532,-21.585,-24.5866,15.1887,6.2635,14.8014,10.2201,-5.0348,-21.5887,-3.4159,-9.329,,,0.5856,41.3371,3.2512,-0.0791,-11.9804,3.7277,0.1734,20.0494,-2.6393,,,,,,99.4771,97.3227,99.3601,,,,"Duque","","N/A","2008-01-01T00:00:00.000Z","Bay","Gelding","PRE horse (Pura Raza Espanola) - Andalusier","Dressage","","20260119T121135_logfile.itlog","2026-01-19T19:11:35.549Z","In hand","Research",,,
3,"trot","left","soft",506.06,505.67,505.615,506.025,3393.685,3393.295,3393.24,3393.65,0.8225,50.3443,0.45,0.395,0.395,0.415,0.38,0.44,0.43,0.41,235.0101,237.7803,155.9668,145.4245,55.5556,48.4663,46.7456,50.6098,,,0,0,0,0,0.055,6.6869,0.035,4.2553,,,,,80.104,77.6535,48.3129,54.3462,15.2532,26.5602,23.7618,24.1002,31.6171,26.5396,23.5666,31.0316,-48.4869,-51.1139,-24.7464,-23.3146,10.3144,9.8612,16.3988,14.2533,-4.9387,-16.699,-7.363,-9.8469,,,0.5102,18.6124,29.9579,-0.0758,-14.3314,8.2523,-0.0317,12.6259,-13.3212,,,,,,99.4327,96.2389,92.236,,,,"Duque","","N/A","2008-01-01T00:00:00.000Z","Bay","Gelding","PRE horse (Pura Raza Espanola) - Andalusier","Dressage","","20260119T121135_logfile.itlog","2026-01-19T19:11:35.549Z","In hand","Research",,,
4,"walk","left","soft",509.375,509.975,509.085,509.65,3397,3397.6,3396.71,3397.275,1.205,61.5918,0.77,0.75,0.675,0.77,0.355,0.435,0.51,0.49,232.9049,180.7669,130.5794,129.7135,66.5227,63.4249,55.6701,60.7495,,,,,,,,,-0.275,-22.8216,0.29,24.0664,0.325,26.971,73.87,75.6614,64.4052,57.1581,14.7773,9.1896,19.4172,17.8466,33.1612,36.6996,35.5278,27.2219,-40.7088,-38.9618,-28.8774,-29.9362,8.8508,0.8464,14.6821,8.6515,-5.9265,-8.3432,-4.7352,-9.1951,,,0.1048,,42.4425,0.4109,-20.7215,,-0.1043,-12.399,-0.0887,,,,,,144.3628,56.176,,,,,"Duque","","N/A","2008-01-01T00:00:00.000Z","Bay","Gelding","PRE horse (Pura Raza Espanola) - Andalusier","Dressage","","20260119T121135_logfile.itlog","2026-01-19T19:11:35.549Z","In hand","Research",,,
4,"walk","left","soft",510.565,511.155,510.325,510.925,3398.19,3398.78,3397.95,3398.55,1.2238,61.853,0.785,0.83,0.705,0.71,0.42,0.43,0.565,0.505,189.6811,193.8478,124.8031,109.0329,64.3443,66.004,58.2645,58.7992,,,,,,,-0.35,-28.6006,-0.36,-29.4178,0.24,19.6118,0.23,18.7947,76.6621,76.2048,57.4454,58.7536,12.3464,8.7298,10.4981,12.9613,34.6655,33.8369,30.2698,32.8658,-41.9967,-42.3679,-27.1756,-25.8878,6.303,1.1461,8.0479,8.0391,-6.0434,-7.5837,-2.4502,-4.9221,,,-0.1021,-21.0323,-10.4146,,-10.83,5.4411,0.1702,12.6885,0.9633,,,,,,120.1576,47.4383,90.0585,,,,"Duque","","N/A","2008-01-01T00:00:00.000Z","Bay","Gelding","PRE horse (Pura Raza Espanola) - Andalusier","Dressage","","20260119T121135_logfile.itlog","2026-01-19T19:11:35.549Z","In hand","Research",,,
4,"walk","left","soft",511.8,512.41,511.475,512.125,3399.425,3400.035,3399.1,3399.75,1.2756,64.5654,0.84,0.855,0.795,0.805,0.45,0.425,0.445,0.49,183.3673,200.2175,133.0357,105.916,65.8824,66.0232,62.9703,63.3858,,,,,,,-0.32,-25.0857,-0.325,-25.4777,0.325,25.4777,0.285,22.342,72.4962,70.5294,54.636,57.2403,15.1208,12.273,10.2839,12.9423,33.413,29.6626,25.9148,28.8577,-39.0831,-40.8669,-28.7212,-28.3826,7.5273,2.6231,7.7595,7.213,-7.5935,-9.6499,-2.5244,-5.7293,,,-0.0422,15.1127,19.7192,0.2307,-9.2782,6.7225,0.1853,3.5077,-8.6828,,,,,,128.1117,38.0807,65.901,,,,"Duque","","N/A","2008-01-01T00:00:00.000Z","Bay","Gelding","PRE horse (Pura Raza Espanola) - Andalusier","Dressage","","20260119T121135_logfile.itlog","2026-01-19T19:11:35.549Z","In hand","Research",,,
4,"walk","left","soft",513.06,513.72,512.76,513.37,3400.685,3401.345,3400.385,3400.995,1.2594,64.011,0.845,0.805,0.765,0.81,0.42,0.455,0.49,0.44,180.5689,171.7557,119.8,124.1271,66.9307,63.7624,61.4458,63.9053,,,,,,,-0.35,-27.7916,-0.31,-24.6154,0.3,23.8213,0.35,27.7916,71.7416,71.8832,54.227,58.9032,15.2499,11.5537,14.5172,18.0003,33.016,32.6228,26.6752,29.0804,-38.7256,-39.2605,-27.5519,-29.8228,11.4497,1.3503,9.2924,9.0824,-3.8002,-10.2033,-5.2248,-8.918,,,0.3438,,33.9989,0.2477,-8.3648,-1.8068,-0.0051,-15.3794,-15.1138,,,,,,126.264,35.0949,74.618,,,,"Duque","","N/A","2008-01-01T00:00:00.000Z","Bay","Gelding","PRE horse (Pura Raza Espanola) - Andalusier","Dressage","","20260119T121135_logfile.itlog","2026-01-19T19:11:35.549Z","In hand","Research",,,
4,"walk","left","soft",514.32,514.985,513.995,514.655,3401.945,3402.61,3401.62,3402.28,1.26,63.5974,0.835,0.8,0.805,0.765,0.415,0.46,0.47,0.475,180.4107,180.6707,120.3605,110.001,66.5339,63.745,63.6364,60.4743,,,,,,,-0.275,-21.8254,-0.335,-26.5873,0.325,25.7937,0.33,26.1905,77.4896,70.0224,56.9151,62.4842,17.7424,14.1702,15.0391,17.7724,35.5572,31.201,24.928,31.7131,-41.9325,-38.8215,-31.9871,-30.7712,10.2366,1.5635,9.8834,9.0526,-7.5059,-12.6067,-5.1557,-8.7198,,,-0.0074,-5.8996,-5.1201,0.2431,-8.6415,-1.4118,0.1848,4.9564,-8.8322,,,,,,122.9748,35.1982,83.3582,,,,"Duque","","N/A","2008-01-01T00:00:00.000Z","Bay","Gelding","PRE horse (Pura Raza Espanola) - Andalusier","Dressage","","20260119T121135_logfile.itlog","2026-01-19T19:11:35.549Z","In hand","Research",,,
4,"walk","left","soft",515.58,516.235,515.25,515.945,3403.205,3403.86,3402.875,3403.57,1.2719,63.9661,0.865,0.825,0.8,0.765,0.425,0.45,0.45,0.525,187.7123,181.4053,138.5462,110.6419,67.4464,64.9606,62.6223,60.835,,,,,,,-0.265,-20.8354,-0.365,-28.6978,0.33,25.9459,0.29,22.801,66.4604,74.6635,57.6352,60.9092,16.1722,13.1913,17.5587,18.6349,25.1935,33.7664,26.7803,35.1842,-41.2668,-40.8971,-30.855,-25.725,7.781,0.4812,12.3879,9.9295,-8.3912,-12.7101,-5.1708,-8.7054,,,-0.1243,-31.7256,-19.0717,-0.0835,5.356,4.7418,0.031,5.0916,2.614,,,,,,127.8723,31.9103,84.3097,,,,"Duque","","N/A","2008-01-01T00:00:00.000Z","Bay","Gelding","PRE horse (Pura Raza Espanola) - Andalusier","Dressage","","20260119T121135_logfile.itlog","2026-01-19T19:11:35.549Z","In hand","Research",,,
4,"walk","left","soft",516.855,517.5,516.555,517.17,3404.48,3405.125,3404.18,3404.795,1.2338,63.6315,0.805,0.805,0.765,0.765,0.41,0.44,0.505,0.46,179.8312,196.0355,126.0455,117.2591,65.8487,64.7887,61.6935,62.1951,,,,,,,-0.32,-25.9372,-0.315,-25.5319,0.3,24.3161,0.33,26.7477,70.809,72.7942,62.2204,60.0907,12.4381,11.0192,14.9568,17.1369,28.1921,32.957,33.065,29.4898,-42.6169,-39.8371,-29.1554,-30.6009,6.7682,1.8257,9.9917,6.9479,-5.6699,-9.1935,-4.9651,-10.189,,,-0.2496,-33.0684,-3.4945,-0.5893,9.5767,2.0258,0.2302,4.5273,-12.8807,,,,,,123.4053,38.6441,75.6244,,,,"Duque","","N/A","2008-01-01T00:00:00.000Z","Bay","Gelding","PRE horse (Pura Raza Espanola) - Andalusier","Dressage","","20260119T121135_logfile.itlog","2026-01-19T19:11:35.549Z","In hand","Research",,,
4,"walk","left","soft",518.085,518.74,517.765,518.405,3405.71,3406.365,3405.39,3406.03,1.2562,64.8617,0.845,0.845,0.795,0.775,0.425,0.435,0.445,0.47,179.9151,190.7239,155.1602,117.9016,66.7984,66.5354,64.1129,62,,,,,,,-0.265,-21.0945,-0.32,-25.4726,0.32,25.4726,0.335,26.6667,80.5147,73.0887,55.177,61.5539,14.7974,14.5195,11.4889,14.6061,36.2699,34.2345,25.4585,32.0112,-44.2448,-38.8543,-29.7186,-29.5427,6.5486,5.8915,8.5465,6.5277,-8.2488,-8.628,-2.9425,-8.0785,,,0.2783,12.3078,-21.133,-0.2224,5.374,6.0928,0.2773,6.688,-12.8942,,,,,,120.1562,38.6544,76.7448,,,,"Duque","","N/A","2008-01-01T00:00:00.000Z","Bay","Gelding","PRE horse (Pura Raza Espanola) - Andalusier","Dressage","","20260119T121135_logfile.itlog","2026-01-19T19:11:35.549Z","In hand","Research",,,
4,"walk","left","soft",519.345,520,519.005,519.66,3406.97,3407.625,3406.63,3407.285,1.3113,64.5493,0.865,0.825,0.84,0.855,0.415,0.415,0.445,0.48,199.7289,193.0173,135.3292,114.3609,66.1568,64.5793,64.2447,63.2163,,,,,,,-0.265,-20.2097,-0.315,-24.0229,0.34,25.9295,0.34,25.9295,74.9219,73.8291,60.9999,60.1217,21.5227,13.8156,9.4621,12.2065,34.0681,30.8094,30.8639,28.8363,-40.8538,-43.0197,-30.1359,-31.2853,11.7141,0.3874,7.8954,8.6715,-9.8086,-13.4283,-1.5667,-3.535,,,,,-27.0144,0.0638,-5.7673,-1.228,0.1271,4.2779,-5.0892,,,,,,138.8874,40.1785,73.6993,,,,"Duque","","N/A","2008-01-01T00:00:00.000Z","Bay","Gelding","PRE horse (Pura Raza Espanola) - Andalusier","Dressage","","20260119T121135_logfile.itlog","2026-01-19T19:11:35.549Z","In hand","Research",,,
4,"walk","left","soft",520.68,521.315,520.335,521.03,3408.305,3408.94,3407.96,3408.655,1.2656,62.8866,0.83,0.81,0.805,0.74,0.47,0.49,0.49,0.515,166.6219,171.5347,130.1151,104.1395,64.7173,63.5294,62.768,60.5317,,,,,,,-0.335,-26.4691,-0.35,-27.6543,0.345,27.2593,0.285,22.5185,76.8029,75.2654,56.5988,62.6414,16.8163,13.0096,14.4501,22.9472,32.5663,32.4712,25.1352,35.0548,-44.2366,-42.7942,-31.4635,-27.5866,8.8794,3.5849,10.5595,11.3709,-7.9369,-9.4247,-3.8906,-11.5764,,,0.033,9.804,6.5451,0.5864,,7.6855,0.0024,-2.3841,-2.5539,,,,,,126.5929,48.9546,82.8192,,,,"Duque","","N/A","2008-01-01T00:00:00.000Z","Bay","Gelding","PRE horse (Pura Raza Espanola) - Andalusier","Dressage","","20260119T121135_logfile.itlog","2026-01-19T19:11:35.549Z","In hand","Research",,,
4,"walk","left","soft",521.945,522.565,521.605,522.22,3409.57,3410.19,3409.23,3409.845,1.2431,62.9574,0.8,0.78,0.755,0.795,0.435,0.44,0.465,0.45,196.3611,194.1639,131.2088,129.6755,64.7773,63.9344,60.6426,62.4754,,,,,,,-0.29,-23.3283,-0.275,-22.1217,0.34,27.3504,0.345,27.7526,71.9221,70.3263,58.091,61.7325,14.8775,12.1365,20.3845,14.2522,29.7146,29.5054,27.5156,31.5277,-42.2075,-40.8209,-30.5754,-30.2047,6.3833,1.6696,13.7078,6.6346,-8.4943,-10.4669,-6.6767,-7.6175,,,-0.002,-23.2602,-23.0428,0.3143,-16.6209,4.3858,0.1985,0.4765,-15.9719,,,,,,142.8813,39.4738,82.8671,,,,"Duque","","N/A","2008-01-01T00:00:00.000Z","Bay","Gelding","PRE horse (Pura Raza Espanola) - Andalusier","Dressage","","20260119T121135_logfile.itlog","2026-01-19T19:11:35.549Z","In hand","Research",,,
4,"walk","left","soft",523.18,523.785,522.875,523.52,3410.805,3411.41,3410.5,3411.145,1.2538,62.5121,0.79,0.815,0.77,0.76,0.435,0.44,0.515,0.505,174.6729,197.3599,127.2954,110.686,63.5815,64.5545,61.3546,60.5578,,,,,,,-0.31,-24.7258,-0.34,-27.1186,0.305,24.327,0.265,21.1366,77.4159,76.7066,57.8537,64.4405,16.7216,8.8385,12.4934,16.021,33.9054,28.1429,27.803,35.2954,-43.5104,-48.5637,-30.0507,-29.145,10.2026,2.4836,7.9246,7.7209,-6.5191,-6.3549,-4.5688,-8.3001,,,-0.049,-29.7858,-23.8081,-0.2899,1.2547,4.2712,0.195,4.6972,-10.5397,,,,,,148.2187,54.539,78.5957,,,,"Duque","","N/A","2008-01-01T00:00:00.000Z","Bay","Gelding","PRE horse (Pura Raza Espanola) - Andalusier","Dressage","","20260119T121135_logfile.itlog","2026-01-19T19:11:35.549Z","In hand","Research",,,
4,"walk","left","soft",524.44,525.055,524.1,524.765,3412.065,3412.68,3411.725,3412.39,1.2837,64.3487,0.85,0.855,0.8,0.8,0.47,0.455,0.455,0.485,184.764,192.9786,134.8049,124.3894,65.8915,65.5172,63.2411,62.7451,,,,,,,-0.315,-24.5375,-0.325,-25.3165,0.34,26.4849,0.29,22.5901,72.6485,74.6429,57.0889,57.284,11.7715,14.0989,15.3065,17.4038,30.7784,33.844,25.8648,29.5904,-41.8702,-40.7989,-31.2241,-27.6936,7.3268,2.5167,10.4488,9.0931,-4.4448,-11.5822,-4.8576,-8.3107,,,-0.1172,-46.2698,-33.5563,0.2926,-17.6532,3.3303,0.0512,0.2768,-3.6419,,,,,,142.0322,54.5408,77.5332,,,,"Duque","","N/A","2008-01-01T00:00:00.000Z","Bay","Gelding","PRE horse (Pura Raza Espanola) - Andalusier","Dressage","","20260119T121135_logfile.itlog","2026-01-19T19:11:35.549Z","In hand","Research",,,
4,"walk","left","soft",525.7,526.355,525.375,526.03,3413.325,3413.98,3413,3413.655,1.2875,64.9582,0.865,0.86,0.8,0.82,0.41,0.445,0.475,0.465,193.7509,184.0679,131.2937,113.6202,67.1845,66.7961,61.5385,64.3137,,,,,,,-0.32,-24.8544,-0.33,-25.6311,0.325,25.2427,0.325,25.2427,72.0994,71.087,53.7763,55.9233,11.0232,14.1422,21.0633,18.6894,30.6964,30.6489,25.5983,28.0512,-41.4031,-40.4381,-28.1781,-27.8721,8.8318,4.9155,13.0206,8.7947,-2.1914,-9.2268,-8.0427,-9.8947,,,0.2593,-4.0016,-33.1562,0.5202,-16.9813,11.529,0.0398,-13.0884,-15.6568,,,,,,121.7449,44.0361,78.9241,,,,"Duque","","N/A","2008-01-01T00:00:00.000Z","Bay","Gelding","PRE horse (Pura Raza Espanola) - Andalusier","Dressage","","20260119T121135_logfile.itlog","2026-01-19T19:11:35.549Z","In hand","Research",,,
4,"walk","left","soft",527,527.625,526.7,527.295,3414.625,3415.25,3414.325,3414.92,1.2575,63.7453,0.84,0.815,0.765,0.785,0.435,0.41,0.525,0.445,182.9439,192.0403,123.9383,119.3801,66.4032,66.5306,60.2362,61.811,,,,,,,-0.345,-27.4354,-0.295,-23.4592,0.3,23.8569,0.33,26.2425,74.1738,76.2901,56.0629,61.489,10.4091,7.1688,13.8919,10.5964,34.0157,34.3815,28.9898,31.5694,-40.158,-41.9086,-27.0731,-29.9196,4.5474,1.7644,9.7329,6.9486,-5.8616,-5.4044,-4.159,-3.6478,,,-0.2471,-8.5435,20.9197,0.2458,-15.7689,1.6335,0.1918,1.5304,-12.9802,,,,,,126.0835,38.0085,75.6592,,,,"Duque","","N/A","2008-01-01T00:00:00.000Z","Bay","Gelding","PRE horse (Pura Raza Espanola) - Andalusier","Dressage","","20260119T121135_logfile.itlog","2026-01-19T19:11:35.549Z","In hand","Research",,,
4,"walk","left","soft",528.255,528.85,527.95,528.605,3415.88,3416.475,3415.575,3416.23,1.2419,62.4519,0.8,0.82,0.745,0.735,0.415,0.41,0.485,0.525,194.2676,204.1385,127.3275,106.1922,66.1157,65.996,59.3625,58.3333,,,,,,,-0.325,-26.1701,-0.35,-28.1832,0.305,24.5596,0.245,19.7282,68.8996,76.901,56.0413,59.0492,9.9936,11.4627,21.9102,14.1141,28.1518,35.5093,26.857,31.6431,-40.7478,-41.3917,-29.1844,-27.4061,6.8105,2.2228,13.8927,7.807,-3.1832,-9.2399,-8.0176,-6.3071,,,-0.0273,22.4627,25.5942,-0.2862,0.3105,6.2457,-0.3255,-17.9185,9.8149,,,,,,141.3583,44.4096,89.3302,,,,"Duque","","N/A","2008-01-01T00:00:00.000Z","Bay","Gelding","PRE horse (Pura Raza Espanola) - Andalusier","Dressage","","20260119T121135_logfile.itlog","2026-01-19T19:11:35.549Z","In hand","Research",,,
4,"walk","left","soft",529.46,530.105,529.23,529.865,3417.085,3417.73,3416.855,3417.49,1.2175,61.5568,0.795,0.8,0.725,0.68,0.405,0.435,0.535,0.525,192.775,198.3776,123.1159,109.6824,65.0307,64.3863,59.4262,57.384,,,,,,,-0.38,-31.2115,-0.405,-33.2649,0.23,18.8912,0.24,19.7125,74.7835,73.8188,57.2734,63.4812,9.4898,10.2931,16.8004,12.3629,31.3376,33.0476,28.4504,34.3077,-43.4458,-40.7712,-28.8231,-29.1735,7.9539,2.1166,11.3601,7.3636,-1.536,-8.1765,-5.4404,-4.9993,,,0.3881,29.2648,-24.0381,-0.2027,7.7921,2.1821,0.1934,0.6211,-13.7582,,,,,,141.7347,52.9781,74.3435,,,,"Duque","","N/A","2008-01-01T00:00:00.000Z","Bay","Gelding","PRE horse (Pura Raza Espanola) - Andalusier","Dressage","","20260119T121135_logfile.itlog","2026-01-19T19:11:35.549Z","In hand","Research",,,
4,"walk","left","soft",530.705,531.355,530.41,531.03,3418.33,3418.98,3418.035,3418.655,1.2356,63.3996,0.83,0.805,0.74,0.76,0.45,0.45,0.455,0.485,178.3539,185.0138,139.4017,115.3556,65.3543,64.7887,61.6667,61.7886,,,,,,,-0.305,-24.6839,-0.325,-26.3025,0.295,23.8746,0.325,26.3025,75.2319,76.4346,56.9977,57.1977,11.3354,12.0407,14.8878,12.8458,32.5921,35.1532,27.5008,28.2157,-42.6398,-41.2814,-29.4969,-28.982,7.0745,3.3458,10.3947,5.2609,-4.2609,-8.695,-4.4931,-7.585,,,0.1095,25.6675,12.8305,0.0224,-5.349,12.2791,-0.1275,-11.7097,-1.9979,,,,,,130.0276,52.995,82.6844,,,,"Duque","","N/A","2008-01-01T00:00:00.000Z","Bay","Gelding","PRE horse (Pura Raza Espanola) - Andalusier","Dressage","","20260119T121135_logfile.itlog","2026-01-19T19:11:35.549Z","In hand","Research",,,
4,"walk","left","soft",531.965,532.585,531.615,532.245,3419.59,3420.21,3419.24,3419.87,1.2375,64.2554,0.805,0.795,0.79,0.79,0.43,0.425,0.465,0.455,193.267,194.4767,135.1904,114.291,65.8487,64.898,62.9482,63.3267,,,,,,,-0.26,-21.0101,-0.28,-22.6263,0.35,28.2828,0.34,27.4747,74.8903,74.6789,55.9004,58.1605,12.1904,7.8171,12.891,14.0931,36.7151,34.5664,24.3634,28.9367,-38.1752,-40.1124,-31.537,-29.2238,6.321,0.443,8.3176,7.2986,-5.8694,-7.3741,-4.5733,-6.7944,,,0.1057,-14.4544,-26.9117,-0.1631,-8.3813,8.1352,0.0491,-3.8541,-7.6315,,,,,,137.6268,45.5294,80.8068,,,,"Duque","","N/A","2008-01-01T00:00:00.000Z","Bay","Gelding","PRE horse (Pura Raza Espanola) - Andalusier","Dressage","","20260119T121135_logfile.itlog","2026-01-19T19:11:35.549Z","In hand","Research",,,
4,"walk","left","soft",533.175,533.815,532.87,533.495,3420.8,3421.44,3420.495,3421.12,1.2506,63.9387,0.85,0.82,0.755,0.775,0.405,0.435,0.465,0.46,191.6296,191.525,126.4066,107.4479,66.9291,64.5669,61.6327,62.6263,,,,,,,-0.285,-22.7886,-0.32,-25.5872,0.305,24.3878,0.32,25.5872,71.5368,68.4077,54.5665,60.5753,15.9675,10.0336,16.3301,13.6069,32.1938,28.7088,24.506,32.3422,-39.343,-39.6989,-30.0605,-28.2331,9.947,1.2034,11.2668,7.4274,-6.0205,-8.8302,-5.0633,-6.1795,,,-0.1809,-10.9225,11.503,0.4794,-15.8581,6.7541,0.2775,-0.8029,-19.6003,,,,,,123.934,45.5382,72.2007,,,,"Duque","","N/A","2008-01-01T00:00:00.000Z","Bay","Gelding","PRE horse (Pura Raza Espanola) - Andalusier","Dressage","","20260119T121135_logfile.itlog","2026-01-19T19:11:35.549Z","In hand","Research",,,
4,"walk","left","soft",534.46,535.1,534.1,534.735,3422.085,3422.725,3421.725,3422.36,1.2787,63.6648,0.83,0.805,0.8,0.82,0.435,0.465,0.475,0.465,175.483,170.2285,124.0675,114.9967,66.004,64.2715,61.1855,63.1985,,,,,,,-0.285,-22.2874,-0.275,-21.5054,0.36,28.1525,0.365,28.5435,70.5498,76.5857,52.6137,59.7629,14.7856,12.4783,21.7891,18.498,31.1537,37.1234,24.9579,29.7755,-39.3961,-39.4623,-27.6558,-29.9874,8.637,1.4807,14.2063,8.7864,-6.1486,-10.9975,-7.5828,-9.7116,,,0.1244,18.5572,5.39,0.5461,-15.5138,-1.0834,0.1081,-6.0545,-13.8577,,,,,,130.7733,31.3749,80.423,,,,"Duque","","N/A","2008-01-01T00:00:00.000Z","Bay","Gelding","PRE horse (Pura Raza Espanola) - Andalusier","Dressage","","20260119T121135_logfile.itlog","2026-01-19T19:11:35.549Z","In hand","Research",,,
4,"walk","left","soft",535.71,536.335,535.44,536.045,3423.335,3423.96,3423.065,3423.67,1.2088,62.0418,0.79,0.765,0.72,0.725,0.42,0.43,0.54,0.49,180.0188,197.3675,115.503,109.2049,65.4244,62.5767,60,60.166,,,,,,,-0.34,-28.1282,-0.335,-27.7146,0.27,22.3371,0.29,23.9917,75.5377,69.2328,58.7329,62.3801,9.1718,10.3346,13.9417,16.1846,31.7402,29.5789,28.7882,34.4936,-43.7975,-39.6539,-29.9447,-27.8865,5.0096,2.0786,10.0022,7.1491,-4.1622,-8.256,-3.9395,-9.0355,,,-0.054,-10.7062,-3.6439,-0.1423,3.7975,-7.3072,-0.1412,-0.0392,10.9413,,,,,,134.4268,42.1306,79.2085,,,,"Duque","","N/A","2008-01-01T00:00:00.000Z","Bay","Gelding","PRE horse (Pura Raza Espanola) - Andalusier","Dressage","","20260119T121135_logfile.itlog","2026-01-19T19:11:35.549Z","In hand","Research",,,
4,"walk","left","soft",536.915,537.585,536.58,537.24,3424.54,3425.21,3424.205,3424.865,1.2581,64.0753,0.845,0.8,0.795,0.785,0.415,0.485,0.42,0.47,200.5325,171.8989,147.1734,117.5276,66.4047,64,63.3466,62.5498,,,,,,,-0.245,-19.4734,-0.325,-25.8321,0.335,26.6269,0.345,27.4218,75.3789,78.2187,58.42,58.3883,13.6558,11.9121,15.4971,12.254,32.5036,35.7835,28.2259,27.7585,-42.8753,-42.4353,-30.1941,-30.6298,7.7631,1.8723,10.6688,6.586,-5.8926,-10.0398,-4.8283,-5.668,,,0.0655,25.8362,18.1598,0.0863,-5.7185,8.9612,0.0197,-10.5079,-11.907,,,,,,149.4502,42.1297,83.4597,,,,"Duque","","N/A","2008-01-01T00:00:00.000Z","Bay","Gelding","PRE horse (Pura Raza Espanola) - Andalusier","Dressage","","20260119T121135_logfile.itlog","2026-01-19T19:11:35.549Z","In hand","Research",,,
4,"walk","left","soft",538.2,538.8,537.875,538.495,3425.825,3426.425,3425.5,3426.12,1.1331,61.5715,0.755,0.66,0.73,0.645,0.44,0.415,0.5,0.47,186.8776,207.397,125.716,113.0909,65.5098,62.5592,59.7137,58.5034,,,,,,,-0.29,-25.5929,-0.295,-26.0342,0.325,28.6817,0.305,26.9167,78.5943,82.4669,58.4107,58.8484,12.4991,10.0891,18.2327,21.0079,32.9224,33.9958,25.2675,27.535,-45.6718,-48.4711,-33.1433,-31.3134,5.8396,-0.3933,8.2362,11.1053,-6.6594,-10.4823,-9.9964,-9.9026,,,0.2162,18.3281,-16.1506,-0.3665,4.573,2.8292,-0.0354,-13.0372,-10.2665,,,,,,160.8823,40.4494,91.4583,,,,"Duque","","N/A","2008-01-01T00:00:00.000Z","Bay","Gelding","PRE horse (Pura Raza Espanola) - Andalusier","Dressage","","20260119T121135_logfile.itlog","2026-01-19T19:11:35.549Z","In hand","Research",,,
4,"walk","left","soft",539.31,539.835,539.09,539.585,3426.935,3427.46,3426.715,3427.21,1.0575,58.6818,0.625,0.695,0.545,0.62,0.355,0.375,0.485,0.445,232.9982,242.2552,130.9566,116.9417,60.8273,63.3257,53.5627,57.0115,,,,,,,-0.29,-27.4232,-0.275,-26.0047,0.22,20.8038,0.25,23.6407,77.5179,83.259,54.9899,62.645,26.2468,11.2097,26.6866,14.9328,35.0221,38.1549,27.0456,32.2216,-42.4958,-45.1041,-27.9442,-30.4234,15.8533,0.4117,18.041,6.912,-10.3935,-10.798,-8.6456,-8.0209,,,0.2717,-5.3478,,-0.3836,0.7546,13.2184,0.0441,-19.2784,-22.4181,,,,,,160.0096,43.8127,98.6605,,,,"Duque","","N/A","2008-01-01T00:00:00.000Z","Bay","Gelding","PRE horse (Pura Raza Espanola) - Andalusier","Dressage","","20260119T121135_logfile.itlog","2026-01-19T19:11:35.549Z","In hand","Research",,,
4,"walk","left","soft",540.385,540.96,540.095,540.695,3428.01,3428.585,3427.72,3428.32,1.1487,60.2584,0.705,0.75,0.67,0.645,0.45,0.43,0.46,0.49,190.6534,214.8629,132.5897,124.3187,61.039,63.4249,60.3604,56.2092,,,,,,,-0.26,-22.6333,-0.31,-26.9859,0.29,25.2448,0.265,23.0686,79.169,73.6235,58.8668,67.2236,19.7605,9.3564,17.6398,16.2425,36.3299,32.6298,29.7078,38.8979,-42.839,-40.9937,-29.159,-28.3257,10.42,2.0842,11.1655,7.9488,-9.3406,-7.2722,-6.4743,-8.2937,,,0.1897,50.7155,22.6579,0.3068,-4.5984,9.3278,0.0996,-5.0255,-14.0883,,,,,,170.5285,43.8282,100.9517,,,,"Duque","","N/A","2008-01-01T00:00:00.000Z","Bay","Gelding","PRE horse (Pura Raza Espanola) - Andalusier","Dressage","","20260119T121135_logfile.itlog","2026-01-19T19:11:35.549Z","In hand","Research",,,
4,"walk","left","soft",541.54,542.145,541.185,541.855,3429.165,3429.77,3428.81,3429.48,1.2888,63.7907,0.81,0.89,0.77,0.82,0.45,0.435,0.42,0.515,190.7265,189.8999,154.4352,119.3987,63.9053,66.171,62.7291,62.3574,,,,,,,-0.225,-17.4588,-0.315,-24.4423,0.355,27.5461,0.29,22.5024,75.2534,71.6371,56.4508,54.7165,17.8188,12.9422,17.2633,19.3822,34.2288,30.165,25.0899,31.3906,-41.0246,-41.472,-31.3609,-23.3259,12.2473,3.8682,12.6119,11.5578,-5.5715,-9.074,-4.6514,-7.8244,,,0.1828,5.8903,-20.8439,-0.782,3.3738,16.837,0.0112,2.5324,1.5305,,,,,,147.0047,26.078,90.85,,,,"Duque","","N/A","2008-01-01T00:00:00.000Z","Bay","Gelding","PRE horse (Pura Raza Espanola) - Andalusier","Dressage","","20260119T121135_logfile.itlog","2026-01-19T19:11:35.549Z","In hand","Research",,,
4,"walk","left","soft",542.815,543.51,542.45,543.15,3430.44,3431.135,3430.075,3430.775,1.3506,64.7703,0.925,0.845,0.88,0.85,0.465,0.475,0.495,0.475,182.1822,172.5554,127.989,102.6943,66.6667,64.2586,63.8838,64.2722,,,,,,,-0.305,-22.5821,-0.335,-24.8033,0.365,27.0245,0.36,26.6543,72.1295,69.4696,58.8923,62.523,16.9672,7.1428,9.9597,18.7759,29.8654,26.2591,31.3504,36.346,-42.2641,-43.2105,-27.5419,-26.1771,7.5544,1.3138,9.3342,8.7717,-9.4128,-5.8291,-0.6256,-10.0041,,,-0.2481,-39.0508,-10.3537,-0.506,19.5071,-5.8614,0.2911,9.3659,-12.568,,,,,,139.4304,37.235,84.789,,,,"Duque","","N/A","2008-01-01T00:00:00.000Z","Bay","Gelding","PRE horse (Pura Raza Espanola) - Andalusier","Dressage","","20260119T121135_logfile.itlog","2026-01-19T19:11:35.549Z","In hand","Research",,,
4,"walk","left","soft",544.2,544.82,543.83,544.47,3431.825,3432.445,3431.455,3432.095,1.2731,64.0275,0.845,0.805,0.82,0.79,0.46,0.465,0.5,0.47,177.2044,187.8677,135.2779,118.7101,66.5354,64.4,62.4762,62.6984,,,,,,,-0.32,-25.135,-0.27,-21.2077,0.37,29.0623,0.35,27.4914,70.8695,78.9822,56.1752,62.114,15.8465,11.2086,11.568,13.17,29.9289,37.794,27.2524,30.2457,-40.9406,-41.1881,-28.9227,-31.8683,9.9772,1.4691,8.6344,6.6059,-5.8693,-9.7396,-2.9336,-6.5641,,,0.0613,-18.866,-26.5966,-0.4838,17.5457,-6.5613,0.356,,4.4399,,,,,,144.9858,36.555,84.1291,,,,"Duque","","N/A","2008-01-01T00:00:00.000Z","Bay","Gelding","PRE horse (Pura Raza Espanola) - Andalusier","Dressage","","20260119T121135_logfile.itlog","2026-01-19T19:11:35.549Z","In hand","Research",,,
4,"walk","left","soft",545.435,546.05,545.135,545.73,3433.06,3433.675,3432.76,3433.355,1.2069,63.801,0.8,0.78,0.74,0.76,0.39,0.425,0.485,0.47,191.3897,202.7589,131.2343,111.309,66.5281,64.1975,61.5385,62.94,,,,,,,-0.315,-26.1005,-0.295,-24.4433,0.3,24.8576,0.32,26.5148,79.0633,76.8034,60.8645,63.6543,14.6516,11.1731,11.402,14.8767,37.3804,32.9368,29.3906,30.4142,-41.6828,-43.8666,-31.4739,-33.2401,10.1603,2.1921,9.2949,5.2135,-4.4913,-8.981,-2.1071,-9.6632,,,0.1109,7.9936,-6.1514,0.0823,-10.0009,-4.5129,0.0098,11.5448,10.816,,,,,,133.2387,46.2108,87.1121,,,,"Duque","","N/A","2008-01-01T00:00:00.000Z","Bay","Gelding","PRE horse (Pura Raza Espanola) - Andalusier","Dressage","","20260119T121135_logfile.itlog","2026-01-19T19:11:35.549Z","In hand","Research",,,
4,"walk","left","soft",546.65,547.275,546.315,546.915,3434.275,3434.9,3433.94,3434.54,1.23,63.92,0.825,0.785,0.745,0.79,0.415,0.445,0.44,0.425,197.22,197.6883,149.7903,132.2301,67.3469,62.9259,61.6977,63.7097,,,,,,,-0.265,-21.5447,-0.265,-21.5447,0.335,27.2358,0.36,29.2683,71.9215,73.8913,60.621,64.3444,15.0666,11.5632,16.3902,15.9268,29.775,34.7101,27.9728,33.8702,-42.1465,-39.1812,-32.6483,-30.4742,6.6033,2.658,12.2581,7.7802,-8.4633,-8.9052,-4.132,-8.1466,,,-0.1176,-10.3702,4.7883,0.4939,-17.0708,7.6389,0.0251,-13.7726,-15.4591,,,,,,140.4298,49.5617,88.7226,,,,"Duque","","N/A","2008-01-01T00:00:00.000Z","Bay","Gelding","PRE horse (Pura Raza Espanola) - Andalusier","Dressage","","20260119T121135_logfile.itlog","2026-01-19T19:11:35.549Z","In hand","Research",,,
4,"walk","left","soft",547.86,548.54,547.545,548.18,3435.485,3436.165,3435.17,3435.805,1.2644,63.7807,0.82,0.805,0.79,0.81,0.385,0.48,0.485,0.475,203.3871,173.3633,135.756,119.9145,66.129,63.2613,62.3274,63.4051,,,,,,,-0.27,-21.3544,-0.32,-25.3089,0.315,24.9135,0.36,28.4726,79.8516,76.4864,54.6743,59.5564,16.1213,14.0757,12.6151,20.5754,35.1619,34.4227,25.5617,31.1986,-44.6896,-42.0637,-29.1126,-28.3579,9.6374,3.4502,9.0655,10.0495,-6.4839,-10.6255,-3.5496,-10.5259,,,-0.171,-35.6826,-14.2371,-0.1172,-1.2998,-1.4547,0.2762,8.0638,-15.6867,,,,,,139.6249,37.663,85.9892,,,,"Duque","","N/A","2008-01-01T00:00:00.000Z","Bay","Gelding","PRE horse (Pura Raza Espanola) - Andalusier","Dressage","","20260119T121135_logfile.itlog","2026-01-19T19:11:35.549Z","In hand","Research",,,
4,"walk","left","soft",549.135,549.8,548.805,549.45,3436.76,3437.425,3436.43,3437.075,1.2606,63.6453,0.845,0.8,0.78,0.785,0.455,0.455,0.47,0.46,197.6066,195.7505,124.8193,117.2684,65.1252,64.1283,62.2754,63.0522,,,,,,,-0.265,-21.0213,-0.315,-24.9876,0.33,26.1775,0.35,27.764,76.2303,74.3426,59.3001,63.484,16.1388,16.3056,13.6636,15.4442,31.536,31.353,30.2279,33.5531,-44.6943,-42.9895,-29.0722,-29.9309,7.7272,1.0287,10.3487,7.5251,-8.4116,-15.2768,-3.3149,-7.9191,,,-0.0942,-16.4244,-6.0568,0.5215,-20.4265,7.0813,-0.0455,-15.5746,-13.0105,,,,,,136.3998,42.3861,79.3351,,,,"Duque","","N/A","2008-01-01T00:00:00.000Z","Bay","Gelding","PRE horse (Pura Raza Espanola) - Andalusier","Dressage","","20260119T121135_logfile.itlog","2026-01-19T19:11:35.549Z","In hand","Research",,,
4,"walk","left","soft",550.43,551.04,550.06,550.695,3438.055,3438.665,3437.685,3438.32,1.2638,64.2026,0.81,0.83,0.815,0.79,0.45,0.44,0.475,0.46,194.3597,200.6818,137.504,121.9937,64.9299,66.004,63.6719,62.2047,,,,,,,-0.26,-20.5737,-0.265,-20.9693,0.37,29.2779,0.345,27.2997,72.0871,75.9499,54.3181,55.9663,12.0719,12.9462,12.0299,20.0392,31.101,33.7772,23.6167,27.1329,-40.9861,-42.1727,-30.7014,-28.8334,7.4409,3.4793,8.418,9.9511,-4.6309,-9.4669,-3.6119,-10.0881,,,-0.2086,-50.8692,-23.7069,-0.8027,16.7262,8.8388,0.2654,1.8963,-17.9317,,,,,,153.9308,40.8009,74.7074,,,,"Duque","","N/A","2008-01-01T00:00:00.000Z","Bay","Gelding","PRE horse (Pura Raza Espanola) - Andalusier","Dressage","","20260119T121135_logfile.itlog","2026-01-19T19:11:35.549Z","In hand","Research",,,
4,"walk","left","soft",551.665,552.285,551.33,551.985,3439.29,3439.91,3438.955,3439.61,1.2525,63.286,0.825,0.805,0.775,0.765,0.425,0.415,0.455,0.5,191.8505,202.23,135.2427,109.2081,66,64.4,62.6263,60.1179,,,,,,,-0.29,-23.1537,-0.32,-25.5489,0.335,26.7465,0.3,23.9521,73.2462,72.2815,58.0699,61.5127,13.099,8.8241,17.0551,18.6204,32.8783,32.8628,28.106,32.8179,-40.3679,-39.4187,-29.9639,-28.6948,6.8676,0.2868,11.4312,12.3112,-6.2315,-8.5373,-5.6239,-6.3093,,,0.1356,-5.3803,-19.9521,-0.1803,-9.485,16.0386,-0.2778,-18.2658,1.5887,,,,,,112.8208,42.6058,81.2203,,,,"Duque","","N/A","2008-01-01T00:00:00.000Z","Bay","Gelding","PRE horse (Pura Raza Espanola) - Andalusier","Dressage","","20260119T121135_logfile.itlog","2026-01-19T19:11:35.549Z","In hand","Research",,,
4,"walk","left","soft",552.915,553.565,552.575,553.265,3440.54,3441.19,3440.2,3440.89,1.2556,62.3371,0.81,0.79,0.79,0.74,0.425,0.475,0.47,0.515,189.3411,174.0012,129.5665,108.6795,65.587,63.2,61.0039,59.5573,,,,,,,-0.29,-23.0961,-0.35,-27.8746,0.34,27.0781,0.3,23.8925,72.721,77.6568,56.6409,59.5512,10.3083,10.6792,21.9239,15.4542,33.5943,37.2083,26.6357,31.4177,-39.1267,-40.4485,-30.0052,-28.1335,6.9509,1.981,14.6559,8.6392,-3.3574,-8.6982,-7.268,-6.815,,,-0.1344,-4.0187,10.1908,-0.1622,-2.5793,7.3037,0.0795,-6.2377,-11.7581,,,,,,133.0998,44.3159,76.6171,,,,"Duque","","N/A","2008-01-01T00:00:00.000Z","Bay","Gelding","PRE horse (Pura Raza Espanola) - Andalusier","Dressage","","20260119T121135_logfile.itlog","2026-01-19T19:11:35.549Z","In hand","Research",,,
4,"walk","left","soft",554.15,554.8,553.905,554.495,3441.775,3442.425,3441.53,3442.12,1.2456,62.472,0.83,0.8,0.71,0.775,0.425,0.445,0.54,0.49,184.1076,190.2433,124.8284,115.6095,65.2259,63.6183,59.0437,62,,,,,,,-0.34,-27.2955,-0.345,-27.6969,0.245,19.6688,0.305,24.4857,76.9888,74.0735,59.1483,61.3013,12.5087,11.8282,14.0208,20.5381,34.4145,33.0801,31.231,32.6942,-42.5743,-40.9934,-27.9173,-28.6071,8.7751,2.614,9.0924,10.8586,-3.7336,-9.2142,-4.9284,-9.6795,,,0.1165,-2.1864,-17.3565,-0.0193,-6.2569,7.505,-0.0652,-12.739,-7.8395,,,,,,133.1046,44.3044,84.2729,,,,"Duque","","N/A","2008-01-01T00:00:00.000Z","Bay","Gelding","PRE horse (Pura Raza Espanola) - Andalusier","Dressage","","20260119T121135_logfile.itlog","2026-01-19T19:11:35.549Z","In hand","Research",,,
4,"walk","left","soft",555.44,556.07,555.06,555.73,3443.065,3443.695,3442.685,3443.355,1.2594,63.8317,0.81,0.8,0.82,0.785,0.46,0.47,0.445,0.46,180.8626,185.4114,136.6993,118.6916,65.587,63.8723,63.5659,62.3016,,,,,,,-0.26,-20.6452,-0.29,-23.0273,0.38,30.1737,0.34,26.9975,70.9049,80.5251,56.0034,59.5733,10.41,13.0189,18.7474,17.2989,29.8439,36.8228,25.2818,26.0613,-41.061,-43.7023,-30.7216,-33.512,5.6535,2.6617,12.8411,7.3255,-4.7565,-10.3572,-5.9063,-9.9734,,,-0.0679,9.0389,16.8448,-0.0041,-4.1838,7.3275,0.1383,-3.7781,-13.317,,,,,,123.9446,42.1044,75.211,,,,"Duque","","N/A","2008-01-01T00:00:00.000Z","Bay","Gelding","PRE horse (Pura Raza Espanola) - Andalusier","Dressage","","20260119T121135_logfile.itlog","2026-01-19T19:11:35.549Z","In hand","Research",,,
4,"walk","left","soft",556.64,557.305,556.375,557.005,3444.265,3444.93,3444,3444.63,1.23,62.31,0.79,0.79,0.755,0.73,0.39,0.435,0.495,0.49,191.2804,208.2876,130.2028,111.4711,65.0206,64.0974,60.0398,60.0823,,,,,,,-0.305,-24.7967,-0.365,-29.6748,0.265,21.5447,0.3,24.3902,78.5865,73.0926,54.139,58.3682,15.386,10.1088,20.4273,22.7778,31.1636,32.8831,25.0112,29.4659,-47.423,-40.2096,-29.1278,-28.9023,11.9543,1.5047,11.3986,12.1139,-3.4317,-8.6042,-9.0286,-10.664,,,0.1852,19.6137,-1.9109,-0.5598,17.8632,6.4404,0.1714,3.7939,-8.0499,,,,,,121.8999,,71.5072,,,,"Duque","","N/A","2008-01-01T00:00:00.000Z","Bay","Gelding","PRE horse (Pura Raza Espanola) - Andalusier","Dressage","","20260119T121135_logfile.itlog","2026-01-19T19:11:35.549Z","In hand","Research",,,
4,"walk","left","soft",557.89,558.545,557.64,558.215,3445.515,3446.17,3445.265,3445.84,1.2331,62.6015,0.835,0.785,0.715,0.755,0.46,0.45,0.51,0.48,190.8903,184.5725,128.0219,112.7881,65.8777,63.5628,59.5833,61.3821,,,,,,,-0.335,-27.1668,-0.325,-26.3558,0.25,20.2737,0.33,26.7613,72.1827,72.0924,57.292,60.8534,9.8625,9.7645,16.8629,15.2937,32.2982,33.771,29.6618,29.4282,-39.8845,-38.3214,-27.6302,-31.4252,6.7775,2.7014,11.2419,7.7805,-3.085,-7.0631,-5.621,-7.5132,,,0.0532,6.217,0.076,-0.0159,-2.6102,14.2704,0.087,-0.5346,-6.7538,,,,,,123.9704,,78.8258,,,,"Duque","","N/A","2008-01-01T00:00:00.000Z","Bay","Gelding","PRE horse (Pura Raza Espanola) - Andalusier","Dressage","","20260119T121135_logfile.itlog","2026-01-19T19:11:35.549Z","In hand","Research",,,
4,"walk","left","soft",559.13,559.78,558.815,559.44,3446.755,3447.405,3446.44,3447.065,1.2531,63.8513,0.825,0.81,0.77,0.795,0.405,0.45,0.46,0.47,184.4663,172.8946,131.5194,115.3452,66.2651,64.6707,62.6016,61.8677,,,,,,,-0.27,-21.5461,-0.31,-24.7382,0.315,25.1372,0.34,27.1322,73.8288,73.9783,55.8939,59.9245,15.2368,11.73,17.1331,17.9828,32.7134,34.6755,25.5726,29.9769,-41.1154,-39.3028,-30.3214,-29.9477,10.1641,1.5668,11.0726,8.8374,-5.0726,-10.1633,-6.0605,-9.1454,,,-0.0818,-9.6285,0.5122,0.0371,-9.9479,6.2517,0.1039,1.6788,-6.5096,,,,,,123.9076,44.0547,84.8648,,,,"Duque","","N/A","2008-01-01T00:00:00.000Z","Bay","Gelding","PRE horse (Pura Raza Espanola) - Andalusier","Dressage","","20260119T121135_logfile.itlog","2026-01-19T19:11:35.549Z","In hand","Research",,,
4,"walk","left","soft",560.39,561.025,560.045,560.745,3448.015,3448.65,3447.67,3448.37,1.2662,63.7551,0.84,0.83,0.815,0.745,0.435,0.435,0.46,0.51,176.6358,185.3333,130.9333,105.9831,66.0118,65.3543,64.1732,59.481,,,,,,,-0.265,-20.9279,-0.355,-28.0355,0.345,27.2458,0.28,22.1125,74.5941,75.8023,55.4295,62.2162,12.2449,8.8544,14.3315,15.9014,35.5392,33.506,22.5338,33.6045,-39.0549,-42.2964,-32.8956,-28.6116,7.0267,2.8961,10.1579,6.7746,-5.2182,-5.9583,-4.1736,-9.1268,,,0.097,-1.6464,-14.138,0.2032,-12.4064,6.526,0.2363,2.713,-16.5875,,,,,,130.4072,44.1232,82.4027,,,,"Duque","","N/A","2008-01-01T00:00:00.000Z","Bay","Gelding","PRE horse (Pura Raza Espanola) - Andalusier","Dressage","","20260119T121135_logfile.itlog","2026-01-19T19:11:35.549Z","In hand","Research",,,
4,"walk","left","soft",561.66,562.3,561.31,561.995,3449.285,3449.925,3448.935,3449.62,1.2413,63.4414,0.815,0.81,0.785,0.74,0.43,0.445,0.45,0.505,178.769,191.7461,130.1375,113.6414,65.5936,65.0602,63.4343,59.6774,,,,,,,-0.285,-22.9607,-0.335,-26.9889,0.35,28.1974,0.305,24.572,72.0628,68.9141,62.7684,62.3452,12.8833,12.9132,16.5341,13.2444,30.5671,29.2946,29.5704,34.8536,-41.4957,-39.6195,-33.1981,-27.4916,7.1446,2.8513,10.398,6.5291,-5.7387,-10.0619,-6.136,-6.7153,,,0.1981,11.1076,-14.5264,0.272,-8.7269,7.5363,-0.0476,-6.9063,-3.1059,,,,,,129.3694,36.6475,86.4526,,,,"Duque","","N/A","2008-01-01T00:00:00.000Z","Bay","Gelding","PRE horse (Pura Raza Espanola) - Andalusier","Dressage","","20260119T121135_logfile.itlog","2026-01-19T19:11:35.549Z","In hand","Research",,,
4,"walk","left","soft",562.9,563.535,562.55,563.23,3450.525,3451.16,3450.175,3450.855,1.2687,64.5403,0.85,0.825,0.805,0.795,0.425,0.425,0.455,0.495,185.4837,181.5095,140.9822,107.7161,66.7976,65.8683,63.3858,62.1094,,,,,,,-0.25,-19.7044,-0.33,-26.0099,0.35,27.5862,0.305,24.0394,75.9258,72.6479,56.891,58.5612,14.726,8.5159,14.6094,14.9683,34.8219,30.8348,24.8976,30.1479,-41.1039,-41.8131,-31.9933,-28.4133,7.5539,2.0953,9.8167,6.4863,-7.1721,-6.4206,-4.7927,-8.482,,,-0.1184,-10.2497,2.5945,-0.0235,-7.3921,3.693,0.0385,-4.8805,-7.9331,,,,,,128.9908,38.3595,88.0825,,,,"Duque","","N/A","2008-01-01T00:00:00.000Z","Bay","Gelding","PRE horse (Pura Raza Espanola) - Andalusier","Dressage","","20260119T121135_logfile.itlog","2026-01-19T19:11:35.549Z","In hand","Research",,,
4,"walk","left","soft",564.17,564.79,563.83,564.5,3451.795,3452.415,3451.455,3452.125,1.2331,63.8588,0.825,0.785,0.795,0.745,0.42,0.43,0.475,0.475,191.9408,188.8282,119.7454,109.4085,66.6667,64.4764,62.7219,61.5702,,,,,,,-0.295,-23.923,-0.33,-26.7613,0.34,27.5722,0.29,23.5175,72.9528,79.0906,54.9859,59.6458,9.5301,9.6924,15.6764,17.8868,32.2147,36.5807,22.4957,29.8423,-40.7381,-42.5098,-32.4902,-29.8035,6.3229,3.6092,9.8449,9.5723,-3.2072,-6.0832,-5.8315,-8.3144,,,-0.1684,-24.0132,-2.4215,0.129,-11.1707,3.8829,0.1461,-7.535,-19.3244,,,,,,140.557,41.5085,88.2152,,,,"Duque","","N/A","2008-01-01T00:00:00.000Z","Bay","Gelding","PRE horse (Pura Raza Espanola) - Andalusier","Dressage","","20260119T121135_logfile.itlog","2026-01-19T19:11:35.549Z","In hand","Research",,,
4,"walk","left","soft",565.4,566.01,565.095,565.7,3453.025,3453.635,3452.72,3453.325,1.1706,61.9418,0.765,0.72,0.71,0.705,0.405,0.435,0.47,0.455,187.7934,203.8506,124.7724,120.3452,65.2452,62.4729,59.6639,60.3854,,,,,,,-0.305,-26.0545,-0.3,-25.6273,0.305,26.0545,0.31,26.4816,78.4521,81.263,59.5624,64.6283,13.7428,11.2073,21.4337,23.8909,36.1172,36.9343,27.0864,32.419,-42.3349,-44.3287,-32.476,-32.2092,8.7155,2.2392,13.6746,12.8946,-5.0273,-8.9681,-7.7591,-10.9962,,,0.1116,32.1749,16.181,-0.2055,-1.3708,6.1804,-0.0968,-19.7948,-12.5544,,,,,,,45.3438,92.1748,,,,"Duque","","N/A","2008-01-01T00:00:00.000Z","Bay","Gelding","PRE horse (Pura Raza Espanola) - Andalusier","Dressage","","20260119T121135_logfile.itlog","2026-01-19T19:11:35.549Z","In hand","Research",,,
4,"walk","left","soft",566.575,567.16,566.295,566.875,3454.2,3454.785,3453.92,3454.5,1.1138,60.358,0.71,0.695,0.65,0.635,0.41,0.43,0.49,0.47,195.385,211.668,134.157,130.3081,63.2517,61.0989,58.6907,58.3908,,,,,,,-0.285,-25.5892,-0.3,-26.936,0.28,25.1403,0.285,25.5892,81.8897,79.8136,58.8918,65.7502,17.8285,9.9785,17.4488,19.4482,35.0728,34.0257,25.6009,34.2557,-46.817,-45.7879,-33.2909,-31.4945,9.4624,2.082,13.0117,9.5235,-8.3661,-7.8965,-4.4371,-9.9248,,,0.2509,,15.3979,0.1111,-5.9091,7.429,0.1504,3.0362,-10.0538,,,,,,,45.3439,,,,,"Duque","","N/A","2008-01-01T00:00:00.000Z","Bay","Gelding","PRE horse (Pura Raza Espanola) - Andalusier","Dressage","","20260119T121135_logfile.itlog","2026-01-19T19:11:35.549Z","In hand","Research",,,
4,"walk","left","soft",567.7,568.31,567.37,567.945,3455.325,3455.935,3454.995,3455.57,1.1756,63.1411,0.785,0.735,0.715,0.735,0.415,0.455,0.425,0.435,214.0359,207.2497,147.334,137.6721,65.4167,62.8205,62.039,62.2881,,,,,,,-0.21,-17.8628,-0.245,-20.84,0.33,28.0702,0.365,31.0473,73.9569,72.5785,62.9518,66.2892,15.6653,9.5243,15.5424,23.4479,27.3575,32.1064,29.4218,32.4835,-46.5995,-40.4721,-33.5299,-33.8056,7.3261,1.2341,10.523,10.4956,-8.3392,-8.2901,-5.0194,-12.9523,,,0.2743,34.4603,-17.199,-0.1823,1.7019,11.5996,0.1714,14.3331,-3.4414,,,,,,,35.3813,,,,,"Duque","","N/A","2008-01-01T00:00:00.000Z","Bay","Gelding","PRE horse (Pura Raza Espanola) - Andalusier","Dressage","","20260119T121135_logfile.itlog","2026-01-19T19:11:35.549Z","In hand","Research",,,
4,"walk","left","soft",568.9,569.46,568.535,569.135,3456.525,3457.085,3456.16,3456.76,1.1125,61.3897,0.695,0.66,0.705,0.67,0.415,0.415,0.45,0.455,207.2849,198.347,149.2455,136.826,63.908,61.9718,60.9071,58.7719,,,,,,,-0.225,-20.2247,-0.235,-21.1236,0.365,32.809,0.325,29.2135,73.2531,76.3415,61.6238,61.3634,11.6185,11.9066,17.0475,19.6975,29.9566,37.6614,29.2481,30.3942,-43.2965,-38.6801,-32.3757,-30.9693,6.5727,1.706,10.6385,10.2012,-5.0459,-10.2006,-6.4089,-9.4964,,,0.3027,0.2574,,0.098,-7.4903,2.5554,0.1868,2.3037,-14.8203,,,,,,146.5534,32.1966,91.6553,,,,"Duque","","N/A","2008-01-01T00:00:00.000Z","Bay","Gelding","PRE horse (Pura Raza Espanola) - Andalusier","Dressage","","20260119T121135_logfile.itlog","2026-01-19T19:11:35.549Z","In hand","Research",,,
4,"walk","left","soft",569.965,570.515,569.695,570.29,3457.59,3458.14,3457.32,3457.915,1.1175,61.0453,0.695,0.745,0.665,0.625,0.37,0.395,0.455,0.485,215.7863,205.5612,151.1868,121.0655,63.4703,64.6421,59.5078,56.5611,,,,,,,-0.235,-21.0291,-0.325,-29.0828,0.27,24.1611,0.225,20.1342,79.3541,80.4782,56.7931,62.5392,16.1566,6.2451,21.7389,15.3538,36.618,35.1367,26.7353,33.6104,-42.7361,-45.3415,-30.0578,-28.9287,8.2324,2.3472,13.895,8.5749,-7.9242,-3.8978,-7.8439,-6.7789,,,0.3267,7.6812,-36.7934,-0.4309,9.6156,-4.3726,-0.0276,-11.1832,-9.0483,,,,,,144.9198,,86.3401,,,,"Duque","","N/A","2008-01-01T00:00:00.000Z","Bay","Gelding","PRE horse (Pura Raza Espanola) - Andalusier","Dressage","","20260119T121135_logfile.itlog","2026-01-19T19:11:35.549Z","In hand","Research",,,
4,"walk","left","soft",571.09,571.68,570.81,571.39,3458.715,3459.305,3458.435,3459.015,1.1575,61.7359,0.75,0.75,0.67,0.69,0.43,0.42,0.45,0.475,193.3345,213.7897,140.337,118.9896,63.5593,63.5593,59.9553,59.8698,,,,,,,-0.295,-25.486,-0.3,-25.9179,0.28,24.1901,0.29,25.054,77.6978,78.505,61.6333,66.1374,17.33,9.6134,17.5082,18.9739,33.2752,35.178,29.2413,34.2234,-44.4226,-43.3271,-32.3921,-31.914,10.462,1.755,11.7936,9.9326,-6.868,-7.8584,-5.7146,-9.0414,,,0.1626,-5.3202,-28.1647,0.3954,-13.92,,-0.2234,,-4.1327,,,,,,156.892,,,,,,"Duque","","N/A","2008-01-01T00:00:00.000Z","Bay","Gelding","PRE horse (Pura Raza Espanola) - Andalusier","Dressage","","20260119T121135_logfile.itlog","2026-01-19T19:11:35.549Z","In hand","Research",,,
4,"walk","left","soft",572.27,572.87,571.925,572.53,3459.895,3460.495,3459.55,3460.155,1.2169,63.2588,0.775,0.81,0.725,0.77,0.43,0.44,0.445,0.45,200.0695,205.3567,152.7602,132.4051,64.4491,64.9299,61.1814,62.4746,,,,,,,-0.245,-20.1335,-0.26,-21.3662,0.345,28.3513,0.34,27.9404,73.2333,72.5308,61.4719,59.0434,13.8419,10.9069,18.9064,21.6065,33.3189,31.8395,29.5669,28.4651,-39.9143,-40.6913,-31.905,-30.5783,9.1695,2.7613,13.022,11.3925,-4.6724,-8.1456,-5.8844,-10.214,,,-0.167,-31.0303,-7.2437,0.0667,-6.7744,4.3521,0.1208,0.0492,-12.1024,,,,,,149.6641,32.3122,,,,,"Duque","","N/A","2008-01-01T00:00:00.000Z","Bay","Gelding","PRE horse (Pura Raza Espanola) - Andalusier","Dressage","","20260119T121135_logfile.itlog","2026-01-19T19:11:35.549Z","In hand","Research",,,
4,"walk","left","soft",573.47,574.115,573.125,573.775,3461.095,3461.74,3460.75,3461.4,1.2913,64.1885,0.875,0.805,0.825,0.81,0.425,0.435,0.475,0.475,195.4616,186.5194,142.1739,116.0497,67.1785,64.5291,62.6186,62.4277,,,,,,,-0.255,-19.7483,-0.305,-23.6205,0.345,26.7183,0.34,26.3311,70.1055,76.5304,57.8571,66.0995,13.4515,9.2748,15.9181,16.1285,28.485,31.5031,27.7657,35.4569,-41.6205,-45.0272,-30.0913,-30.6426,8.4743,0.6455,9.5224,8.7871,-4.9772,-8.6293,-6.3957,-7.3415,,,0.2071,10.716,-17.8848,0.1065,-9.7541,4.4388,0.3531,22.2254,-12.5426,,,,,,152.5096,40.198,98.4586,,,,"Duque","","N/A","2008-01-01T00:00:00.000Z","Bay","Gelding","PRE horse (Pura Raza Espanola) - Andalusier","Dressage","","20260119T121135_logfile.itlog","2026-01-19T19:11:35.549Z","In hand","Research",,,
4,"walk","left","soft",574.775,575.37,574.46,575.085,3462.4,3462.995,3462.085,3462.71,1.2325,62.2694,0.79,0.81,0.725,0.745,0.43,0.45,0.51,0.5,185.7324,202.7663,122.6093,122.308,65.2893,64.1584,59.1837,60.4462,,,,,,,-0.345,-27.9919,-0.31,-25.1521,0.315,25.5578,0.285,23.1237,74.2498,74.3139,61.3296,60.4662,12.7017,12.5308,16.8676,25.2658,32.6394,33.3413,29.3621,33.8671,-41.6104,-40.9726,-31.9675,-26.5991,8.29,3.1892,10.3825,14.6267,-4.4118,-9.3417,-6.4851,-10.6391,,,0.381,26.2347,-35.92,0.2464,-9.7489,2.4441,-0.0057,1.7599,2.2016,,,,,,163.1486,40.1942,91.8663,,,,"Duque","","N/A","2008-01-01T00:00:00.000Z","Bay","Gelding","PRE horse (Pura Raza Espanola) - Andalusier","Dressage","","20260119T121135_logfile.itlog","2026-01-19T19:11:35.549Z","In hand","Research",,,
4,"walk","left","soft",575.975,576.635,575.675,576.305,3463.6,3464.26,3463.3,3463.93,1.2088,63.9857,0.845,0.75,0.76,0.74,0.41,0.455,0.49,0.475,197.8235,180.1401,138.5952,112.299,68.008,63.9659,61.9145,62.0545,,,,,,,-0.305,-25.2327,-0.33,-27.3009,0.3,24.819,0.33,27.3009,78.2791,79.2444,55.9654,65.7344,10.601,10.1585,14.0343,18.8377,33.4026,36.9814,26.3314,33.2982,-44.8765,-42.263,-29.634,-32.4362,6.0389,3.2373,9.6085,8.6545,-4.5621,-6.9212,-4.4258,-10.1832,,,0.0517,4.5791,-1.3056,0.5007,-11.6765,-0.5213,0.141,-0.1109,-12.8537,,,,,,143.9066,35.7632,90.5121,,,,"Duque","","N/A","2008-01-01T00:00:00.000Z","Bay","Gelding","PRE horse (Pura Raza Espanola) - Andalusier","Dressage","","20260119T121135_logfile.itlog","2026-01-19T19:11:35.549Z","In hand","Research",,,
4,"walk","left","soft",577.205,577.775,576.88,577.475,3464.83,3465.4,3464.505,3465.1,1.075,61.4888,0.705,0.635,0.7,0.605,0.385,0.39,0.445,0.43,214.8359,225.1188,130.3156,138.4457,65.7343,61.0577,62.2222,56.9412,,,,,,,-0.245,-22.7907,-0.27,-25.1163,0.325,30.2326,0.3,27.907,84.0379,78.9144,60.5412,62.2189,11.6461,12.7869,16.3632,17.0577,36.4597,36.703,24.7942,27.3333,-47.5782,-42.2113,-35.7469,-34.8856,5.5962,0.9462,10.3046,8.0223,-6.0499,-11.8407,-6.0587,-9.0354,,,0.0219,14.5451,11.3202,-0.0022,-2.699,-4.8241,0.0646,-6.3877,-11.7721,,,,,,169.6705,38.1011,89.7426,,,,"Duque","","N/A","2008-01-01T00:00:00.000Z","Bay","Gelding","PRE horse (Pura Raza Espanola) - Andalusier","Dressage","","20260119T121135_logfile.itlog","2026-01-19T19:11:35.549Z","In hand","Research",,,
4,"walk","left","soft",578.26,578.83,577.985,578.565,3465.885,3466.455,3465.61,3466.19,1.1094,60.9898,0.685,0.72,0.65,0.65,0.35,0.42,0.405,0.485,260.8276,208.6256,159.6576,123.0917,63.7209,62.4729,60.7477,57.0175,,,,,,,-0.21,-18.9296,-0.305,-27.493,0.275,24.7887,0.265,23.8873,81.1144,78.1284,59.1245,65.2869,13.1514,9.92,19.4239,17.6444,37.5356,35.0499,27.8399,34.0373,-43.5788,-43.0785,-31.2846,-31.2496,7.6384,0.1128,14.5636,9.6046,-5.513,-9.8072,-4.8602,-8.0398,,,0.3501,47.5841,-17.4447,-0.2659,4.1282,-2.59,-0.3757,,10.9169,,,,,,,56.7792,98.1075,,,,"Duque","","N/A","2008-01-01T00:00:00.000Z","Bay","Gelding","PRE horse (Pura Raza Espanola) - Andalusier","Dressage","","20260119T121135_logfile.itlog","2026-01-19T19:11:35.549Z","In hand","Research",,,
4,"walk","left","soft",579.375,579.995,579.07,579.71,3467,3467.62,3466.695,3467.335,1.2,62.8025,0.79,0.78,0.735,0.71,0.43,0.445,0.435,0.495,197.9746,195.9175,145.5822,117.7121,65.4244,64.0657,62.5532,59.1667,,,,,,,-0.24,-20,-0.335,-27.9167,0.305,25.4167,0.285,23.75,74.2029,72.5666,60.6879,62.9193,8.4161,12.8167,18.1442,17.8464,31.7674,32.3676,27.5831,34.1418,-42.4356,-40.199,-33.1048,-28.7775,5.4691,2.4875,13.5751,10.6272,-2.947,-10.3292,-4.5691,-7.2192,,,-0.0694,-15.1284,-4.1894,0.0637,-8.5107,13.6685,-0.0289,-11.9921,-9.4633,,,,,,161.7339,56.7735,97.1028,,,,"Duque","","N/A","2008-01-01T00:00:00.000Z","Bay","Gelding","PRE horse (Pura Raza Espanola) - Andalusier","Dressage","","20260119T121135_logfile.itlog","2026-01-19T19:11:35.549Z","In hand","Research",,,
4,"walk","left","soft",580.57,581.205,580.25,580.905,3468.195,3468.83,3467.875,3468.53,1.2419,63.8094,0.825,0.815,0.775,0.755,0.405,0.43,0.445,0.485,203.0997,184.3227,143.4985,109.8241,66.2651,65.2,63.0081,60.7646,,,,,,,-0.255,-20.5335,-0.335,-26.9753,0.32,25.7675,0.3,24.157,75.5841,77.3555,59.538,62.5431,9.4419,7.4601,16.4552,14.6703,31.3692,36.7271,27.8054,31.7694,-44.2149,-40.6283,-31.7326,-30.7738,5.2584,1.9274,11.0602,8.0655,-4.1835,-5.5327,-5.3949,-6.6048,,,-0.0961,-31.1899,-18.3186,-0.1607,-9.8615,15.9827,0.0542,-8.4184,-12.9118,,,,,,158.4992,45.447,91.344,,,,"Duque","","N/A","2008-01-01T00:00:00.000Z","Bay","Gelding","PRE horse (Pura Raza Espanola) - Andalusier","Dressage","","20260119T121135_logfile.itlog","2026-01-19T19:11:35.549Z","In hand","Research",,,
4,"walk","left","soft",581.83,582.46,581.49,582.15,3469.455,3470.085,3469.115,3469.775,1.2312,62.5489,0.8,0.775,0.785,0.72,0.435,0.44,0.465,0.49,190.5532,189.6466,134.9463,108.7511,65.4397,64.0496,61.5686,59.1376,,,,,,,-0.285,-23.1472,-0.32,-25.9898,0.34,27.6142,0.31,25.1777,71.1707,74.9071,57.5858,63.807,9.6657,11.2357,21.8453,17.3735,29.6561,35.5906,25.2289,32.6041,-41.5146,-39.3165,-32.3569,-31.2029,6.0264,2.4087,13.7641,8.0646,-3.6393,-8.8269,-8.0813,-9.3088,,,-0.129,-49.7202,-33.3011,-0.2452,-7.4149,15.4563,0.1503,3.0901,-9.7638,,,,,,166.1497,43.5355,90.4319,,,,"Duque","","N/A","2008-01-01T00:00:00.000Z","Bay","Gelding","PRE horse (Pura Raza Espanola) - Andalusier","Dressage","","20260119T121135_logfile.itlog","2026-01-19T19:11:35.549Z","In hand","Research",,,
4,"walk","left","soft",583.04,583.665,582.79,583.375,3470.665,3471.29,3470.415,3471,1.2444,62.5463,0.795,0.845,0.7,0.775,0.41,0.43,0.515,0.505,194.6725,190.493,130.3999,114.6699,64.7658,66.5354,58.4551,60.4288,,,,,,,-0.33,-26.5193,-0.335,-26.9211,0.25,20.0904,0.29,23.3049,69.7707,72.9458,56.5564,60.7671,9.97,13.8287,18.2609,19.0305,32.8994,30.0051,29.0683,32.7705,-36.8713,-42.9407,-27.4882,-27.9966,8.2323,3.3478,11.3017,9.8229,-1.7377,-10.4809,-6.9592,-9.2076,,,-0.353,-42.8697,10.3499,-0.2293,0.8884,10.8022,0.1245,4.7915,-6.2626,,,,,,150.7826,44.4337,88.7773,,,,"Duque","","N/A","2008-01-01T00:00:00.000Z","Bay","Gelding","PRE horse (Pura Raza Espanola) - Andalusier","Dressage","","20260119T121135_logfile.itlog","2026-01-19T19:11:35.549Z","In hand","Research",,,
4,"walk","left","soft",584.29,584.93,583.97,584.66,3471.915,3472.555,3471.595,3472.285,1.2906,64.1067,0.87,0.86,0.795,0.785,0.455,0.42,0.48,0.51,161.2915,197.8532,125.4675,107.836,65.9091,67.319,62.1094,61.0895,,,,,,,-0.305,-23.632,-0.37,-28.6683,0.32,24.7942,0.27,20.9201,77.4451,72.5912,57.1125,63.4134,15.9839,7.3534,18.0969,16.0084,35.2299,29.4106,27.408,35.3594,-42.2152,-43.1806,-29.7045,-28.054,8.5359,2.0453,12.0434,8.3685,-7.4481,-5.3081,-6.0535,-7.6399,,,0.1203,16.2153,3.5592,-0.0082,-9.3949,9.4243,0.0453,-12.9576,-16.1026,,,,,,136.608,46.5914,84.5849,,,,"Duque","","N/A","2008-01-01T00:00:00.000Z","Bay","Gelding","PRE horse (Pura Raza Espanola) - Andalusier","Dressage","","20260119T121135_logfile.itlog","2026-01-19T19:11:35.549Z","In hand","Research",,,
4,"walk","left","soft",585.605,586.205,585.255,585.935,3473.23,3473.83,3472.88,3473.56,1.255,63.4584,0.795,0.815,0.795,0.78,0.445,0.415,0.49,0.49,196.7591,195.8649,122.7786,114.6842,64.6341,64.8111,61.9883,62.4,,,,,,,-0.325,-25.8964,-0.33,-26.2948,0.35,27.8884,0.27,21.5139,75.9345,75.612,58.8573,63.6127,13.1313,8.8243,15.4091,16.5096,31.4873,34.5628,26.1132,37.7629,-44.4472,-41.0492,-32.7441,-25.8498,6.2581,0.6583,9.9637,8.6309,-6.8732,-8.1661,-5.4454,-7.8786,,,-0.2358,-34.7754,-2.5623,-0.0148,-12.1902,10.7718,0.0831,-5.3447,-12.0962,,,,,,139.1784,52.8403,86.5827,,,,"Duque","","N/A","2008-01-01T00:00:00.000Z","Bay","Gelding","PRE horse (Pura Raza Espanola) - Andalusier","Dressage","","20260119T121135_logfile.itlog","2026-01-19T19:11:35.549Z","In hand","Research",,,
4,"walk","left","soft",586.825,587.49,586.535,587.165,3474.45,3475.115,3474.16,3474.79,1.2625,64.0416,0.855,0.815,0.76,0.805,0.425,0.47,0.485,0.45,204.2831,177.4325,133.8509,119.5817,67.1906,63.7965,61.2903,63.8889,,,,,,,-0.33,-26.1386,-0.34,-26.9307,0.29,22.9703,0.325,25.7426,73.1763,71.0197,56.4077,56.8749,12.8403,11.2556,17.5605,19.4553,31.2521,32.9529,27.7535,26.3455,-41.9242,-38.0668,-28.6541,-30.5293,6.9196,1.6171,12.5839,7.7963,-5.9207,-9.6385,-4.9766,-11.659,,,-0.257,-14.663,15.8995,0.3343,-18.4465,11.5846,0.0476,-15.9427,-19.353,,,,,,127.1156,52.8415,94.649,,,,"Duque","","N/A","2008-01-01T00:00:00.000Z","Bay","Gelding","PRE horse (Pura Raza Espanola) - Andalusier","Dressage","","20260119T121135_logfile.itlog","2026-01-19T19:11:35.549Z","In hand","Research",,,
4,"walk","left","soft",588.09,588.76,587.77,588.43,3475.715,3476.385,3475.395,3476.055,1.2619,63.9945,0.83,0.8,0.82,0.78,0.41,0.455,0.475,0.46,190.491,170.3592,126.9629,115.5132,66.1355,64,63.9376,61.9048,,,,,,,-0.28,-22.1892,-0.34,-26.944,0.32,25.3591,0.33,26.1516,74.8007,74.2394,52.5999,59.7423,11.7043,10.63,16.3437,13.8707,32.93,32.6098,20.5319,29.7362,-41.8707,-41.6295,-32.0679,-30.006,8.9693,3.5875,10.3976,6.808,-2.735,-7.0424,-5.9461,-7.0626,,,-0.2891,-10.0725,26.1373,-0.1306,-0.7513,-0.0994,0.3443,1.2996,,,,,,,131.9087,43.8894,82.7244,,,,"Duque","","N/A","2008-01-01T00:00:00.000Z","Bay","Gelding","PRE horse (Pura Raza Espanola) - Andalusier","Dressage","","20260119T121135_logfile.itlog","2026-01-19T19:11:35.549Z","In hand","Research",,,
4,"walk","left","soft",589.36,590.005,589.04,589.71,3476.985,3477.63,3476.665,3477.335,1.2431,63.0322,0.825,0.785,0.775,0.75,0.44,0.445,0.45,0.5,181.6603,185.0024,123.8026,107.527,65.2174,63.5628,62.249,61.0998,,,,,,,-0.28,-22.5239,-0.35,-28.1549,0.32,25.7416,0.295,23.7305,76.8327,76.8149,56.479,62.3674,14.4145,8.8398,17.3255,13.3161,34.1382,35.4505,24.607,33.692,-42.6945,-41.3644,-31.872,-28.6754,6.1455,-0.1752,11.914,7.6655,-8.269,-9.015,-5.4115,-5.6506,,,-0.1967,-4.0779,21.8749,0.2185,-8.8089,6.9169,-0.1213,-12.4699,-3.2381,,,,,,131.9106,43.1372,83.955,,,,"Duque","","N/A","2008-01-01T00:00:00.000Z","Bay","Gelding","PRE horse (Pura Raza Espanola) - Andalusier","Dressage","","20260119T121135_logfile.itlog","2026-01-19T19:11:35.549Z","In hand","Research",,,
4,"walk","left","soft",590.625,591.245,590.305,590.915,3478.25,3478.87,3477.93,3478.54,1.2731,63.4212,0.82,0.825,0.77,0.815,0.44,0.455,0.49,0.455,185.683,189.655,123.1158,111.7426,64.9505,63.8298,61.2326,63.6719,,,,,,,-0.3,-23.5641,-0.29,-22.7786,0.32,25.135,0.33,25.9205,75.6001,73.2938,55.0714,62.0552,15.0533,9.6941,18.3354,17.9874,37.2833,33.634,25.1814,30.8502,-38.3168,-39.6598,-29.89,-31.2049,9.6364,1.3186,11.462,8.6202,-5.4169,-8.3755,-6.8734,-9.3672,,,-0.0815,-4.6255,5.6261,-0.1331,-8.1246,6.1028,0.1366,2.3618,-8.2787,,,,,,125.7271,44.6801,80.5674,,,,"Duque","","N/A","2008-01-01T00:00:00.000Z","Bay","Gelding","PRE horse (Pura Raza Espanola) - Andalusier","Dressage","","20260119T121135_logfile.itlog","2026-01-19T19:11:35.549Z","In hand","Research",,,
4,"walk","left","soft",591.89,592.55,591.56,592.205,3479.515,3480.175,3479.185,3479.83,1.3212,64.4132,0.875,0.88,0.795,0.855,0.445,0.48,0.485,0.475,181.3125,169.3915,128.6691,114.9264,66.7939,65.0647,61.9883,63.806,,,,,,,-0.315,-23.8411,-0.315,-23.8411,0.33,24.9763,0.345,26.1116,69.8151,69.945,55.7508,58.8727,15.4216,13.0668,16.5644,19.4197,30.2011,31.0049,24.7155,31.1075,-39.614,-38.9401,-31.0353,-27.7652,6.3727,0.4645,11.3582,10.1986,-9.0488,-12.6023,-5.2062,-9.2211,,,-0.0531,-2.1615,4.0865,0.4339,-16.1713,7.3701,0.2701,6.6314,-15.0745,,,,,,117.6075,47.1651,80.3722,,,,"Duque","","N/A","2008-01-01T00:00:00.000Z","Bay","Gelding","PRE horse (Pura Raza Espanola) - Andalusier","Dressage","","20260119T121135_logfile.itlog","2026-01-19T19:11:35.549Z","In hand","Research",,,
4,"walk","left","soft",593.19,593.895,592.845,593.555,3480.815,3481.52,3480.47,3481.18,1.3719,66.4086,0.95,0.915,0.92,0.86,0.425,0.465,0.49,0.495,174.0346,173.5321,125.686,105.7057,68.4685,67.156,66.3063,63.7037,,,,,,,-0.295,-21.5034,-0.365,-26.6059,0.345,25.1481,0.34,24.7836,73.9778,70.142,53.9448,57.5246,10.9739,10.1541,13.938,19.0277,29.0685,29.1656,25.5535,31.1133,-44.9092,-40.9764,-28.3913,-26.4113,8.3481,4.2432,9.0968,8.5654,-2.6258,-5.9109,-4.8412,-10.4622,,,-0.0269,-2.3022,-0.7732,0.0102,-11.2857,8.3716,,13.2835,-16.212,,,,,,94.7032,37.4382,75.4707,,,,"Duque","","N/A","2008-01-01T00:00:00.000Z","Bay","Gelding","PRE horse (Pura Raza Espanola) - Andalusier","Dressage","","20260119T121135_logfile.itlog","2026-01-19T19:11:35.549Z","In hand","Research",,,
4,"walk","left","soft",594.59,595.24,594.21,594.9,3482.215,3482.865,3481.835,3482.525,1.3356,65.6909,0.88,0.92,0.825,0.885,0.45,0.43,0.445,0.485,180.4687,181.7453,137.0511,108.9562,65.6716,68.9139,63.4615,64.7166,,,,,,,-0.315,-23.5845,-0.31,-23.2101,0.38,28.4511,0.34,25.4562,72.5662,72.3448,56.2081,58.7197,13.5471,9.5218,17.4293,12.268,31.4764,32.3363,26.9936,33.9163,-41.0898,-40.0085,-29.2145,-24.8034,6.3829,2.231,13.3095,6.7028,-7.1642,-7.2908,-4.1198,-5.5652,,,0.3457,10.0069,-27.6719,-0.6288,3.5424,15.6408,-0.1432,-7.6796,2.0144,,,,,,108.9948,33.954,75.2177,,,,"Duque","","N/A","2008-01-01T00:00:00.000Z","Bay","Gelding","PRE horse (Pura Raza Espanola) - Andalusier","Dressage","","20260119T121135_logfile.itlog","2026-01-19T19:11:35.549Z","In hand","Research",,,
4,"walk","left","soft",595.94,596.56,595.54,596.265,3483.565,3484.185,3483.165,3483.89,1.3781,66.1341,0.9,0.96,0.88,0.905,0.47,0.4,0.505,0.48,176.8783,192.9812,119.9014,113.7258,66.055,69.3141,62.7451,66.422,,,,,,,-0.3,-21.7687,-0.325,-23.5828,0.4,29.0249,0.295,21.4059,73.8133,75.7205,53.5446,55.7782,14.3559,8.5091,14.8713,14.1209,35.7166,32.8984,23.7973,28.0876,-38.0967,-42.8221,-29.7474,-27.6906,8.0507,1.3644,9.6517,7.3136,-6.3051,-7.1448,-5.2195,-6.8073,,,-0.1927,3.9407,19.143,-0.1509,-10.3731,12.0493,-0.048,-22.1428,-19.3628,,,,,,87.5313,46.8943,79.4106,,,,"Duque","","N/A","2008-01-01T00:00:00.000Z","Bay","Gelding","PRE horse (Pura Raza Espanola) - Andalusier","Dressage","","20260119T121135_logfile.itlog","2026-01-19T19:11:35.549Z","In hand","Research",,,
4,"walk","left","soft",597.295,597.97,596.96,597.605,3484.92,3485.595,3484.585,3485.23,1.2831,64.3019,0.875,0.815,0.8,0.81,0.455,0.45,0.54,0.435,172.8177,186.0071,105.3829,113.9373,66.6667,65.0699,61.1855,64.2857,,,,,,,-0.4,-31.1739,-0.31,-24.1598,0.335,26.1081,0.365,28.4462,78.5596,68.321,54.4631,62.8311,11.5827,9.9152,15.97,15.8025,33.6794,31.0513,24.6288,31.8315,-44.8802,-37.2697,-29.8343,-30.9997,6.5914,2.5854,11.1845,7.0915,-4.9913,-7.3298,-4.7854,-8.711,,,0.1026,7.0566,-2.9033,0.5704,,3.7682,0.1294,-21.2716,,,,,,,118.2712,49.2897,81.6733,,,,"Duque","","N/A","2008-01-01T00:00:00.000Z","Bay","Gelding","PRE horse (Pura Raza Espanola) - Andalusier","Dressage","","20260119T121135_logfile.itlog","2026-01-19T19:11:35.549Z","In hand","Research",,,
4,"walk","left","soft",598.59,599.21,598.235,598.88,3486.215,3486.835,3485.86,3486.505,1.2963,63.9222,0.855,0.835,0.785,0.84,0.42,0.425,0.475,0.465,201.4272,180.8615,125.2856,123.8034,65.5172,64.4788,61.4481,64.2447,,,,,,,-0.265,-20.4436,-0.29,-22.3722,0.355,27.3867,0.33,25.4581,71.0443,76.0785,53.9591,58.8976,15.1787,15.4664,16.0126,22.962,32.2929,31.0833,24.4566,32.1418,-38.7514,-44.9952,-29.5024,-26.7558,10.0188,2.4812,11.0941,13.2419,-5.1599,-12.9852,-4.9185,-9.72,,,-0.0477,-21.0629,-15.7282,-0.4655,11.9973,2.0144,0.2992,-4.1847,,,,,,,127.6463,38.4885,76.8821,,,,"Duque","","N/A","2008-01-01T00:00:00.000Z","Bay","Gelding","PRE horse (Pura Raza Espanola) - Andalusier","Dressage","","20260119T121135_logfile.itlog","2026-01-19T19:11:35.549Z","In hand","Research",,,
4,"walk","left","soft",599.925,600.54,599.53,600.19,3487.55,3488.165,3487.155,3487.815,1.2775,62.5332,0.8,0.805,0.805,0.785,0.48,0.495,0.51,0.47,159.6603,186.9191,117.6585,118.1955,63.3663,62.8906,61.4504,62.4254,,,,,,,-0.32,-25.0489,-0.265,-20.7436,0.395,30.9198,0.35,27.3973,77.3485,77.7575,59.2953,65.2283,19.4986,12.9169,16.1989,19.4022,36.2945,35.9047,28.189,32.3928,-41.054,-41.8528,-31.1063,-32.8355,9.8783,2.1499,10.7816,8.3427,-9.6203,-10.767,-5.4174,-11.0596,,,0.3836,17.1433,-37.3324,0.4591,-17.977,1.5169,0.1073,-7.4894,-14.9349,,,,,,142.0166,38.4884,82.8716,,,,"Duque","","N/A","2008-01-01T00:00:00.000Z","Bay","Gelding","PRE horse (Pura Raza Espanola) - Andalusier","Dressage","","20260119T121135_logfile.itlog","2026-01-19T19:11:35.549Z","In hand","Research",,,
4,"walk","left","soft",601.17,601.8,600.835,601.45,3488.795,3489.425,3488.46,3489.075,1.2787,63.7228,0.84,0.85,0.765,0.805,0.445,0.455,0.5,0.475,186.7025,189.1036,135.8677,125.3715,66.0118,65.6371,60.4743,62.768,,,,,,,-0.295,-23.0694,-0.28,-21.8964,0.335,26.1975,0.35,27.3705,70.1896,72.5705,54.6256,59.0192,8.3799,12.6415,16.4113,18.8007,28.8472,30.8986,24.9063,29.6878,-41.3424,-41.6719,-29.7193,-29.3313,4.4623,2.2573,11.2617,9.3183,-3.9176,-10.3842,-5.1497,-9.4824,,,-0.1852,-20.8616,3.8682,0.2912,-13.976,5.3582,0.2079,1.2205,-15.9961,,,,,,138.4873,37.0768,82.7961,,,,"Duque","","N/A","2008-01-01T00:00:00.000Z","Bay","Gelding","PRE horse (Pura Raza Espanola) - Andalusier","Dressage","","20260119T121135_logfile.itlog","2026-01-19T19:11:35.549Z","In hand","Research",,,
4,"walk","left","soft",602.43,603.085,602.1,602.735,3490.055,3490.71,3489.725,3490.36,1.2669,64.0349,0.865,0.825,0.755,0.8,0.42,0.435,0.5,0.48,194.2501,189.0753,127.0859,113.4474,67.9764,65.8683,60.2794,62.0155,,,,,,,-0.3,-23.6803,-0.305,-24.075,0.33,26.0483,0.35,27.627,65.5026,71.21,55.5499,60.5691,11.8672,12.8863,16.6991,19.5826,26.1774,32.4977,27.7071,32.3984,-39.3252,-38.7123,-27.8427,-28.1707,7.9776,1.7937,10.8104,10.0717,-3.8896,-11.0925,-5.8887,-9.5109,,,-0.0021,-21.9103,-21.6554,0.4482,-8.9722,7.7159,0.0634,-2.3216,-6.6542,,,,,,140.8416,31.8831,87.0984,,,,"Duque","","N/A","2008-01-01T00:00:00.000Z","Bay","Gelding","PRE horse (Pura Raza Espanola) - Andalusier","Dressage","","20260119T121135_logfile.itlog","2026-01-19T19:11:35.549Z","In hand","Research",,,
4,"walk","left","soft",603.69,604.33,603.35,604.035,3491.315,3491.955,3490.975,3491.66,1.2631,63.6653,0.845,0.8,0.82,0.75,0.395,0.42,0.495,0.5,183.1315,192.5309,120.5183,106.0898,67.1968,65.5738,61.7702,60.1202,,,,,,,-0.265,-20.9797,-0.345,-27.3132,0.34,26.9174,0.295,23.3548,80.2223,73.1797,52.9682,60.215,13.8907,8.6526,21.6332,14.5854,37.9439,33.1221,23.6441,29.2313,-42.2784,-40.0576,-29.3242,-30.9837,8.3513,0.4276,13.0177,7.4373,-5.5394,-8.225,-8.6155,-7.1481,,,0.2819,7.6615,-26.132,-0.1892,-5.5249,-5.2429,0.3319,20.2296,-8.6822,,,,,,130.9371,47.5147,87.107,,,,"Duque","","N/A","2008-01-01T00:00:00.000Z","Bay","Gelding","PRE horse (Pura Raza Espanola) - Andalusier","Dressage","","20260119T121135_logfile.itlog","2026-01-19T19:11:35.549Z","In hand","Research",,,
4,"walk","left","soft",604.965,605.55,604.69,605.28,3492.59,3493.175,3492.315,3492.905,1.2425,62.0724,0.785,0.825,0.71,0.765,0.43,0.42,0.52,0.495,197.9717,188.6454,120.8436,108.7322,64.7423,65.2174,57.3737,60.9562,,,,,,,-0.36,-28.9738,-0.315,-25.3521,0.275,22.1328,0.27,21.7304,74.0054,75.6932,56.3013,61.98,9.3988,7.6384,20.2806,18.2596,31.7327,35.6501,30.3348,33.9138,-42.2727,-40.043,-25.9665,-28.0662,6.7219,3.3715,12.0133,9.1672,-2.677,-4.2669,-8.2673,-9.0924,,,-0.2494,-20.5973,11.8972,-0.0292,-11.1017,12.0365,-0.0169,-3.5317,-2.332,,,,,,130.2659,51.7328,82.3706,,,,"Duque","","N/A","2008-01-01T00:00:00.000Z","Bay","Gelding","PRE horse (Pura Raza Espanola) - Andalusier","Dressage","","20260119T121135_logfile.itlog","2026-01-19T19:11:35.549Z","In hand","Research",,,
4,"walk","left","soft",606.175,606.835,605.935,606.53,3493.8,3494.46,3493.56,3494.155,1.2544,62.4588,0.83,0.815,0.71,0.78,0.425,0.46,0.535,0.485,193.5637,179.3437,121.2137,117.4005,66.2675,64.1732,57.4899,61.9048,,,,,,,-0.385,-30.6926,-0.355,-28.3009,0.24,19.133,0.305,24.3149,76.3128,71.3249,55.4376,60.2026,13.3899,14.0569,19.5302,19.8159,32.0572,31.5567,27.9935,32.8439,-44.2556,-39.7683,-27.4441,-27.3587,5.4379,1.5712,11.6318,10.7777,-7.952,-12.4856,-7.8984,-9.0382,,,-0.2237,-29.2847,-3.3549,0.4446,-16.8276,4.8409,0.1289,-6.5742,-16.0902,,,,,,119.2917,51.7151,82.8402,,,,"Duque","","N/A","2008-01-01T00:00:00.000Z","Bay","Gelding","PRE horse (Pura Raza Espanola) - Andalusier","Dressage","","20260119T121135_logfile.itlog","2026-01-19T19:11:35.549Z","In hand","Research",,,
4,"walk","left","soft",607.425,608.1,607.16,607.785,3495.05,3495.725,3494.785,3495.41,1.2544,63.3461,0.845,0.82,0.745,0.77,0.42,0.45,0.515,0.475,204.8471,176.434,115.4341,114.1014,66.4047,64.4401,60.8163,61.7234,,,,,,,-0.325,-25.9093,-0.36,-28.6996,0.265,21.1261,0.315,25.1121,76.7959,76.0328,54.7903,57.6706,8.6831,10.7153,13.5191,17.4259,33.4327,37.6018,27.2784,29.1356,-43.3631,-38.431,-27.5119,-28.535,5.7534,2.8001,9.2855,9.6308,-2.9297,-7.9152,-4.2335,-7.7952,,,-0.0691,-20.0496,-13.501,0.0068,-8.494,0.9651,0.2682,-2.5723,-23.0504,,,,,,110.9122,45.5465,78.916,,,,"Duque","","N/A","2008-01-01T00:00:00.000Z","Bay","Gelding","PRE horse (Pura Raza Espanola) - Andalusier","Dressage","","20260119T121135_logfile.itlog","2026-01-19T19:11:35.549Z","In hand","Research",,,
4,"walk","left","soft",608.705,609.375,608.35,609.035,3496.33,3497,3495.975,3496.66,1.2638,64.4707,0.86,0.795,0.83,0.775,0.435,0.455,0.445,0.48,197.4716,181.3031,130.9701,109.202,67.1875,63.7275,64.8437,62.1242,,,,,,,-0.25,-19.7824,-0.33,-26.1128,0.355,28.091,0.34,26.9041,72.7521,72.7491,57.2726,61.722,8.6433,9.4098,16.3816,14.3586,32.0426,30.1793,24.6949,30.1352,-40.7096,-42.5698,-32.5777,-31.5868,5.345,1.6303,10.8245,7.0801,-3.2983,-7.7795,-5.5571,-7.2784,,,0.026,3.8425,1.1884,0.009,-13.1877,12.6432,-0.0673,-11.9965,-7.3088,,,,,,115.2937,46.2024,76.9285,,,,"Duque","","N/A","2008-01-01T00:00:00.000Z","Bay","Gelding","PRE horse (Pura Raza Espanola) - Andalusier","Dressage","","20260119T121135_logfile.itlog","2026-01-19T19:11:35.549Z","In hand","Research",,,
4,"walk","left","soft",609.97,610.62,609.635,610.275,3497.595,3498.245,3497.26,3497.9,1.2794,64.0984,0.835,0.845,0.785,0.815,0.405,0.45,0.455,0.465,193.1391,187.1192,131.8401,119.7588,66.1386,65.6311,61.6896,62.9344,,,,,,,-0.26,-20.3224,-0.305,-23.8398,0.335,26.1847,0.345,26.9663,74.6605,73.3096,57.9903,59.5628,15.3594,13.7757,18.7279,18.182,34.867,31.1805,27.7356,30.1922,-39.7936,-42.1291,-30.2547,-29.3706,10.7748,1.3745,11.3766,9.5206,-4.5846,-12.4012,-7.3513,-8.6614,,,0.1494,-2.7792,-19.6399,0.1531,-11.9108,11.1625,0.0526,-4.2334,-7.8725,,,,,,125.0039,45.0587,81.2991,,,,"Duque","","N/A","2008-01-01T00:00:00.000Z","Bay","Gelding","PRE horse (Pura Raza Espanola) - Andalusier","Dressage","","20260119T121135_logfile.itlog","2026-01-19T19:11:35.549Z","In hand","Research",,,
4,"walk","left","soft",611.255,611.9,610.94,611.585,3498.88,3499.525,3498.565,3499.21,1.2406,62.9649,0.82,0.79,0.775,0.74,0.45,0.435,0.52,0.495,177.3524,185.0219,123.7385,104.5293,65.2087,64.4898,61.753,60.4082,,,,,,,-0.32,-25.7935,-0.33,-26.5995,0.315,25.3904,0.315,25.3904,77.3553,70.3032,54.7846,66.4436,14.0155,11.202,14.699,18.3711,35.4022,29.1859,24.624,37.5597,-41.9531,-41.1174,-30.1606,-28.8839,8.9152,3.6101,9.6705,8.3604,-5.1003,-7.5918,-5.0285,-10.0107,,,0.2725,11.6961,-25.5496,0.2931,-13.5618,7.1702,0.2456,7.8183,-12.15,,,,,,138.157,40.5114,83.924,,,,"Duque","","N/A","2008-01-01T00:00:00.000Z","Bay","Gelding","PRE horse (Pura Raza Espanola) - Andalusier","Dressage","","20260119T121135_logfile.itlog","2026-01-19T19:11:35.549Z","In hand","Research",,,
4,"walk","left","soft",612.5,613.125,612.155,612.8,3500.125,3500.75,3499.78,3500.425,1.2269,64.1939,0.815,0.805,0.76,0.77,0.425,0.435,0.44,0.475,195.3551,187.412,131.5011,129.9933,66.1258,66.2551,62.423,61.9718,,,,,,,-0.255,-20.7845,-0.3,-24.4524,0.345,28.1202,0.325,26.4901,69.0406,75.9018,59.8702,57.6113,15.191,13.0014,18.3791,17.9676,25.8706,36.8969,28.6911,31.4943,-43.17,-39.0049,-31.1791,-26.117,5.8671,2.8805,12.9493,10.0364,-9.3239,-10.1208,-5.4298,-7.9313,,,-0.1189,4.3928,18.4313,0.4497,-15.923,6.2569,0.0424,-1.18,-4.7374,,,,,,141.0367,38.1263,85.0962,,,,"Duque","","N/A","2008-01-01T00:00:00.000Z","Bay","Gelding","PRE horse (Pura Raza Espanola) - Andalusier","Dressage","","20260119T121135_logfile.itlog","2026-01-19T19:11:35.549Z","In hand","Research",,,
4,"walk","left","soft",613.725,614.315,613.39,614.04,3501.35,3501.94,3501.015,3501.665,1.1844,63.6296,0.785,0.765,0.77,0.695,0.41,0.385,0.475,0.47,189.115,218.2675,138.7667,109.0696,66.1053,65.3846,63.1148,59.9138,,,,,,,-0.265,-22.3747,-0.315,-26.5963,0.335,28.285,0.275,23.219,75.3739,74.5254,58.5019,61.8671,13.9149,10.6299,12.6001,13.8352,33.3122,30.9956,25.3807,31.3789,-42.0617,-43.5298,-33.1212,-30.4881,8.9754,3.0427,8.3111,5.8461,-4.9395,-7.5872,-4.2891,-7.9892,,,-0.1589,-22.6823,-1.8033,-0.4514,4.5819,3.6281,0.1726,10.5303,-3.7763,,,,,,141.0432,42.0637,86.1193,,,,"Duque","","N/A","2008-01-01T00:00:00.000Z","Bay","Gelding","PRE horse (Pura Raza Espanola) - Andalusier","Dressage","","20260119T121135_logfile.itlog","2026-01-19T19:11:35.549Z","In hand","Research",,,
4,"walk","left","soft",614.905,615.505,614.585,615.195,3502.53,3503.13,3502.21,3502.82,1.1894,63.0724,0.785,0.75,0.74,0.725,0.395,0.425,0.425,0.46,201.6389,198.2807,137.3852,119.0854,66.6667,63.1579,61.2836,61.1814,,,,,,,-0.27,-22.701,-0.29,-24.3826,0.32,26.9049,0.31,26.0641,78.819,74.0315,55.0208,59.5737,14.0618,10.1265,21.5472,17.2837,35.7352,35.0016,23.9959,27.9391,-43.0837,-39.03,-31.0249,-31.6347,7.6862,2.8899,12.7587,8.1525,-6.3756,-7.2365,-8.7885,-9.1312,,,-0.1964,-26.7989,0.8983,-0.1464,-4.8105,9.5966,0.0672,3.8179,-1.749,,,,,,145.7708,48.2331,90.3455,,,,"Duque","","N/A","2008-01-01T00:00:00.000Z","Bay","Gelding","PRE horse (Pura Raza Espanola) - Andalusier","Dressage","","20260119T121135_logfile.itlog","2026-01-19T19:11:35.549Z","In hand","Research",,,
4,"walk","left","soft",616.08,616.705,615.835,616.38,3503.705,3504.33,3503.46,3504.005,1.1775,61.6526,0.795,0.73,0.675,0.705,0.39,0.45,0.51,0.46,209.9753,184.3995,127.1816,120.8123,66.3883,62.6609,58.4416,59.1195,,,,,,,-0.33,-28.0255,-0.3,-25.4777,0.245,20.8068,0.325,27.6008,78.6691,79.4016,55.9866,64.2797,17.972,9.6122,17.3059,13.6358,35.2778,36.5985,27.8841,30.5217,-43.3913,-42.8031,-28.1024,-33.758,10.1995,1.9685,11.0444,6.7792,-7.7725,-7.6437,-6.2615,-6.8566,,,-0.1057,-28.2872,-13.4439,0.173,-14.5718,9.1755,0.0587,-8.0748,-12.8863,,,,,,153.865,48.22,90.0414,,,,"Duque","","N/A","2008-01-01T00:00:00.000Z","Bay","Gelding","PRE horse (Pura Raza Espanola) - Andalusier","Dressage","","20260119T121135_logfile.itlog","2026-01-19T19:11:35.549Z","In hand","Research",,,
4,"walk","left","soft",617.29,617.855,616.96,617.6,3504.915,3505.48,3504.585,3505.225,1.1587,61.2755,0.725,0.74,0.71,0.665,0.415,0.42,0.45,0.515,204.6356,210.3884,134.8674,115.5318,63.8767,62.845,60.5544,57.8261,,,,,,,-0.255,-22.0065,-0.31,-26.753,0.33,28.479,0.255,22.0065,77.2606,69.1964,60.6765,65.1999,13.9978,8.6968,22.0861,18.1931,35.6825,29.3486,28.7386,35.4316,-41.5781,-39.8478,-31.9379,-29.7683,8.317,-0.3614,14.4929,10.1027,-5.6808,-9.0581,-7.5932,-8.0904,,,-0.0486,6.7881,13.6463,-0.0712,-5.1259,7.2091,-0.1261,-15.7736,-3.9951,,,,,,151.6229,42.2339,,,,,"Duque","","N/A","2008-01-01T00:00:00.000Z","Bay","Gelding","PRE horse (Pura Raza Espanola) - Andalusier","Dressage","","20260119T121135_logfile.itlog","2026-01-19T19:11:35.549Z","In hand","Research",,,
5,"walk","right","soft",646.03,646.72,645.725,646.41,3533.655,3534.345,3533.35,3534.035,1.3869,65.5291,0.94,0.935,0.85,0.905,0.41,0.395,0.585,0.465,193.7884,197.5924,88.823,103.1531,69.2449,68.75,59.1304,64.991,,,,,,,,,-0.38,-27.3997,0.305,21.9919,0.31,22.3524,70.4489,62.5001,49.8507,47.8026,27.9944,19.9669,25.0343,18.1568,29.4082,29.9413,26.5306,25.0225,-41.0407,-32.5588,-23.3202,-22.78,2.4282,18.3023,13.259,15.0631,-25.5662,-1.6646,-11.7753,-3.0938,,,,46.136,-16.6772,-0.453,4.4319,-3.4597,-0.0116,-12.6352,-12.142,,,,,,114.238,22.5987,54.5704,,,,"Duque","","N/A","2008-01-01T00:00:00.000Z","Bay","Gelding","PRE horse (Pura Raza Espanola) - Andalusier","Dressage","","20260119T121135_logfile.itlog","2026-01-19T19:11:35.549Z","In hand","Research",,,
5,"walk","right","soft",647.395,648.11,647.165,647.825,3535.02,3535.735,3534.79,3535.45,1.4531,66.8354,1.04,1.06,0.835,0.955,0.425,0.455,0.59,0.51,187.3488,167.9996,96.0683,94.9585,70.9898,71.0218,59.0106,66.3194,,,,,,,-0.445,-30.6237,-0.43,-29.5914,0.23,15.828,0.285,19.6129,73.1701,66.7222,48.9021,45.3467,24.2151,19.2966,25.1981,13.6567,29.8368,31.6595,27.9102,22.5876,-43.3333,-35.0627,-20.9918,-22.7591,3.4796,17.2582,14.931,12.3326,-20.7355,-2.0384,-10.2671,-1.3241,,,,32.3043,-33.7598,0.1452,-5.0894,6.6293,-0.3099,-17.918,-2.4506,,,,,,96.4659,22.5966,52.3598,,,,"Duque","","N/A","2008-01-01T00:00:00.000Z","Bay","Gelding","PRE horse (Pura Raza Espanola) - Andalusier","Dressage","","20260119T121135_logfile.itlog","2026-01-19T19:11:35.549Z","In hand","Research",,,
5,"walk","right","soft",648.86,649.58,648.57,649.24,3536.485,3537.205,3536.195,3536.865,1.4106,66.4469,0.96,1,0.845,0.945,0.425,0.41,0.57,0.46,190.6319,189.0261,95.834,98.1211,67.6056,70.922,60.3571,66.9027,,,,,,,-0.46,-32.6097,-0.38,-26.9384,0.29,20.5583,0.34,24.1028,71.6106,66.4005,54.4001,48.9441,25.0015,14.696,23.6446,18.8724,29.8337,29.787,31.9296,25.1961,-41.7769,-36.6135,-22.4705,-23.748,-0.1259,13.947,13.1134,16.0049,-25.1274,-0.749,-10.5311,-2.8674,,,,12.5503,-34.3919,-0.749,3.9804,5.1241,,-29.0053,-3.4298,,,,,,71.8548,31.3431,64.5938,,,,"Duque","","N/A","2008-01-01T00:00:00.000Z","Bay","Gelding","PRE horse (Pura Raza Espanola) - Andalusier","Dressage","","20260119T121135_logfile.itlog","2026-01-19T19:11:35.549Z","In hand","Research",,,
5,"walk","right","soft",650.315,650.99,649.955,650.66,3537.94,3538.615,3537.58,3538.285,1.4013,66.2965,0.955,0.965,0.86,0.935,0.495,0.41,0.54,0.475,167.3162,188.6723,110.2876,106.2329,67.0175,69.8011,61.1012,67.2662,,,,,,,-0.375,-26.7618,-0.345,-24.6209,0.36,25.6913,0.33,23.5504,75.2208,71.5735,53.5978,50.6301,14.1426,13.0756,17.5399,13.7462,32.2796,31.0314,26.2847,24.5003,-42.9411,-40.5421,-27.313,-26.1298,3.9087,10.8789,8.8242,12.5352,-10.2339,-2.1967,-8.7156,-1.211,,,,27.4263,-19.0529,-0.2678,0.0321,9.8107,-0.3473,-28.6398,-8.7802,,,,,,110.0348,31.376,68.9041,,,,"Duque","","N/A","2008-01-01T00:00:00.000Z","Bay","Gelding","PRE horse (Pura Raza Espanola) - Andalusier","Dressage","","20260119T121135_logfile.itlog","2026-01-19T19:11:35.549Z","In hand","Research",,,
5,"walk","right","soft",651.715,652.38,651.37,652.03,3539.34,3540.005,3538.995,3539.655,1.3719,65.6104,0.91,0.935,0.83,0.925,0.445,0.425,0.555,0.435,181.5736,195.6519,97.069,114.1174,65.233,68.6239,60.6947,67.8899,,,,,,,-0.38,-27.6993,-0.315,-22.9613,0.345,25.1481,0.35,25.5125,74.6765,72.6284,58.8345,54.5419,20.0622,10.5119,15.7276,12.5917,31.3349,32.1848,29.8155,27.1457,-43.3417,-40.4436,-29.019,-27.3962,0.5985,9.8821,8.2763,11.7094,-19.4637,-0.6298,-7.4513,-0.8823,,,0.1336,10.4589,-4.3255,0.2497,-8.3947,7.2732,-0.2792,-27.6335,-11.2164,,,,,,110.6648,30.3922,71.0001,,,,"Duque","","N/A","2008-01-01T00:00:00.000Z","Bay","Gelding","PRE horse (Pura Raza Espanola) - Andalusier","Dressage","","20260119T121135_logfile.itlog","2026-01-19T19:11:35.549Z","In hand","Research",,,
5,"walk","right","soft",653.15,653.745,652.72,653.395,3540.775,3541.37,3540.345,3541.02,1.3769,64.5119,0.82,0.925,0.86,0.95,0.525,0.43,0.52,0.44,166.5947,196.0451,116.5171,124.1972,61.3084,66.6667,62.0939,67.9785,,,,,,,-0.34,-24.6936,-0.245,-17.7939,0.43,31.2301,0.35,25.4199,70.3651,69.3205,58.1648,52.2388,16.5035,12.9339,14.5845,10.7661,31.6518,29.0122,29.3529,26.3849,-38.7132,-40.3084,-28.8118,-25.8539,0.2516,10.7145,6.9477,9.5163,-16.2519,-2.2194,-7.6368,-1.2498,,,0.3896,17.5749,-25.6121,-0.3157,3.5258,0.8044,-0.0431,-11.6203,-9.3235,,,,,,110.8428,28.49,62.6576,,,,"Duque","","N/A","2008-01-01T00:00:00.000Z","Bay","Gelding","PRE horse (Pura Raza Espanola) - Andalusier","Dressage","","20260119T121135_logfile.itlog","2026-01-19T19:11:35.549Z","In hand","Research",,,
5,"walk","right","soft",654.48,655.165,654.11,654.8,3542.105,3542.79,3541.735,3542.425,1.395,64.7901,0.91,0.925,0.85,0.93,0.51,0.495,0.53,0.455,158.1223,169.1677,119.0691,113.5915,64.4248,66.9078,61.0413,66.7864,,,,,,,-0.365,-26.1649,-0.32,-22.9391,0.37,26.5233,0.365,26.1649,67.6678,69.356,56.8171,52.3415,13.3445,12.4202,15.0273,13.5571,28.0831,30.7477,29.4978,25.8138,-39.5847,-38.6083,-27.3193,-26.5277,1.7247,8.8211,7.4088,11.8436,-11.6198,-3.5991,-7.6185,-1.7136,,,0.266,36.6534,16.8139,-0.5043,7.3837,7.0028,-0.2171,-19.7158,-6.8756,,,,,,103.873,32.4236,66.2649,,,,"Duque","","N/A","2008-01-01T00:00:00.000Z","Bay","Gelding","PRE horse (Pura Raza Espanola) - Andalusier","Dressage","","20260119T121135_logfile.itlog","2026-01-19T19:11:35.549Z","In hand","Research",,,
5,"walk","right","soft",655.885,656.51,655.515,656.2,3543.51,3544.135,3543.14,3543.825,1.3306,64.0071,0.85,0.875,0.82,0.86,0.495,0.42,0.555,0.47,150.2138,188.779,107.7114,112.7806,63.4328,66.6667,60.4052,65.5238,,,,,,,-0.35,-26.3034,-0.315,-23.6731,0.37,27.8065,0.31,23.2973,78.0456,70.4258,57.9007,52.9075,12.3735,9.7849,18.6824,17.3542,37.4192,31.6069,28.6008,27.6946,-40.6264,-38.8189,-29.2999,-25.2128,1.1108,10.6621,9.3241,12.9776,-11.2627,0.8772,-9.3583,-4.3765,,,0.265,27.0165,-5.5649,-0.3303,1.8967,8.7755,-0.3456,-28.6531,-4.5936,,,,,,125.3782,32.4359,78.0947,,,,"Duque","","N/A","2008-01-01T00:00:00.000Z","Bay","Gelding","PRE horse (Pura Raza Espanola) - Andalusier","Dressage","","20260119T121135_logfile.itlog","2026-01-19T19:11:35.549Z","In hand","Research",,,
5,"walk","right","soft",657.22,657.84,656.855,657.495,3544.845,3545.465,3544.48,3545.12,1.3494,65.3535,0.88,0.945,0.79,0.915,0.485,0.455,0.52,0.435,170.5834,174.3318,115.5487,121.5516,66.1654,67.9856,59.7353,67.5277,,,,,,,-0.345,-25.5674,-0.275,-20.3798,0.365,27.0496,0.345,25.5674,74.1328,61.7529,59.4863,53.9283,18.0309,15.3053,16.5231,11.4781,34.054,27.1816,29.0599,26.5964,-40.0788,-34.5713,-30.4263,-27.3319,4.8768,10.532,8.6963,10.1476,-13.1541,-4.7733,-7.8268,-1.3305,,,0.0269,15.5493,12.8399,0.2149,-5.1756,3.8235,-0.2802,-28.0208,-8.2737,,,,,,113.4515,31.2267,81.4362,,,,"Duque","","N/A","2008-01-01T00:00:00.000Z","Bay","Gelding","PRE horse (Pura Raza Espanola) - Andalusier","Dressage","","20260119T121135_logfile.itlog","2026-01-19T19:11:35.549Z","In hand","Research",,,
5,"walk","right","soft",658.515,659.22,658.19,658.855,3546.14,3546.845,3545.815,3546.48,1.3619,65.4782,0.92,0.895,0.835,0.915,0.415,0.435,0.545,0.445,185.6988,172.1888,111.9636,114.5425,68.4015,66.5428,60.1802,66.7883,,,,,,,-0.35,-25.6999,-0.34,-24.9656,0.325,23.8642,0.365,26.8013,69.29,71.2585,59.7523,55.3962,12.6913,18.9192,9.8355,12.0624,26.1655,34.676,29.9992,27.271,-43.1245,-36.5826,-29.7531,-28.1251,2.6235,14.9089,4.859,8.8762,-10.0679,-4.0103,-4.9764,-3.1862,,,0.1904,36.5714,15.3026,0.1338,-0.0706,-3.3952,-0.0795,-13.9438,-8.8269,,,,,,142.7583,30.1749,73.1949,,,,"Duque","","N/A","2008-01-01T00:00:00.000Z","Bay","Gelding","PRE horse (Pura Raza Espanola) - Andalusier","Dressage","","20260119T121135_logfile.itlog","2026-01-19T19:11:35.549Z","In hand","Research",,,
5,"walk","right","soft",659.87,660.58,659.585,660.235,3547.495,3548.205,3547.21,3547.86,1.355,64.948,0.92,0.885,0.815,0.9,0.435,0.465,0.56,0.465,180.6356,171.8004,104.6865,115.0378,67.5229,65.9218,59.9265,66.4207,,,,,,,-0.365,-26.9373,-0.365,-26.9373,0.285,21.0332,0.345,25.4613,71.7725,69.9398,56.8053,51.9296,17.3449,10.887,18.0026,15.2839,29.3972,32.1109,29.6804,27.0689,-42.3753,-37.8289,-27.1249,-24.8607,-0.43,7.3909,8.5704,13.3299,-17.7749,-3.4961,-9.4322,-1.954,,,-0.0808,36.928,44.7086,-0.1932,6.5045,-4.4831,-0.1146,-8.5266,-1.3353,,,,,,133.1865,33.2638,64.1011,,,,"Duque","","N/A","2008-01-01T00:00:00.000Z","Bay","Gelding","PRE horse (Pura Raza Espanola) - Andalusier","Dressage","","20260119T121135_logfile.itlog","2026-01-19T19:11:35.549Z","In hand","Research",,,
5,"walk","right","soft",661.24,661.915,660.93,661.58,3548.865,3549.54,3548.555,3549.205,1.345,65.3443,0.915,0.88,0.825,0.895,0.45,0.45,0.53,0.445,172.4562,182.82,107.4703,119.5489,68.0297,66.1654,60.8856,66.2963,,,,,,,-0.35,-26.0223,-0.34,-25.2788,0.31,23.0483,0.335,24.9071,70.6028,68.1411,56.8727,50.4529,15.1757,9.9663,21.3547,15.5871,30.4233,31.5537,27.8825,24.3302,-40.1795,-36.5874,-28.9902,-26.1228,3.3451,9.2875,10.842,11.6975,-11.8307,-0.6788,-10.5128,-3.8896,,,0.0915,24.56,14.6845,-0.2921,6.1867,2.0935,-0.2439,-11.3453,4.177,,,,,,122.6242,36.8112,63.6383,,,,"Duque","","N/A","2008-01-01T00:00:00.000Z","Bay","Gelding","PRE horse (Pura Raza Espanola) - Andalusier","Dressage","","20260119T121135_logfile.itlog","2026-01-19T19:11:35.549Z","In hand","Research",,,
5,"walk","right","soft",662.565,663.245,662.285,662.94,3550.19,3550.87,3549.91,3550.565,1.355,65.5702,0.925,0.925,0.815,0.89,0.41,0.45,0.53,0.465,181.8617,169.6805,113.0199,111.8923,68.6456,67.1506,61.1632,65.3211,,,,,,,-0.37,-27.3063,-0.375,-27.6753,0.28,20.6642,0.305,22.5092,70.6891,68.1658,56.4312,51.2206,16.8101,13.0235,14.1458,13.4709,29.2047,32.054,27.8736,25.6734,-41.4845,-36.1118,-28.5576,-25.5472,1.5798,9.8512,8.2122,10.1718,-15.2303,-3.1722,-5.9336,-3.299,,,-0.0997,16.4555,25.7878,0.0743,-3.6834,0.7215,-0.2441,-13.3544,0.7791,,,,,,113.5403,37.0898,63.9119,,,,"Duque","","N/A","2008-01-01T00:00:00.000Z","Bay","Gelding","PRE horse (Pura Raza Espanola) - Andalusier","Dressage","","20260119T121135_logfile.itlog","2026-01-19T19:11:35.549Z","In hand","Research",,,
5,"walk","right","soft",663.925,664.625,663.605,664.31,3551.55,3552.25,3551.23,3551.935,1.3381,64.2819,0.895,0.885,0.83,0.83,0.435,0.455,0.505,0.48,174.2568,169.0954,110.2285,104.2048,66.2963,66.6667,60.8059,63.3588,,,,,,,-0.36,-26.9033,-0.385,-28.7716,0.32,23.9141,0.315,23.5404,72.4922,68.6867,56.3071,54.3235,13.2638,12.4732,10.8223,13.3892,29.6471,32.2913,26.1252,28.5165,-42.8451,-36.3955,-30.1819,-25.8069,0.674,9.6694,6.7569,9.2044,-12.5897,-2.8038,-4.0653,-4.1848,,,0.108,27.534,14.3226,0.1868,-4.5555,-1.0445,0.086,-7.5838,-12.194,,,,,,151.372,36.9234,61.1612,,,,"Duque","","N/A","2008-01-01T00:00:00.000Z","Bay","Gelding","PRE horse (Pura Raza Espanola) - Andalusier","Dressage","","20260119T121135_logfile.itlog","2026-01-19T19:11:35.549Z","In hand","Research",,,
5,"walk","right","soft",665.295,665.94,665,665.62,3552.92,3553.565,3552.625,3553.245,1.3119,62.8808,0.845,0.87,0.745,0.84,0.475,0.43,0.565,0.48,170.7739,177.6812,104.1653,109.5789,63.7736,66.7946,57.1977,63.7571,,,,,,,-0.375,-28.585,-0.325,-24.7737,0.295,22.4869,0.32,24.3926,72.2673,73.7934,60.5267,53.5559,15.4178,12.1042,15.2756,17.4345,32.1426,36.7686,32.799,27.0014,-40.1247,-37.0248,-27.7277,-26.5544,0.7875,9.0462,9.837,11.8431,-14.6302,-3.058,-5.4386,-5.5914,,,0.1351,59.2703,43.0995,-0.5375,5.5323,10.71,-0.3064,-24.1489,-1.027,,,,,,168.257,33.4359,81.3513,,,,"Duque","","N/A","2008-01-01T00:00:00.000Z","Bay","Gelding","PRE horse (Pura Raza Espanola) - Andalusier","Dressage","","20260119T121135_logfile.itlog","2026-01-19T19:11:35.549Z","In hand","Research",,,
5,"walk","right","soft",666.625,667.245,666.295,666.935,3554.25,3554.87,3553.92,3554.56,1.275,62.6647,0.79,0.84,0.755,0.81,0.485,0.435,0.55,0.475,164.7813,186.371,107.9309,114.0899,61.9608,66.4032,58.6408,63.6542,,,,,,,-0.355,-27.8431,-0.31,-24.3137,0.33,25.8824,0.31,24.3137,77.276,70.9887,63.4512,52.0371,14.869,8.2112,22.6973,19.0134,36.4767,33.4413,32.8232,25.2369,-40.7993,-37.5474,-30.628,-26.8002,3.1501,7.2008,12.1056,14.9813,-11.7189,-1.0104,-10.5917,-4.032,,,0.0938,49.1321,37.3478,-0.4609,8.5038,6.9577,,-32.7814,1.2402,,,,,,162.9322,42.1399,88.2564,,,,"Duque","","N/A","2008-01-01T00:00:00.000Z","Bay","Gelding","PRE horse (Pura Raza Espanola) - Andalusier","Dressage","","20260119T121135_logfile.itlog","2026-01-19T19:11:35.549Z","In hand","Research",,,
5,"walk","right","soft",667.9,668.5,667.565,668.195,3555.525,3556.125,3555.19,3555.82,1.29,64.506,0.85,0.88,0.76,0.84,0.485,0.415,0.515,0.45,176.0802,184.6751,125.4785,119.3216,64.6388,67.5624,60.198,65.625,,,,,,,-0.32,-24.8062,-0.295,-22.8682,0.335,25.969,0.305,23.6434,76.7158,67.7442,59.9556,52.5305,19.2652,9.569,17.536,15.8525,35.268,30.8762,28.0821,27.1776,-41.4479,-36.868,-31.8735,-25.353,6.1419,9.6685,9.0533,11.7589,-13.1233,0.0995,-8.4828,-4.0936,,,-0.0325,13.2747,16.7525,0.2908,-7.621,9.6992,-0.2798,-29.6182,-8.0038,,,,,,120.2051,42.1458,85.2549,,,,"Duque","","N/A","2008-01-01T00:00:00.000Z","Bay","Gelding","PRE horse (Pura Raza Espanola) - Andalusier","Dressage","","20260119T121135_logfile.itlog","2026-01-19T19:11:35.549Z","In hand","Research",,,
5,"walk","right","soft",669.195,669.81,668.815,669.465,3556.82,3557.435,3556.44,3557.09,1.3237,66.5757,0.88,0.91,0.825,0.91,0.445,0.43,0.49,0.43,180.4335,180.0664,123.8292,120.7743,66.5406,69.3333,62.2642,68.1648,,,,,,,-0.315,-23.796,-0.27,-20.3966,0.38,28.7063,0.345,26.0623,75.341,73.2318,60.3548,53.5369,16.8535,13.4692,16.8106,12.2877,35.1098,31.2179,29.3342,24.6026,-40.2312,-42.0139,-31.0206,-28.9343,6.5802,9.2724,8.6169,9.9316,-10.2732,-4.1969,-8.1937,-2.3561,,,-0.0148,13.1218,14.6459,0.2655,-7.016,-6.2479,-0.1537,-18.1961,-8.2175,,,,,,128.9308,35.4537,73.6945,,,,"Duque","","N/A","2008-01-01T00:00:00.000Z","Bay","Gelding","PRE horse (Pura Raza Espanola) - Andalusier","Dressage","","20260119T121135_logfile.itlog","2026-01-19T19:11:35.549Z","In hand","Research",,,
5,"walk","right","soft",670.515,671.095,670.15,670.795,3558.14,3558.72,3557.775,3558.42,1.2981,65.4578,0.805,0.915,0.815,0.865,0.44,0.375,0.51,0.42,183.5873,216.4053,122.773,120.1827,63.1373,68.9266,62.4521,67.3152,,,,,,,-0.34,-26.1916,-0.28,-21.5696,0.365,28.1175,0.3,23.1103,78.6609,71.601,57.799,53.1771,20.6018,13.7921,15.8607,15.6927,31.8326,27.5295,26.1084,25.4336,-46.8283,-44.0715,-31.6906,-27.7434,-0.1769,10.2991,8.449,10.5514,-20.7787,-3.493,-7.4117,-5.1413,,,-0.177,17.272,37.8814,-0.1379,-5.0185,5.2986,0.0103,-9.9582,-10.5727,,,,,,145.5959,33.013,69.6109,,,,"Duque","","N/A","2008-01-01T00:00:00.000Z","Bay","Gelding","PRE horse (Pura Raza Espanola) - Andalusier","Dressage","","20260119T121135_logfile.itlog","2026-01-19T19:11:35.549Z","In hand","Research",,,
5,"walk","right","soft",671.82,672.46,671.435,672.08,3559.445,3560.085,3559.06,3559.705,1.2725,64.4576,0.815,0.82,0.805,0.84,0.5,0.45,0.47,0.42,185.407,191.7692,125.7695,123.6086,62.8131,65.4691,63.0137,66.5347,,,,,,,-0.34,-26.7191,-0.26,-20.4322,0.385,30.2554,0.38,29.8625,81.8835,72.2919,66.1393,58.8736,12.6796,13.0509,16.0377,14.2835,33.7803,31.6054,33.3185,30.0566,-48.1032,-40.6866,-32.8208,-28.8169,2.3612,10.2628,7.3394,12.3691,-10.3184,-2.7881,-8.6984,-1.9143,,,-0.0055,42.4599,43.1589,0.3547,-8.9902,9.3333,,-33.4306,-1.0278,,,,,,169.5028,34.3526,85.1391,,,,"Duque","","N/A","2008-01-01T00:00:00.000Z","Bay","Gelding","PRE horse (Pura Raza Espanola) - Andalusier","Dressage","","20260119T121135_logfile.itlog","2026-01-19T19:11:35.549Z","In hand","Research",,,
5,"walk","right","soft",673.1,673.695,672.715,673.345,3560.725,3561.32,3560.34,3560.97,1.2481,63.8988,0.775,0.795,0.785,0.835,0.465,0.415,0.475,0.425,201.1167,197.2324,136.2154,139.6919,62.753,64.2424,61.9329,66.6667,,,,,,,-0.255,-20.4306,-0.245,-19.6294,0.385,30.8463,0.35,28.0421,79.2903,73.5618,59.1593,55.559,18.3016,8.5602,22.9523,13.7982,36.2065,29.5279,27.3206,26.3594,-43.0838,-44.0338,-31.8387,-29.1996,2.7092,7.0858,9.624,11.1419,-15.5923,-1.4743,-13.3283,-2.6563,,,0.175,44.8211,21.4121,-0.3013,-6.0052,5.391,-0.2301,-18.8795,0.3626,,,,,,155.1895,35.8803,83.6275,,,,"Duque","","N/A","2008-01-01T00:00:00.000Z","Bay","Gelding","PRE horse (Pura Raza Espanola) - Andalusier","Dressage","","20260119T121135_logfile.itlog","2026-01-19T19:11:35.549Z","In hand","Research",,,
5,"walk","right","soft",674.33,674.96,673.99,674.59,3561.955,3562.585,3561.615,3562.215,1.2619,63.3912,0.82,0.79,0.765,0.825,0.455,0.47,0.49,0.41,192.6402,197.8672,134.6316,131.7675,64.1879,62.8231,61.0778,65.4762,,,,,,,-0.295,-23.3779,-0.26,-20.6043,0.34,26.944,0.37,29.3214,80.5861,71.4077,61.4984,63.2389,14.2986,9.0902,11.7192,12.8153,34.3001,29.559,31.2207,32.8331,-46.286,-41.8487,-30.2777,-30.4058,2.7915,6.4486,4.9836,9.4341,-11.5071,-2.6416,-6.7356,-3.3812,,,0.0125,5.2231,3.8463,0.5507,-13.249,2.4574,-0.1019,-15.3103,-9.3491,,,,,,114.9713,35.8708,67.8573,,,,"Duque","","N/A","2008-01-01T00:00:00.000Z","Bay","Gelding","PRE horse (Pura Raza Espanola) - Andalusier","Dressage","","20260119T121135_logfile.itlog","2026-01-19T19:11:35.549Z","In hand","Research",,,
5,"walk","right","soft",675.61,676.215,675.24,675.875,3563.235,3563.84,3562.865,3563.5,1.2731,63.414,0.795,0.8,0.78,0.855,0.46,0.465,0.485,0.46,194.6133,190.3208,130.2903,130.5593,63.6,63.1164,61.2967,65.643,,,,,,,-0.28,-21.9931,-0.265,-20.8149,0.37,29.0623,0.34,26.7059,82.0996,76.4498,63.9986,58.6385,13.3356,12.2143,5.5499,16.5657,35.7621,34.8535,31.6271,30.1562,-46.3375,-41.5963,-32.3716,-28.4824,0.5987,9.9629,2.8708,11.5468,-12.737,-2.2513,-2.6791,-5.0189,,,0.112,6.3004,-6.9075,0.3313,-5.1351,-7.7228,-0.1089,-1.7587,5.9339,,,,,,130.4911,34.3392,70.6642,,,,"Duque","","N/A","2008-01-01T00:00:00.000Z","Bay","Gelding","PRE horse (Pura Raza Espanola) - Andalusier","Dressage","","20260119T121135_logfile.itlog","2026-01-19T19:11:35.549Z","In hand","Research",,,
5,"walk","right","soft",676.855,677.485,676.52,677.165,3564.48,3565.11,3564.145,3564.79,1.2544,63.8792,0.81,0.825,0.775,0.795,0.45,0.47,0.5,0.435,199.2895,199.3179,124.7401,136.8937,64.8,64.7059,61.5079,64.503,,,,,,,-0.305,-24.3149,-0.31,-24.7135,0.335,26.7065,0.32,25.5107,75.8451,70.3555,60.8039,58.3273,18.8194,11.9621,18.9654,10.1279,29.6688,33.6506,28.958,31.7246,-46.1764,-36.7049,-31.8459,-26.6026,1.364,8.2254,7.4271,8.3838,-17.4554,-3.7367,-11.5383,-1.7441,,,-0.1162,15.2958,28.8484,0.233,-6.0047,-5.0933,-0.2778,-16.587,6.3785,,,,,,131.9497,33.5696,82.6633,,,,"Duque","","N/A","2008-01-01T00:00:00.000Z","Bay","Gelding","PRE horse (Pura Raza Espanola) - Andalusier","Dressage","","20260119T121135_logfile.itlog","2026-01-19T19:11:35.549Z","In hand","Research",,,
5,"walk","right","soft",678.095,678.74,677.765,678.4,3565.72,3566.365,3565.39,3566.025,1.27,64.1629,0.84,0.845,0.765,0.81,0.43,0.43,0.47,0.44,200.5394,187.4272,135.2185,129.9625,65.3696,66.2745,60.5941,64.4135,,,,,,,-0.28,-22.0472,-0.305,-24.0157,0.33,25.9843,0.34,26.7717,81.1415,74.1235,63.294,57.4792,12.4792,11.4852,14.5219,14.162,35.8748,34.9254,30.687,27.1974,-45.2667,-39.1981,-32.607,-30.2817,3.0626,9.3357,7.6218,9.2458,-9.4166,-2.1496,-6.9001,-4.9162,,,0.078,16.2211,6.6105,-0.4871,6.2217,6.1896,-0.2721,-20.2131,-0.561,,,,,,141.4763,35.6442,85.0292,,,,"Duque","","N/A","2008-01-01T00:00:00.000Z","Bay","Gelding","PRE horse (Pura Raza Espanola) - Andalusier","Dressage","","20260119T121135_logfile.itlog","2026-01-19T19:11:35.549Z","In hand","Research",,,
5,"walk","right","soft",679.395,680.015,679.055,679.665,3567.02,3567.64,3566.68,3567.29,1.2675,63.2445,0.795,0.825,0.765,0.82,0.46,0.43,0.525,0.455,187.7762,193.8169,123.814,118.0964,63.4731,66.2651,59.3023,63.9376,,,,,,,-0.315,-24.8521,-0.27,-21.3018,0.34,26.8245,0.35,27.6134,67.7196,68.9347,63.2114,61.3377,15.5474,12.961,15.518,16.1195,24.967,34.3522,31.5176,30.7907,-42.7526,-34.5825,-31.6938,-30.547,1.2652,9.2739,8.7434,11.849,-14.2822,-3.6871,-6.7745,-4.2706,,,-0.0206,28.7171,31.2204,-0.2874,4.5162,8.6173,-0.0792,-12.0761,-5.7547,,,,,,153.1534,35.6575,85.5431,,,,"Duque","","N/A","2008-01-01T00:00:00.000Z","Bay","Gelding","PRE horse (Pura Raza Espanola) - Andalusier","Dressage","","20260119T121135_logfile.itlog","2026-01-19T19:11:35.549Z","In hand","Research",,,
5,"walk","right","soft",680.645,681.25,680.345,680.955,3568.27,3568.875,3567.97,3568.58,1.2531,63.5275,0.825,0.84,0.73,0.79,0.455,0.41,0.525,0.47,173.5681,185.9022,123.2986,125.4695,65.4762,67.2,59.2292,62.2047,,,,,,,-0.33,-26.3342,-0.31,-24.7382,0.3,23.9401,0.295,23.5411,69.53,70.0056,62.1759,54.4453,12.7259,8.1678,16.3493,18.0367,28.4715,33.4852,32.4484,27.1164,-41.0585,-36.5204,-29.7275,-27.3288,-0.0723,6.4232,8.4431,11.3044,-12.7982,-1.7446,-7.9063,-6.7322,,,0.0545,32.7909,25.9392,-0.5104,9.0604,6.917,-0.162,-9.657,4.3347,,,,,,151.599,39.2002,86.3922,,,,"Duque","","N/A","2008-01-01T00:00:00.000Z","Bay","Gelding","PRE horse (Pura Raza Espanola) - Andalusier","Dressage","","20260119T121135_logfile.itlog","2026-01-19T19:11:35.549Z","In hand","Research",,,
5,"walk","right","soft",681.885,682.5,681.555,682.235,3569.51,3570.125,3569.18,3569.86,1.2675,64.0857,0.81,0.87,0.79,0.78,0.415,0.41,0.48,0.49,187.3053,190.7093,127.6942,106.6123,64.6707,67.3114,61.9608,62.4,,,,,,,-0.305,-24.0631,-0.35,-27.6134,0.33,26.0355,0.265,20.9073,76.1177,70.977,61.6434,54.5679,10.3553,8.2777,16.4417,18.6572,32.9073,32.9316,29.1826,27.5431,-43.2105,-38.0454,-32.4609,-27.0249,-0.5475,8.329,9.5155,11.9079,-10.9029,0.0512,-6.9262,-6.7493,,,-0.0655,18.1142,25.3939,-0.41,13.1615,5.976,-0.0775,-10.2345,-4.7096,,,,,,131.4789,47.5012,76.0159,,,,"Duque","","N/A","2008-01-01T00:00:00.000Z","Bay","Gelding","PRE horse (Pura Raza Espanola) - Andalusier","Dressage","","20260119T121135_logfile.itlog","2026-01-19T19:11:35.549Z","In hand","Research",,,
5,"walk","right","soft",683.165,683.805,682.835,683.465,3570.79,3571.43,3570.46,3571.09,1.2894,63.9256,0.83,0.835,0.79,0.84,0.47,0.435,0.49,0.45,174.8957,178.1181,124.8772,111.1623,63.9692,66.4016,59.962,65.3696,,,,,,,-0.335,-25.9816,-0.3,-23.2671,0.33,25.5938,0.34,26.3694,80.5971,79.9144,59.284,52.7723,12.6363,14.4315,13.5808,17.4363,35.7967,39.0911,27.5043,23.3638,-44.8003,-40.8233,-31.7797,-29.4085,3.6591,8.8566,7.7731,11.907,-8.9771,-5.5749,-5.8076,-5.5293,,,-0.0998,20.4282,31.7921,-0.085,-2.4602,6.5391,-0.2055,-16.579,-0.1695,,,,,,140.929,47.5085,80.4261,,,,"Duque","","N/A","2008-01-01T00:00:00.000Z","Bay","Gelding","PRE horse (Pura Raza Espanola) - Andalusier","Dressage","","20260119T121135_logfile.itlog","2026-01-19T19:11:35.549Z","In hand","Research",,,
5,"walk","right","soft",684.46,685.05,684.19,684.745,3572.085,3572.675,3571.815,3572.37,1.2237,61.9074,0.775,0.805,0.69,0.76,0.465,0.41,0.565,0.44,191.2186,210.8024,108.7804,117.4047,62.8803,66.2551,56.3265,62.1677,,,,,,,-0.385,-31.4607,-0.285,-23.2891,0.27,22.0633,0.305,24.9234,76.3212,70.0949,64.5032,56.659,13.8676,9.9227,17.8599,20.4293,32.432,31.9932,34.258,28.2804,-43.8892,-38.1017,-30.2452,-28.3786,3.061,6.8703,10.5664,13.4434,-10.8065,-3.0524,-7.2936,-6.9859,,,,46.2075,-48.7415,0.1053,-7.2516,0.9029,-0.2477,-20.0854,-0.3342,,,,,,171.7945,40.4262,81.7198,,,,"Duque","","N/A","2008-01-01T00:00:00.000Z","Bay","Gelding","PRE horse (Pura Raza Espanola) - Andalusier","Dressage","","20260119T121135_logfile.itlog","2026-01-19T19:11:35.549Z","In hand","Research",,,
5,"walk","right","soft",685.685,686.265,685.385,685.99,3573.31,3573.89,3573.01,3573.615,1.2369,62.8126,0.785,0.85,0.715,0.76,0.45,0.41,0.505,0.485,181.5472,187.8105,134.4845,115.2316,63.3065,67.1937,59.3361,61.4141,,,,,,,-0.335,-27.0844,-0.305,-24.6589,0.3,24.2547,0.275,22.2335,76.6489,75.5241,63.0445,53.8043,15.0918,13.7878,15.3527,18.8625,33.0429,34.6143,32.3739,26.1687,-43.6059,-40.9099,-30.6706,-27.6356,3.5129,8.7658,8.4301,13.0783,-11.5788,-5.022,-6.9227,-5.7842,,,0.0522,44.1737,37.3683,-0.2954,3.5539,7.369,-0.2557,-18.0858,4.0358,,,,,,167.8634,38.3416,86.5006,,,,"Duque","","N/A","2008-01-01T00:00:00.000Z","Bay","Gelding","PRE horse (Pura Raza Espanola) - Andalusier","Dressage","","20260119T121135_logfile.itlog","2026-01-19T19:11:35.549Z","In hand","Research",,,
5,"walk","right","soft",686.93,687.535,686.575,687.22,3574.555,3575.16,3574.2,3574.845,1.26,63.2221,0.79,0.83,0.775,0.79,0.46,0.42,0.475,0.47,186.3899,204.2087,129.9142,109.7906,63.3267,66.9355,60.6654,61.9608,,,,,,,-0.31,-24.6032,-0.29,-23.0159,0.355,28.1746,0.315,25,79.3946,73.0437,62.0907,56.8232,11.7691,13.2722,12.7659,20.5775,34.7979,36.3802,28.9396,28.4448,-44.5966,-36.6634,-33.1512,-28.3783,3.1684,10.1874,7.5474,14.1399,-8.6007,-3.0849,-5.2185,-6.4376,,,0.2408,56.1018,23.0245,-0.2074,-0.88,9.441,-0.1874,-14.3669,1.3625,,,,,,176.3874,38.3551,85.4793,,,,"Duque","","N/A","2008-01-01T00:00:00.000Z","Bay","Gelding","PRE horse (Pura Raza Espanola) - Andalusier","Dressage","","20260119T121135_logfile.itlog","2026-01-19T19:11:35.549Z","In hand","Research",,,
5,"walk","right","soft",688.175,688.765,687.88,688.51,3575.8,3576.39,3575.505,3576.135,1.2231,62.6113,0.785,0.835,0.71,0.735,0.455,0.4,0.53,0.5,193.3554,200.9354,115.9605,115.124,63.1791,67.2032,58.5567,61.5063,,,,,,,-0.345,-28.2064,-0.335,-27.3889,0.295,24.1185,0.255,20.8482,76.7813,73.4533,62.1168,56.3936,15.0361,10.2854,16.9777,14.5389,34.2303,32.7649,30.1325,29.8166,-42.551,-40.6884,-31.9844,-26.577,2.45,8.6344,9.5681,10.5077,-12.5861,-1.651,-7.4096,-4.0312,,,0.1385,61.8336,43.0606,-0.2109,6.438,5.5117,-0.2832,-25.5548,1.7982,,,,,,178.5818,40.9227,97.7845,,,,"Duque","","N/A","2008-01-01T00:00:00.000Z","Bay","Gelding","PRE horse (Pura Raza Espanola) - Andalusier","Dressage","","20260119T121135_logfile.itlog","2026-01-19T19:11:35.549Z","In hand","Research",,,
5,"walk","right","soft",689.42,690.015,689.065,689.665,3577.045,3577.64,3576.69,3577.29,1.2556,64.3935,0.81,0.845,0.745,0.835,0.46,0.415,0.475,0.42,175.8735,198.9995,132.0873,127.8087,64.4135,66.9307,59.9598,66.2698,,,,,,,-0.3,-23.8925,-0.245,-19.5122,0.355,28.2728,0.35,27.8746,80.6313,75.0444,62.3248,54.7879,14.5367,12.1373,17.6106,16.1511,38.5165,34.8912,29.5016,25.2293,-42.1148,-40.1532,-32.8232,-29.5586,4.6242,7.9328,8.565,11.3394,-9.9125,-4.2045,-9.0456,-4.8118,,,-0.0352,41.8327,45.8326,-0.166,-0.6017,6.0311,-0.1672,-20.2341,-6.8021,,,,,,155.6034,36.7105,87.1431,,,,"Duque","","N/A","2008-01-01T00:00:00.000Z","Bay","Gelding","PRE horse (Pura Raza Espanola) - Andalusier","Dressage","","20260119T121135_logfile.itlog","2026-01-19T19:11:35.549Z","In hand","Research",,,
5,"walk","right","soft",690.665,691.28,690.33,690.93,3578.29,3578.905,3577.955,3578.555,1.2313,63.9914,0.785,0.805,0.755,0.805,0.435,0.42,0.52,0.43,189.8451,200.8877,124.4029,122.2317,63.6917,66.9439,60.2794,65.0505,,,,,,,-0.315,-25.5838,-0.265,-21.5228,0.335,27.2081,0.35,28.4264,79.2026,75.5461,61.1925,57.8268,11.9519,11.6519,20.3279,18.4002,35.0042,34.9298,27.5683,27.502,-44.1984,-40.6163,-33.6242,-30.3248,3.8031,9.0276,9.2622,11.6155,-8.1488,-2.6244,-11.0657,-6.7847,,,-0.0625,22.1662,30.5987,-0.4855,12.0643,2.9782,-0.1617,-15.191,-1.565,,,,,,157.1597,40.0166,85.8269,,,,"Duque","","N/A","2008-01-01T00:00:00.000Z","Bay","Gelding","PRE horse (Pura Raza Espanola) - Andalusier","Dressage","","20260119T121135_logfile.itlog","2026-01-19T19:11:35.549Z","In hand","Research",,,
5,"walk","right","soft",691.91,692.46,691.56,692.17,3579.535,3580.085,3579.185,3579.795,1.1844,62.6135,0.725,0.785,0.72,0.735,0.46,0.375,0.475,0.435,187.0515,226.9057,131.0166,130.8551,61.9658,66.8085,59.2593,62.4204,,,,,,,-0.28,-23.6412,-0.26,-21.9525,0.35,29.5515,0.29,24.4855,73.4046,79.0597,60.689,54.2663,19.284,13.0302,21.7886,21.4472,29.3166,38.5842,26.6454,25.0919,-44.0881,-40.4755,-34.0436,-29.1744,1.3936,7.4174,10.2193,14.6724,-17.8904,-5.6128,-11.5693,-6.7748,,,0.0617,14.4725,6.1666,-0.5515,7.4901,12.641,-0.205,-23.0617,-6.1799,,,,,,140.7161,42.9457,93.62,,,,"Duque","","N/A","2008-01-01T00:00:00.000Z","Bay","Gelding","PRE horse (Pura Raza Espanola) - Andalusier","Dressage","","20260119T121135_logfile.itlog","2026-01-19T19:11:35.549Z","In hand","Research",,,
5,"walk","right","soft",693.065,693.65,692.795,693.355,3580.69,3581.275,3580.42,3580.98,1.2063,62.5242,0.75,0.825,0.68,0.765,0.43,0.405,0.515,0.45,187.6968,210.3981,126.8629,112.5222,62.2407,66.3984,58.4946,62.963,,,,,,,-0.335,-27.772,-0.29,-24.0415,0.27,22.3834,0.295,24.456,80.2817,69.2723,61.097,58.4945,7.7935,12.1528,14.2082,15.9311,34.9894,30.3832,29.611,29.3091,-45.2922,-38.8891,-31.4859,-29.1854,2.7519,7.4672,7.3117,11.3026,-5.0415,-4.6856,-6.8965,-4.6285,,,0.1929,18.1003,-7.2351,-0.4138,12.7933,7.0556,-0.0558,-17.9254,-13.7267,,,,,,131.3594,,93.5513,,,,"Duque","","N/A","2008-01-01T00:00:00.000Z","Bay","Gelding","PRE horse (Pura Raza Espanola) - Andalusier","Dressage","","20260119T121135_logfile.itlog","2026-01-19T19:11:35.549Z","In hand","Research",,,
5,"walk","right","soft",694.295,694.905,693.925,694.57,3581.92,3582.53,3581.55,3582.195,1.1856,63.3638,0.775,0.72,0.79,0.72,0.48,0.43,0.45,0.45,184.2265,188.7629,134.4731,122.2419,63.2653,64.1425,63.7097,62.3377,,,,,,,-0.275,-23.1945,-0.275,-23.1945,0.37,31.2072,0.335,28.2551,81.5801,80.3648,63.8921,58.2963,12.1522,14.6652,22.7159,14.8793,32.2017,36.6817,28.4756,26.1985,-49.3784,-43.6831,-35.4164,-32.0978,1.0101,10.267,11.3173,12.1654,-11.1421,-4.3983,-11.3986,-2.7139,,,0.2273,42.7732,8.9097,-0.2581,5.8543,12.8968,-0.0263,-14.3752,-12.2264,,,,,,180.5051,,93.9232,,,,"Duque","","N/A","2008-01-01T00:00:00.000Z","Bay","Gelding","PRE horse (Pura Raza Espanola) - Andalusier","Dressage","","20260119T121135_logfile.itlog","2026-01-19T19:11:35.549Z","In hand","Research",,,
5,"walk","right","soft",695.49,696,695.165,695.71,3583.115,3583.625,3582.79,3583.335,1.1225,62.1026,0.675,0.76,0.655,0.7,0.42,0.375,0.45,0.42,205.6853,244.0076,144.6007,137.9175,60.9481,66.2309,59.009,62.2222,,,,,,,-0.26,-23.1626,-0.22,-19.5991,0.325,28.9532,0.29,25.8352,80.9036,82.6639,64.3254,61.8484,15.3503,15.4375,23.7066,18.3795,34.4402,36.8797,30.7445,30.9114,-46.4634,-45.7842,-33.581,-30.9369,2.1787,9.5415,9.4359,13.834,-13.1715,-5.896,-14.2707,-4.5454,,,0.3009,,22.5283,-0.4732,5.4891,9.5012,-0.3711,-21.757,8.5235,,,,,,196.7297,45.4947,81.5898,,,,"Duque","","N/A","2008-01-01T00:00:00.000Z","Bay","Gelding","PRE horse (Pura Raza Espanola) - Andalusier","Dressage","","20260119T121135_logfile.itlog","2026-01-19T19:11:35.549Z","In hand","Research",,,
5,"walk","right","soft",696.61,697.16,696.28,696.84,3584.235,3584.785,3583.905,3584.465,1.2088,63.1244,0.745,0.83,0.695,0.785,0.445,0.4,0.46,0.43,195.2774,232.4453,150.7874,137.3307,62.3431,66.6667,59.2751,64.2127,,,,,,,-0.28,-23.1644,-0.23,-19.0279,0.33,27.3009,0.32,26.4736,79.9763,71.608,63.4949,61.1285,12.3107,13.3096,22.1914,13.1314,34.7303,33.037,30.283,29.3208,-45.246,-38.571,-33.2119,-31.8077,2.2932,10.0417,11.2398,10.1618,-10.0174,-3.268,-10.9516,-2.9696,,,0.0536,22.664,15.2149,-0.2478,-1.3936,15.4332,-0.1866,-13.3553,4.0517,,,,,,158.1535,43.6475,100.208,,,,"Duque","","N/A","2008-01-01T00:00:00.000Z","Bay","Gelding","PRE horse (Pura Raza Espanola) - Andalusier","Dressage","","20260119T121135_logfile.itlog","2026-01-19T19:11:35.549Z","In hand","Research",,,
5,"walk","right","soft",697.81,698.42,697.47,698.07,3585.435,3586.045,3585.095,3585.695,1.2312,63.2528,0.78,0.765,0.76,0.81,0.455,0.43,0.495,0.445,190.4723,189.1312,135.7045,125.553,63.5438,63.4855,60.9218,65.0602,,,,,,,-0.31,-25.1777,-0.26,-21.1168,0.34,27.6142,0.35,28.4264,75.7721,76.8201,62.6349,61.7001,15.3253,13.3207,22.9231,16.3679,30.1497,35.0826,30.677,29.2416,-45.6224,-41.7375,-31.9579,-32.4585,1.1973,9.3826,11.7922,11.5703,-14.128,-3.9381,-11.1309,-4.7977,,,-0.0727,23.3564,32.9727,-0.2281,-0.3862,7.5069,0.077,-6.1757,-12.5755,,,,,,160.904,35.8305,89.2503,,,,"Duque","","N/A","2008-01-01T00:00:00.000Z","Bay","Gelding","PRE horse (Pura Raza Espanola) - Andalusier","Dressage","","20260119T121135_logfile.itlog","2026-01-19T19:11:35.549Z","In hand","Research",,,
5,"walk","right","soft",699.03,699.635,698.71,699.305,3586.655,3587.26,3586.335,3586.93,1.2544,63.6616,0.795,0.83,0.75,0.82,0.44,0.45,0.48,0.425,197.9064,203.256,136.7689,143.1773,64.3725,64.7173,60.6061,64.9505,,,,,,,-0.29,-23.1191,-0.275,-21.9233,0.32,25.5107,0.33,26.3079,73.9225,71.1089,61.4177,55.3134,11.8863,13.6011,19.8766,13.7829,30.5438,33.189,28.4223,26.5125,-43.3787,-37.9199,-32.9954,-28.8009,3.9788,9.4914,8.7722,9.8514,-7.9075,-4.1097,-11.1044,-3.9314,,,-0.289,12.8087,53.397,-0.1564,4.8507,-0.7719,-0.0438,-4.0853,-0.9656,,,,,,153.2709,43.3903,72.2978,,,,"Duque","","N/A","2008-01-01T00:00:00.000Z","Bay","Gelding","PRE horse (Pura Raza Espanola) - Andalusier","Dressage","","20260119T121135_logfile.itlog","2026-01-19T19:11:35.549Z","In hand","Research",,,
5,"walk","right","soft",700.265,700.92,699.955,700.585,3587.89,3588.545,3587.58,3588.21,1.2587,63.9391,0.835,0.815,0.76,0.81,0.44,0.455,0.495,0.46,179.651,179.7361,132.1326,114.7662,64.8544,65.0699,61.2903,64.5418,,,,,,,-0.32,-25.422,-0.32,-25.422,0.31,24.6276,0.335,26.6137,83.2548,75.1733,60.0185,58.4448,12.9773,13.3507,14.6844,13.5571,35.4627,35.4596,30.3359,29.6881,-47.7921,-39.7137,-29.6826,-28.7567,1.2103,9.684,7.1855,8.8335,-11.7669,-3.6667,-7.4989,-4.7235,,,-0.1215,39.8182,53.3651,0.0698,-7.1134,5.6096,-0.1019,-10.7835,-3.0992,,,,,,154.6088,43.3862,78.8715,,,,"Duque","","N/A","2008-01-01T00:00:00.000Z","Bay","Gelding","PRE horse (Pura Raza Espanola) - Andalusier","Dressage","","20260119T121135_logfile.itlog","2026-01-19T19:11:35.549Z","In hand","Research",,,
5,"walk","right","soft",701.565,702.155,701.18,701.825,3589.19,3589.78,3588.805,3589.45,1.2456,63.7366,0.785,0.82,0.775,0.795,0.465,0.42,0.465,0.43,195.2451,213.4825,127.3611,134.0572,63.0522,65.8635,61.2648,64.7658,,,,,,,-0.26,-20.8731,-0.26,-20.8731,0.385,30.9082,0.33,26.4927,78.0308,69.7348,64.0952,59.6387,15.8223,11.5538,23.3968,16.5597,34.1354,29.2626,29.5315,29.5564,-43.8954,-40.4723,-34.5637,-30.0823,3.3653,8.6146,11.2889,12.2396,-12.4571,-2.9392,-12.108,-4.3201,,,-0.1283,6.2172,24.6781,-0.2447,-6.1407,15.0964,-0.2846,-30.8275,-7.4807,,,,,,150.1378,38.7066,95.8264,,,,"Duque","","N/A","2008-01-01T00:00:00.000Z","Bay","Gelding","PRE horse (Pura Raza Espanola) - Andalusier","Dressage","","20260119T121135_logfile.itlog","2026-01-19T19:11:35.549Z","In hand","Research",,,
5,"walk","right","soft",702.805,703.405,702.47,703.055,3590.43,3591.03,3590.095,3590.68,1.22,63.0461,0.775,0.77,0.74,0.79,0.455,0.43,0.515,0.435,180.7185,188.7672,133.9705,133.7439,64.1822,64.0333,59.0818,64.8871,,,,,,,-0.315,-25.8197,-0.25,-20.4918,0.335,27.459,0.35,28.6885,80.6345,75.5696,60.1635,58.2521,14.1348,15.506,20.7009,15.9928,38.65,35.4278,27.8132,27.0184,-41.9845,-40.1418,-32.3503,-31.2337,4.2495,10.0625,9.696,11.0468,-9.8853,-5.4435,-11.0049,-4.946,,,0.0439,12.517,6.9261,-0.4811,6.6651,8.8163,-0.14,-19.2537,-7.3338,,,,,,143.5218,47.9811,92.466,,,,"Duque","","N/A","2008-01-01T00:00:00.000Z","Bay","Gelding","PRE horse (Pura Raza Espanola) - Andalusier","Dressage","","20260119T121135_logfile.itlog","2026-01-19T19:11:35.549Z","In hand","Research",,,
5,"walk","right","soft",703.99,704.61,703.72,704.265,3591.615,3592.235,3591.345,3591.89,1.1975,62.994,0.81,0.765,0.67,0.775,0.41,0.435,0.51,0.42,199.8186,203.4164,128.6922,130.0648,65.8537,64.0167,57.3876,64.7182,,,,,,,-0.315,-26.3048,-0.275,-22.9645,0.27,22.547,0.345,28.81,75.1471,74.4205,63.6241,63.0406,11.9987,13.643,13.5329,13.1748,30.6628,35.4061,31.9785,31.3043,-44.4844,-39.0144,-31.6456,-31.7363,2.1547,9.4644,7.2039,9.64,-9.844,-4.1786,-6.3289,-3.5348,,,0.0458,23.9361,17.6182,0.4273,-14.3761,4.8849,-0.288,-35.8156,-12.0786,,,,,,158.5256,47.9754,103.4628,,,,"Duque","","N/A","2008-01-01T00:00:00.000Z","Bay","Gelding","PRE horse (Pura Raza Espanola) - Andalusier","Dressage","","20260119T121135_logfile.itlog","2026-01-19T19:11:35.549Z","In hand","Research",,,
5,"walk","right","soft",705.23,705.8,704.875,705.465,3592.855,3593.425,3592.5,3593.09,1.1825,62.6065,0.73,0.765,0.71,0.755,0.43,0.425,0.485,0.425,190.6863,197.0749,128.8679,141.4822,63.3406,65.1064,58.7992,63.1799,,,,,,,-0.265,-22.4101,-0.235,-19.8732,0.355,30.0211,0.335,28.3298,77.535,71.6658,62.994,57.7667,14.7281,13.4079,16.6266,18.4662,33.4194,34.7346,28.1566,27.0964,-44.1156,-36.9311,-34.8374,-30.6703,1.8144,9.9323,8.1041,11.9238,-12.9137,-3.4756,-8.5226,-6.5424,,,-0.0049,20.106,20.753,-0.5338,9.0864,5.8013,-0.1369,-25.1412,-12.1715,,,,,,151.748,40.4185,107.5736,,,,"Duque","","N/A","2008-01-01T00:00:00.000Z","Bay","Gelding","PRE horse (Pura Raza Espanola) - Andalusier","Dressage","","20260119T121135_logfile.itlog","2026-01-19T19:11:35.549Z","In hand","Research",,,
5,"walk","right","soft",706.375,706.96,706.095,706.675,3594,3594.585,3593.72,3594.3,1.1869,61.2057,0.745,0.77,0.68,0.71,0.415,0.395,0.51,0.455,200.7665,200.5205,126.5607,126.1733,63.1356,65.2542,57.1429,59.2902,,,,,,,-0.295,-24.8552,-0.3,-25.2765,0.28,23.5914,0.285,24.0126,77.5283,77.8961,63.7026,55.6046,13.5318,16.0787,17.3923,28.1599,32.2796,38.698,32.25,28.953,-45.2487,-39.1981,-31.4526,-26.6516,1.9848,10.7538,8.7718,16.5632,-11.5469,-5.3249,-8.6205,-11.5967,,,-0.1104,6.6906,22.7895,-0.4088,8.6094,7.5096,-0.0936,-20.8172,-12.5081,,,,,,160.825,45.4833,101.2723,,,,"Duque","","N/A","2008-01-01T00:00:00.000Z","Bay","Gelding","PRE horse (Pura Raza Espanola) - Andalusier","Dressage","","20260119T121135_logfile.itlog","2026-01-19T19:11:35.549Z","In hand","Research",,,
5,"walk","right","soft",707.575,708.155,707.285,707.905,3595.2,3595.78,3594.91,3595.53,1.1831,60.9469,0.76,0.765,0.685,0.675,0.455,0.425,0.51,0.52,188.9305,204.0535,130.2565,109.3902,63.0705,64.9682,57.6842,58.0645,,,,,,,-0.325,-27.4696,-0.33,-27.8922,0.29,24.5114,0.25,21.1305,83.7349,77.5991,62.8276,58.0593,14.1352,10.2889,18.2154,21.8207,36.1381,34.9524,30.5945,30.4229,-47.5968,-42.6466,-32.233,-27.6364,3.2548,7.4721,9.6942,12.7991,-10.8804,-2.8169,-8.5212,-9.0216,,,-0.097,30.7492,44.0199,0.0291,-2.9958,3.706,-0.2383,-25.7774,-2.8325,,,,,,167.6203,45.4413,104.5333,,,,"Duque","","N/A","2008-01-01T00:00:00.000Z","Bay","Gelding","PRE horse (Pura Raza Espanola) - Andalusier","Dressage","","20260119T121135_logfile.itlog","2026-01-19T19:11:35.549Z","In hand","Research",,,
5,"walk","right","soft",708.77,709.32,708.465,709.035,3596.395,3596.945,3596.09,3596.66,1.1594,60.9922,0.7,0.77,0.66,0.7,0.435,0.4,0.495,0.455,197.4766,221.2029,131.2984,125.9277,61.0022,64.7059,57.3913,60.8696,,,,,,,-0.31,-26.7385,-0.265,-22.8571,0.305,26.3073,0.285,24.5822,82.2791,74.9479,65.091,59.5517,15.0758,14.3058,20.5325,18.7169,37.2965,35.6757,31.7706,31.21,-44.9826,-39.2722,-33.3204,-28.3417,2.7784,9.8092,10.8307,12.0934,-12.2974,-4.4966,-9.7019,-6.6235,,,-0.0897,13.3802,26.3593,-0.4264,8.2318,8.7852,-0.1635,-27.541,-12.6315,,,,,,158.0017,42.7297,103.8422,,,,"Duque","","N/A","2008-01-01T00:00:00.000Z","Bay","Gelding","PRE horse (Pura Raza Espanola) - Andalusier","Dressage","","20260119T121135_logfile.itlog","2026-01-19T19:11:35.549Z","In hand","Research",,,
5,"walk","right","soft",709.93,710.53,709.61,710.18,3597.555,3598.155,3597.235,3597.805,1.2131,62.4045,0.76,0.785,0.69,0.795,0.46,0.44,0.485,0.445,195.771,195.5725,143.2963,132.1932,62.1677,64.6091,58.5987,64.2424,,,,,,,-0.29,-23.9052,-0.25,-20.6079,0.32,26.3782,0.35,28.8511,78.7371,70.9854,64.8335,57.7718,12.4536,11.637,17.5178,18.8222,35.0467,34.5654,31.5243,27.3021,-43.6905,-36.4199,-33.3091,-30.4696,2.5487,8.0267,9.2512,12.5862,-9.9049,-3.6103,-8.2666,-6.2361,,,0.0982,13.2291,-0.8178,-0.368,2.5244,13.798,-0.1966,-23.1073,-4.2164,,,,,,155.5451,42.7253,105.7339,,,,"Duque","","N/A","2008-01-01T00:00:00.000Z","Bay","Gelding","PRE horse (Pura Raza Espanola) - Andalusier","Dressage","","20260119T121135_logfile.itlog","2026-01-19T19:11:35.549Z","In hand","Research",,,
5,"walk","right","soft",711.155,711.735,710.79,711.415,3598.78,3599.36,3598.415,3599.04,1.2319,63.3548,0.77,0.8,0.765,0.785,0.465,0.42,0.49,0.44,180.4667,191.6771,128.0591,127.0354,62.9857,66.1157,60.2362,64.0816,,,,,,,-0.26,-21.106,-0.26,-21.106,0.365,29.6296,0.32,25.9767,76.8943,68.193,62.085,57.1416,9.3705,12.1564,15.4558,20.9178,35.4395,30.5935,25.6985,25.1027,-41.4549,-37.5995,-36.3865,-32.0389,2.5632,9.1742,8.2965,12.7026,-6.8073,-2.9822,-7.1593,-8.2151,,,0.0508,35.8544,28.8271,-0.4799,15.1688,1.5529,-0.0198,-17.53,-15.8034,,,,,,176.1681,50.2058,103.2804,,,,"Duque","","N/A","2008-01-01T00:00:00.000Z","Bay","Gelding","PRE horse (Pura Raza Espanola) - Andalusier","Dressage","","20260119T121135_logfile.itlog","2026-01-19T19:11:35.549Z","In hand","Research",,,
5,"walk","right","soft",712.365,712.935,712.075,712.64,3599.99,3600.56,3599.7,3600.265,1.2419,62.8441,0.765,0.855,0.695,0.81,0.44,0.4,0.52,0.44,188.2241,191.1065,121.9057,124.7812,63.0928,67.0588,57.3196,63.9053,,,,,,,-0.34,-27.378,-0.275,-22.1439,0.29,23.3518,0.295,23.7544,75.3251,73.8775,64.0978,52.8034,11.0354,14.8676,17.9359,17.0126,34.4429,35.8559,32.3334,24.8117,-40.8822,-38.0216,-31.7644,-27.9916,1.0326,10.6666,9.9951,11.4219,-10.0028,-4.201,-7.9408,-5.5906,,,-0.1004,30.6405,43.9586,-0.4577,10.2368,14.1711,-0.2033,-31.6581,-11.629,,,,,,163.2652,52.5806,110.1419,,,,"Duque","","N/A","2008-01-01T00:00:00.000Z","Bay","Gelding","PRE horse (Pura Raza Espanola) - Andalusier","Dressage","","20260119T121135_logfile.itlog","2026-01-19T19:11:35.549Z","In hand","Research",,,
5,"walk","right","soft",713.585,714.23,713.285,713.925,3601.21,3601.855,3600.91,3601.55,1.24,62.6004,0.805,0.8,0.745,0.755,0.455,0.44,0.515,0.475,179.0062,190.2494,124.2707,113.439,63.6364,65.0407,59.8394,61.8852,,,,,,,-0.35,-28.2258,-0.34,-27.4194,0.3,24.1935,0.305,24.5968,79.4976,76.8655,61.0568,60.0963,12.4824,11.9619,21.0024,18.5427,32.9214,36.6753,26.5855,31.6187,-46.5762,-40.1902,-34.4713,-28.4776,1.7163,8.5724,9.681,12.8941,-10.7661,-3.3896,-11.3214,-5.6486,,,0.0096,47.6991,46.4541,-0.4273,7.317,12.3819,-0.202,-27.0262,-9.3537,,,,,,184.2628,51.9486,96.8346,,,,"Duque","","N/A","2008-01-01T00:00:00.000Z","Bay","Gelding","PRE horse (Pura Raza Espanola) - Andalusier","Dressage","","20260119T121135_logfile.itlog","2026-01-19T19:11:35.549Z","In hand","Research",,,
5,"walk","right","soft",714.855,715.45,714.515,715.135,3602.48,3603.075,3602.14,3602.76,1.17,62.4343,0.755,0.74,0.715,0.71,0.465,0.42,0.485,0.455,186.1053,211.7778,129.0154,128.7953,62.9167,65.6319,59.5833,61.6052,,,,,,,-0.285,-24.359,-0.28,-23.9316,0.34,29.0598,0.315,26.9231,78.3904,78.029,62.2347,61.2823,12.9045,10.1063,23.2251,19.6723,32.9262,35.5924,27.6317,31.9521,-45.4641,-42.4366,-34.603,-29.3302,3.6142,7.4126,11.3861,13.0936,-9.2903,-2.6937,-11.839,-6.5787,,,0.1522,60.9255,38.1643,-0.5427,8.6982,16.6067,-0.1796,-20.343,-4.9014,,,,,,187.6891,45.2883,97.3187,,,,"Duque","","N/A","2008-01-01T00:00:00.000Z","Bay","Gelding","PRE horse (Pura Raza Espanola) - Andalusier","Dressage","","20260119T121135_logfile.itlog","2026-01-19T19:11:35.549Z","In hand","Research",,,
5,"walk","right","soft",716.035,716.545,715.715,716.275,3603.66,3604.17,3603.34,3603.9,1.1519,61.8471,0.7,0.78,0.655,0.715,0.425,0.355,0.485,0.43,201.1521,247.3868,133.669,138.8605,61.9469,66.6667,56.4655,62.3094,,,,,,,-0.265,-23.006,-0.24,-20.8356,0.32,27.7808,0.27,23.44,80.7121,78.9119,64.187,57.3201,17.7857,14.059,20.0256,19.468,37.4268,36.9418,29.0501,27.3805,-43.2853,-41.9701,-35.1369,-29.9396,5.0042,8.5362,8.5382,13.4362,-12.7815,-5.5227,-11.4874,-6.0318,,,0.0932,24.0169,9.726,-0.7185,8.3913,15.5171,-0.1552,-25.6448,-11.0993,,,,,,163.0639,50.8592,106.6776,,,,"Duque","","N/A","2008-01-01T00:00:00.000Z","Bay","Gelding","PRE horse (Pura Raza Espanola) - Andalusier","Dressage","","20260119T121135_logfile.itlog","2026-01-19T19:11:35.549Z","In hand","Research",,,
5,"walk","right","soft",717.17,717.75,716.895,717.425,3604.795,3605.375,3604.52,3605.05,1.1856,61.9525,0.75,0.785,0.655,0.75,0.435,0.425,0.525,0.435,196.106,205.3615,135.1981,121.3108,62.7615,65.1452,56.3441,63.5593,,,,,,,-0.35,-29.5203,-0.255,-21.5076,0.275,23.1945,0.325,27.4117,79.4634,75.7317,62.4487,58.7004,14.896,10.9066,14.2095,14.9455,34.4651,34.49,30.2839,28.037,-44.9983,-41.2416,-32.1648,-30.6634,5.3976,7.7772,7.6359,9.8753,-9.4984,-3.1294,-6.5736,-5.0702,,,0.3875,54.0167,-13.7599,0.0301,-2.2941,9.9791,-0.1307,-21.3307,-9.6448,,,,,,174.9087,50.8473,99.0645,,,,"Duque","","N/A","2008-01-01T00:00:00.000Z","Bay","Gelding","PRE horse (Pura Raza Espanola) - Andalusier","Dressage","","20260119T121135_logfile.itlog","2026-01-19T19:11:35.549Z","In hand","Research",,,
5,"walk","right","soft",718.375,718.95,718.04,718.6,3606,3606.575,3605.665,3606.225,1.1956,63.0331,0.73,0.765,0.72,0.8,0.455,0.415,0.49,0.425,187.0728,204.4316,129.387,128.2459,61.9958,64.8305,60,65.3061,,,,,,,-0.29,-24.2551,-0.225,-18.8186,0.335,28.0188,0.35,29.2734,79.9299,70.2811,65.2553,56.6458,15.389,10.3523,19.734,15.371,35.816,28.5861,33.1697,24.7022,-44.1139,-41.6949,-32.0857,-31.9437,1.1299,8.7727,9.953,10.7284,-14.2591,-1.5796,-9.7811,-4.6426,,,0.1731,52.3712,26.3258,-0.2032,4.2314,5.3443,-0.1199,-9.0364,1.6144,,,,,,190.27,39.647,88.8677,,,,"Duque","","N/A","2008-01-01T00:00:00.000Z","Bay","Gelding","PRE horse (Pura Raza Espanola) - Andalusier","Dressage","","20260119T121135_logfile.itlog","2026-01-19T19:11:35.549Z","In hand","Research",,,
5,"walk","right","soft",719.545,720.13,719.23,719.825,3607.17,3607.755,3606.855,3607.45,1.2781,64.8134,0.81,0.865,0.775,0.865,0.44,0.415,0.47,0.425,200.6353,202.9255,148.4547,134.7523,63.9053,66.4107,61.753,67.1845,,,,,,,-0.28,-21.9071,-0.28,-21.9071,0.315,24.6455,0.305,23.8631,80.3646,74.2103,59.6606,53.1696,14.6884,14.3488,20.8451,13.9249,35.5854,30.7344,29.9927,21.9283,-44.7792,-43.4759,-29.6679,-31.2413,2.7192,9.5016,8.8916,10.8092,-11.9692,-4.8473,-11.9535,-3.1157,,,-0.04,62.1847,66.9399,-0.1461,0.4766,-4.5656,-0.0142,0.1746,1.0839,,,,,,181.7125,50.6424,64.0608,,,,"Duque","","N/A","2008-01-01T00:00:00.000Z","Bay","Gelding","PRE horse (Pura Raza Espanola) - Andalusier","Dressage","","20260119T121135_logfile.itlog","2026-01-19T19:11:35.549Z","In hand","Research",,,
5,"walk","right","soft",720.83,721.455,720.495,721.11,3608.455,3609.08,3608.12,3608.735,1.2606,63.6636,0.83,0.805,0.77,0.805,0.475,0.46,0.49,0.42,178.6525,193.5301,130.4307,119.7293,63.8462,64.2715,61.3546,65.1822,,,,,,,-0.365,-28.9539,-0.28,-22.2112,0.335,26.5741,0.345,27.3674,78.9471,78.6271,61.9605,60.2406,8.7422,12.6181,12.5431,12.1485,33.3612,35.9128,30.3735,29.7318,-45.5859,-42.7142,-31.587,-30.5088,1.961,7.6355,6.5987,9.8949,-6.7812,-4.9825,-5.9444,-2.2536,,,-0.314,13.0269,59.509,0.2748,-9.9146,7.0086,-0.3353,-18.2247,3.7777,,,,,,161.0358,50.6379,71.8517,,,,"Duque","","N/A","2008-01-01T00:00:00.000Z","Bay","Gelding","PRE horse (Pura Raza Espanola) - Andalusier","Dressage","","20260119T121135_logfile.itlog","2026-01-19T19:11:35.549Z","In hand","Research",,,
5,"walk","right","soft",722.125,722.695,721.745,722.355,3609.75,3610.32,3609.37,3609.98,1.2494,63.7111,0.77,0.835,0.75,0.83,0.465,0.435,0.48,0.44,182.4056,214.4812,129.3465,135.305,62.7291,66.2698,60.3622,65.4832,,,,,,,-0.29,-23.2116,-0.23,-18.4092,0.38,30.4152,0.34,27.2136,76.536,69.3468,60.778,54.2046,14.0203,10.0609,23.0195,13.7942,35.4932,30.1755,28.7119,24.99,-41.0428,-39.1713,-32.0661,-29.2147,3.8011,6.7557,10.5231,10.4408,-10.2192,-3.3052,-12.4964,-3.3534,,,0.2625,49.3403,12.056,-0.5138,0.1853,12.1427,-0.3226,-25.5371,4.1198,,,,,,155.6559,37.7475,94.9242,,,,"Duque","","N/A","2008-01-01T00:00:00.000Z","Bay","Gelding","PRE horse (Pura Raza Espanola) - Andalusier","Dressage","","20260119T121135_logfile.itlog","2026-01-19T19:11:35.549Z","In hand","Research",,,
5,"walk","right","soft",723.345,723.945,723,723.62,3610.97,3611.57,3610.625,3611.245,1.2662,64.3567,0.815,0.865,0.75,0.83,0.45,0.415,0.505,0.435,184.4641,193.3901,131.6871,122.2833,64.6825,67.8431,59.2885,65.6126,,,,,,,-0.305,-24.0869,-0.275,-21.7177,0.345,27.2458,0.325,25.6663,72.5583,78.0544,60.2221,55.7216,14.4042,10.7514,13.0958,12.4033,30.5544,36.6051,29.8399,27.4419,-42.004,-41.4493,-30.3822,-28.2797,0.1676,8.1704,6.5087,9.2362,-14.2366,-2.5809,-6.5872,-3.1672,,,-0.1865,3.7664,26.2514,-0.1704,-2.98,14.0625,-0.0644,-21.151,-17.0178,,,,,,125.5399,37.5089,81.1612,,,,"Duque","","N/A","2008-01-01T00:00:00.000Z","Bay","Gelding","PRE horse (Pura Raza Espanola) - Andalusier","Dressage","","20260119T121135_logfile.itlog","2026-01-19T19:11:35.549Z","In hand","Research",,,
5,"walk","right","soft",724.6,725.215,724.275,724.885,3612.225,3612.84,3611.9,3612.51,1.2356,63.1396,0.79,0.785,0.745,0.8,0.44,0.405,0.525,0.435,183.3787,217.0666,118.1631,121.5647,63.4538,64.4764,59.7194,64.9087,,,,,,,-0.33,-26.7071,-0.285,-23.0653,0.325,26.3025,0.33,26.7071,84.403,77.9021,59.965,59.4871,15.2215,10.8337,23.0438,17.7194,36.3353,32.9563,29.0069,30.6151,-48.0677,-44.9458,-30.9581,-28.8721,1.8792,8.8212,12.5953,11.9453,-13.3423,-2.0125,-10.4485,-5.7741,,,-0.1749,12.7081,34.2668,-0.4477,2.793,7.8702,-0.0824,-14.6232,-8.8937,,,,,,135.985,37.4348,81.1755,,,,"Duque","","N/A","2008-01-01T00:00:00.000Z","Bay","Gelding","PRE horse (Pura Raza Espanola) - Andalusier","Dressage","","20260119T121135_logfile.itlog","2026-01-19T19:11:35.549Z","In hand","Research",,,
5,"walk","right","soft",725.86,726.46,725.5,726.115,3613.485,3614.085,3613.125,3613.74,1.2362,63.1925,0.775,0.805,0.745,0.8,0.47,0.46,0.48,0.43,204.3338,206.0844,128.8508,128.1402,62.8803,64.9194,60.3239,64.6465,,,,,,,-0.285,-23.0536,-0.255,-20.6269,0.36,29.1203,0.345,27.907,77.798,76.7522,65.8608,60.364,15.4488,16.6098,19.1743,12.956,30.7255,34.8548,32.2831,30.6653,-47.0725,-41.8974,-33.5777,-29.6987,3.7049,10.2921,10.2909,10.7946,-11.7439,-6.3177,-8.8833,-2.1614,,,0.0649,31.8685,23.5642,0.2012,-7.3046,11.027,-0.1519,-22.135,-10.1628,,,,,,159.5565,39.0497,93.3506,,,,"Duque","","N/A","2008-01-01T00:00:00.000Z","Bay","Gelding","PRE horse (Pura Raza Espanola) - Andalusier","Dressage","","20260119T121135_logfile.itlog","2026-01-19T19:11:35.549Z","In hand","Research",,,
5,"walk","right","soft",727.08,727.675,726.745,727.36,3614.705,3615.3,3614.37,3614.985,1.2125,63.0397,0.77,0.775,0.74,0.77,0.445,0.41,0.5,0.445,196.3555,211.0377,132.3754,129.0541,63.1148,65.9574,59.3186,63.7681,,,,,,,-0.285,-23.5052,-0.28,-23.0928,0.335,27.6289,0.315,25.9794,77.2952,74.7906,63.1435,59.0594,15.5867,12.9947,21.5187,17.8599,34.7649,33.0788,28.2636,27.0183,-42.5303,-41.7118,-34.8799,-32.0412,1.7739,9.5523,10.3112,11.9036,-13.8128,-3.4425,-11.2075,-5.9563,,,0.2116,58.7593,26.2923,-0.6687,15.153,4.2219,-0.2191,-22.0024,0.0657,,,,,,195.0517,49.1514,102.6163,,,,"Duque","","N/A","2008-01-01T00:00:00.000Z","Bay","Gelding","PRE horse (Pura Raza Espanola) - Andalusier","Dressage","","20260119T121135_logfile.itlog","2026-01-19T19:11:35.549Z","In hand","Research",,,
5,"walk","right","soft",728.305,728.84,728,728.56,3615.93,3616.465,3615.625,3616.185,1.1863,61.5344,0.715,0.79,0.685,0.73,0.455,0.39,0.515,0.43,174.3013,221.6559,133.5351,126.0018,61.1111,65.6965,57.2025,62.1277,,,,,,,-0.325,-27.3973,-0.255,-21.4963,0.305,25.7113,0.28,23.6038,80.1934,73.9218,63.5527,58.5807,15.6989,16.8164,19.4801,19.8401,35.256,33.2379,30.3463,27.7686,-44.9374,-40.6839,-33.2064,-30.812,2.457,9.1284,9.9476,13.6593,-13.242,-7.688,-9.5325,-6.1809,,,-0.3168,11.2865,57.2745,-0.4084,11.6101,8.6628,-0.2106,-31.8351,-14.3459,,,,,,163.8325,,97.3802,,,,"Duque","","N/A","2008-01-01T00:00:00.000Z","Bay","Gelding","PRE horse (Pura Raza Espanola) - Andalusier","Dressage","","20260119T121135_logfile.itlog","2026-01-19T19:11:35.549Z","In hand","Research",,,
5,"walk","right","soft",729.475,730.065,729.195,729.75,3617.1,3617.69,3616.82,3617.375,1.2025,61.8107,0.765,0.8,0.665,0.745,0.455,0.435,0.51,0.46,185.3261,194.4249,135.147,115.2648,62.8337,65.9794,56.4756,61.9543,,,,,,,-0.355,-29.5218,-0.275,-22.869,0.28,23.2848,0.315,26.1954,78.1458,71.2978,63.5107,59.6598,8.4546,17.7816,9.962,15.9686,34.8582,35.2202,31.3776,28.0987,-43.2876,-36.0776,-32.1331,-31.5611,1.845,12.9829,5.7105,11.2766,-6.6096,-4.7987,-4.2515,-4.6921,,,0.0995,10.6416,-4.7963,-0.2905,3.6179,17.5203,-0.2808,-32.6106,-7.7879,,,,,,155.5075,,103.0137,,,,"Duque","","N/A","2008-01-01T00:00:00.000Z","Bay","Gelding","PRE horse (Pura Raza Espanola) - Andalusier","Dressage","","20260119T121135_logfile.itlog","2026-01-19T19:11:35.549Z","In hand","Research",,,
5,"walk","right","soft",730.69,731.255,730.375,730.95,3618.315,3618.88,3618,3618.575,1.2369,62.5323,0.78,0.835,0.7,0.78,0.45,0.39,0.515,0.455,183.7692,198.7762,125.7854,121.5595,63.4146,67.0683,57.4949,62.1514,,,,,,,-0.31,-25.0632,-0.26,-21.0207,0.315,25.4674,0.305,24.6589,78.5949,76.4043,62.0825,53.0021,16.1863,16.1529,19.1129,22.3866,36.3673,37.1704,30.61,24.2186,-42.2277,-39.2339,-31.4724,-28.7835,2.7169,11.0441,10.2414,13.6136,-13.4694,-5.1088,-8.8715,-8.773,,,0.0229,32.526,29.641,-0.5527,5.5264,,-0.1357,-22.9014,-10.2736,,,,,,155.5431,50.4159,103.3417,,,,"Duque","","N/A","2008-01-01T00:00:00.000Z","Bay","Gelding","PRE horse (Pura Raza Espanola) - Andalusier","Dressage","","20260119T121135_logfile.itlog","2026-01-19T19:11:35.549Z","In hand","Research",,,
5,"walk","right","soft",731.92,732.52,731.595,732.225,3619.545,3620.145,3619.22,3619.85,1.2112,62.0366,0.765,0.795,0.715,0.73,0.45,0.43,0.52,0.495,184.7578,195.7006,123.0932,113.0305,62.449,65.9751,58.2485,61.4737,,,,,,,-0.34,-28.0702,-0.305,-25.1806,0.325,26.8318,0.295,24.355,76.4555,74.9976,60.4475,57.0502,14.2899,12.3554,16.4954,15.8264,31.4596,33.7652,27.4005,29.8643,-44.9959,-41.2324,-33.047,-27.1859,1.7357,8.9888,6.9517,10.4522,-12.5541,-3.3666,-9.5437,-5.3742,,,0.432,,5.7411,-0.6115,6.138,14.625,-0.2892,-31.364,-3.1502,,,,,,166.2233,41.8529,101.8651,,,,"Duque","","N/A","2008-01-01T00:00:00.000Z","Bay","Gelding","PRE horse (Pura Raza Espanola) - Andalusier","Dressage","","20260119T121135_logfile.itlog","2026-01-19T19:11:35.549Z","In hand","Research",,,
5,"walk","right","soft",733.155,733.705,732.815,733.375,3620.78,3621.33,3620.44,3621,1.1844,62.1452,0.74,0.79,0.66,0.755,0.47,0.39,0.505,0.42,185.3872,211.9993,126.067,135.4065,62.9787,66.5263,56.29,62.7859,,,,,,,-0.295,-24.9077,-0.22,-18.5752,0.34,28.7071,0.33,27.8628,73.8683,77.9261,61.9423,56.8182,15.7713,15.157,16.833,20.1453,33.8792,37.9022,31.185,27.3094,-39.9891,-40.0238,-30.7573,-29.5088,3.9198,9.2272,9.6633,12.5178,-11.8515,-5.9298,-7.1698,-7.6275,,,0.1797,32.1837,8.0198,-0.6821,3.0418,,-0.1557,-25.637,-12.1486,,,,,,146.6927,42.2737,103.8425,,,,"Duque","","N/A","2008-01-01T00:00:00.000Z","Bay","Gelding","PRE horse (Pura Raza Espanola) - Andalusier","Dressage","","20260119T121135_logfile.itlog","2026-01-19T19:11:35.549Z","In hand","Research",,,
5,"walk","right","soft",734.295,734.9,733.995,734.605,3621.92,3622.525,3621.62,3622.23,1.2144,62.6408,0.765,0.8,0.715,0.76,0.4,0.405,0.52,0.475,193.0441,212.3951,123.7408,119.4525,63.6175,66.8058,57.2,62.94,,,,,,,-0.29,-23.8806,-0.31,-25.5275,0.3,24.7041,0.295,24.2923,81.7594,74.5902,63.4747,55.8667,11.3128,13.7734,7.456,14.0586,36.053,34.6866,30.1327,25.8539,-45.7064,-39.9036,-33.342,-30.0127,2.1652,10.0391,4.1109,10.0836,-9.1476,-3.7343,-3.3451,-3.9749,,,0.1049,40.9287,27.6008,-0.5101,12.9528,5.0124,-0.0801,-20.4219,-13.417,,,,,,163.5783,52.9389,100.9102,,,,"Duque","","N/A","2008-01-01T00:00:00.000Z","Bay","Gelding","PRE horse (Pura Raza Espanola) - Andalusier","Dressage","","20260119T121135_logfile.itlog","2026-01-19T19:11:35.549Z","In hand","Research",,,
5,"walk","right","soft",735.535,736.09,735.26,735.785,3623.16,3623.715,3622.885,3623.41,1.1606,61.2897,0.74,0.75,0.635,0.72,0.475,0.39,0.55,0.42,186.9324,216.1759,114.5617,130.8021,62.845,65.2174,54.6237,62.4729,,,,,,,-0.36,-31.0178,-0.25,-21.5401,0.275,23.6941,0.305,26.2789,79.0175,75.6828,64.5923,60.4155,15.3891,13.8391,13.3019,19.4857,36.3427,35.4759,32.4501,30.9976,-42.6748,-40.2069,-32.1422,-29.4179,3.6079,9.4673,6.907,14.1767,-11.7812,-4.3719,-6.3949,-5.309,,,0.4802,63.7318,-21.3138,-0.4457,6.1307,17.829,-0.1893,-27.8143,-11.3885,,,,,,180.4711,51.246,99.0172,,,,"Duque","","N/A","2008-01-01T00:00:00.000Z","Bay","Gelding","PRE horse (Pura Raza Espanola) - Andalusier","Dressage","","20260119T121135_logfile.itlog","2026-01-19T19:11:35.549Z","In hand","Research",,,
5,"walk","right","soft",736.675,737.25,736.4,736.95,3624.3,3624.875,3624.025,3624.575,1.2013,63.0851,0.765,0.83,0.665,0.775,0.4,0.41,0.505,0.445,204.4961,210.9171,131.7188,130.8904,64.1509,66.9355,57.2043,64.0496,,,,,,,-0.31,-25.8065,-0.275,-22.8928,0.275,22.8928,0.3,24.974,78.8348,72.3702,61.6033,53.9837,13.3242,10.5029,16.3091,15.1456,34.1637,33.2616,30.3591,26.5272,-44.6711,-39.1087,-31.2442,-27.4565,2.7423,8.91,9.146,10.858,-10.5819,-1.5928,-7.1631,-4.2875,,,0.1527,41.1924,20.2044,0.1033,-5.2462,8.8613,-0.1457,-18.393,-4.0381,,,,,,157.6667,42.4391,102.5622,,,,"Duque","","N/A","2008-01-01T00:00:00.000Z","Bay","Gelding","PRE horse (Pura Raza Espanola) - Andalusier","Dressage","","20260119T121135_logfile.itlog","2026-01-19T19:11:35.549Z","In hand","Research",,,
5,"walk","right","soft",737.895,738.49,737.555,738.15,3625.52,3626.115,3625.18,3625.775,1.2494,63.8396,0.79,0.82,0.745,0.835,0.455,0.41,0.49,0.425,190.5372,196.2811,126.7841,128.1838,62.9482,66.8024,59.6,66.0079,,,,,,,-0.305,-24.4122,-0.255,-20.4102,0.34,27.2136,0.34,27.2136,78.2096,73.9107,62.5785,55.2465,16.9139,13.189,13.9586,14.336,34.8099,34.2217,29.0851,26.0483,-43.3997,-39.6891,-33.4933,-29.1982,4.9991,9.0134,5.8733,9.9089,-11.9148,-4.1757,-8.0853,-4.4271,,,0.0313,41.4668,37.7843,-0.0636,-1.7483,3.0445,-0.1974,-30.2364,-13.7489,,,,,,168.2666,31.1711,97.2802,,,,"Duque","","N/A","2008-01-01T00:00:00.000Z","Bay","Gelding","PRE horse (Pura Raza Espanola) - Andalusier","Dressage","","20260119T121135_logfile.itlog","2026-01-19T19:11:35.549Z","In hand","Research",,,
5,"walk","right","soft",739.16,739.715,738.82,739.42,3626.785,3627.34,3626.445,3627.045,1.2256,63.3377,0.77,0.83,0.73,0.775,0.475,0.405,0.52,0.435,180.2064,208.1345,123.2578,124.036,62.7291,67.3428,59.2292,64.0496,,,,,,,-0.33,-26.925,-0.26,-21.2137,0.34,27.7409,0.295,24.0694,78.1527,74.8559,60.4176,57.8032,13.1107,16.5736,16.1171,16.4881,36.3082,35.3282,28.8741,28.4559,-41.8445,-39.5277,-31.5435,-29.3473,4.333,11.893,7.9934,11.0677,-8.7777,-4.6805,-8.1237,-5.4203,,,0.0846,48.2742,36.7544,-0.1768,-0.3807,-0.8444,-0.0255,-13.5553,-11.7195,,,,,,172.9233,39.2731,83.623,,,,"Duque","","N/A","2008-01-01T00:00:00.000Z","Bay","Gelding","PRE horse (Pura Raza Espanola) - Andalusier","Dressage","","20260119T121135_logfile.itlog","2026-01-19T19:11:35.549Z","In hand","Research",,,
5,"walk","right","soft",740.37,740.945,740.035,740.63,3627.995,3628.57,3627.66,3628.255,1.1825,63.3344,0.755,0.78,0.71,0.75,0.44,0.4,0.485,0.435,189.599,214.4031,128.0556,131.2676,63.9831,65.9619,59.2902,64.1026,,,,,,,-0.32,-27.0613,-0.26,-21.9873,0.335,28.3298,0.315,26.6385,80.2589,75.0659,63.0296,56.013,17.8082,10.8086,23.8946,16.7351,35.0904,35.1219,30.1513,26.6493,-45.1685,-39.944,-32.8783,-29.3637,3.0335,8.5005,11.2731,12.41,-14.7748,-2.3081,-12.6215,-4.3251,,,0.0633,34.1782,26.2112,-0.422,4.8923,14.8337,-0.3788,,-5.2823,,,,,,162.7105,43.7881,102.1964,,,,"Duque","","N/A","2008-01-01T00:00:00.000Z","Bay","Gelding","PRE horse (Pura Raza Espanola) - Andalusier","Dressage","","20260119T121135_logfile.itlog","2026-01-19T19:11:35.549Z","In hand","Research",,,
5,"walk","right","soft",741.535,742.13,741.235,741.785,3629.16,3629.755,3628.86,3629.41,1.2037,63.7221,0.79,0.795,0.69,0.795,0.41,0.405,0.49,0.405,202.001,209.065,130.2002,133.163,65.2893,65.7025,58.5987,65.2977,,,,,,,-0.29,-24.0914,-0.25,-20.7684,0.3,24.9221,0.345,28.6604,79.0945,73.6053,62.4025,56.8737,15.8357,11.2295,23.2141,18.7395,33.4918,33.303,30.5224,28.3081,-45.6027,-40.3023,-31.8802,-28.5656,5.4473,8.0072,10.9843,13.4714,-10.3884,-3.2222,-12.2298,-5.2682,,,-0.2441,2.6624,37.0987,-0.0673,2.806,6.5485,-0.1315,-20.4798,-9.5874,,,,,,147.2606,41.6402,92.405,,,,"Duque","","N/A","2008-01-01T00:00:00.000Z","Bay","Gelding","PRE horse (Pura Raza Espanola) - Andalusier","Dressage","","20260119T121135_logfile.itlog","2026-01-19T19:11:35.549Z","In hand","Research",,,
5,"walk","right","soft",742.755,743.35,742.41,743.02,3630.38,3630.975,3630.035,3630.645,1.2519,63.6879,0.775,0.82,0.76,0.835,0.43,0.425,0.485,0.44,191.5954,198.8065,137.6214,119.6104,63.2653,64.6943,61.0442,65.748,,,,,,,-0.28,-22.3665,-0.265,-21.1682,0.345,27.5587,0.33,26.3605,73.9569,75.1935,63.2316,55.1648,16.9057,12.9341,11.7073,12.3184,29.1991,32.4986,30.8046,25.5185,-44.7578,-42.6949,-32.427,-29.6464,0.8052,7.8099,5.0941,7.6136,-16.1005,-5.1242,-6.6132,-4.7048,,,-0.1379,-3.5161,14.4563,-0.1392,0.7659,-3.9577,-0.0346,-2.8965,-0.2556,,,,,,139.1434,39.2128,76.5226,,,,"Duque","","N/A","2008-01-01T00:00:00.000Z","Bay","Gelding","PRE horse (Pura Raza Espanola) - Andalusier","Dressage","","20260119T121135_logfile.itlog","2026-01-19T19:11:35.549Z","In hand","Research",,,
5,"walk","right","soft",744,744.64,743.655,744.285,3631.625,3632.265,3631.28,3631.91,1.2694,64.3019,0.82,0.835,0.785,0.825,0.47,0.47,0.485,0.43,176.8744,194.9728,135.3126,122.6203,63.6893,65.362,62.5498,65.6064,,,,,,,-0.305,-24.0276,-0.285,-22.452,0.345,27.1787,0.355,27.9665,82.574,74.1952,64.482,60.1366,9.7527,16.9816,9.8253,9.9865,33.9511,32.947,31.6406,30.0709,-48.6229,-41.2482,-32.8414,-30.0657,3.2755,12.6164,4.1108,8.0049,-6.4772,-4.3652,-5.7145,-1.9816,,,-0.1343,14.375,31.5503,-0.4033,7.1421,8.5399,-0.1604,-14.9696,-3.4561,,,,,,142.2474,42.6687,75.7518,,,,"Duque","","N/A","2008-01-01T00:00:00.000Z","Bay","Gelding","PRE horse (Pura Raza Espanola) - Andalusier","Dressage","","20260119T121135_logfile.itlog","2026-01-19T19:11:35.549Z","In hand","Research",,,
5,"walk","right","soft",745.285,745.89,744.895,745.545,3632.91,3633.515,3632.52,3633.17,1.2713,64.6151,0.795,0.845,0.81,0.835,0.465,0.415,0.455,0.435,191.8363,204.3161,143.4421,133.6662,62.5984,67.0635,62.7907,66.0079,,,,,,,-0.255,-20.059,-0.26,-20.4523,0.39,30.6785,0.345,27.1386,78.6633,77.4253,62.2378,55.889,20.5985,11.6436,23.2303,17.6099,35.028,35.8899,30.1128,27.4351,-43.6352,-41.5354,-32.1251,-28.4539,0.51,9.2087,11.665,12.5895,-20.0885,-2.4349,-11.5653,-5.0204,,,0.0765,30.4041,21.0093,-0.4431,-4.7804,,-0.2826,-23.4418,0.1369,,,,,,151.9047,42.6693,83.819,,,,"Duque","","N/A","2008-01-01T00:00:00.000Z","Bay","Gelding","PRE horse (Pura Raza Espanola) - Andalusier","Dressage","","20260119T121135_logfile.itlog","2026-01-19T19:11:35.549Z","In hand","Research",,,
5,"walk","right","soft",746.565,747.15,746.21,746.805,3634.19,3634.775,3633.835,3634.43,1.2556,63.2259,0.795,0.795,0.755,0.83,0.485,0.415,0.505,0.425,185.6147,214.2205,133.2506,123.8576,63.2207,64.1129,59.5661,66.004,,,,,,,-0.32,-25.4853,-0.24,-19.114,0.355,28.2728,0.345,27.4764,73.1364,69.409,64.1105,58.4932,12.3545,11.8302,16.8321,12.205,29.5393,28.4532,31.3994,28.9821,-43.5971,-40.9558,-32.7111,-29.5111,4.3204,6.0375,7.8699,8.8378,-8.0342,-5.7927,-8.9623,-3.3672,,,-0.031,27.1919,30.9873,-0.3316,-2.9933,14.0799,-0.252,-21.3322,-0.8928,,,,,,151.3026,38.8609,83.4877,,,,"Duque","","N/A","2008-01-01T00:00:00.000Z","Bay","Gelding","PRE horse (Pura Raza Espanola) - Andalusier","Dressage","","20260119T121135_logfile.itlog","2026-01-19T19:11:35.549Z","In hand","Research",,,
5,"walk","right","soft",747.8,748.42,747.485,748.065,3635.425,3636.045,3635.11,3635.69,1.265,63.2931,0.815,0.845,0.705,0.84,0.44,0.475,0.52,0.43,186.3717,178.069,128.5904,127.5062,65.5936,65.251,57.085,65.2427,,,,,,,-0.335,-26.4822,-0.265,-20.9486,0.315,24.9012,0.355,28.0632,77.2505,72.4691,62.4926,51.9634,14.6552,9.208,9.2432,13.4593,33.6921,35.3127,31.1204,23.6798,-43.5585,-37.1564,-31.3722,-28.2836,-0.4284,8.8959,5.0021,8.2626,-15.0836,-0.3121,-4.2411,-5.1968,,,-0.2979,-17.7839,25.8307,0.0404,-4.3976,11.6179,-0.2492,-25.4209,-5.5462,,,,,,146.4164,39.4378,89.3137,,,,"Duque","","N/A","2008-01-01T00:00:00.000Z","Bay","Gelding","PRE horse (Pura Raza Espanola) - Andalusier","Dressage","","20260119T121135_logfile.itlog","2026-01-19T19:11:35.549Z","In hand","Research",,,
5,"walk","right","soft",749.03,749.69,748.73,749.37,3636.655,3637.315,3636.355,3636.995,1.2625,63.7767,0.845,0.815,0.77,0.79,0.415,0.425,0.54,0.465,199.2935,189.9522,115.6665,113.1776,66.0156,65.3307,59.9222,63.8384,,,,,,,-0.31,-24.5545,-0.34,-26.9307,0.3,23.7624,0.32,25.3465,82.9335,71.692,56.8467,55.7475,17.8108,16.4643,21.0318,16.7583,34.877,32.5457,27.2391,28.1725,-48.0565,-39.1463,-29.6076,-27.575,3.1381,11.7637,11.2512,11.571,-14.6727,-4.7006,-9.7806,-5.1873,,,0.0696,26.8963,17.9425,-0.4069,2.2287,4.3805,-0.0612,-16.3129,-11.8785,,,,,,147.1109,35.8064,84.3506,,,,"Duque","","N/A","2008-01-01T00:00:00.000Z","Bay","Gelding","PRE horse (Pura Raza Espanola) - Andalusier","Dressage","","20260119T121135_logfile.itlog","2026-01-19T19:11:35.549Z","In hand","Research",,,
5,"walk","right","soft",750.33,750.945,749.99,750.59,3637.955,3638.57,3637.615,3638.215,1.2156,62.8451,0.79,0.78,0.72,0.765,0.455,0.44,0.49,0.43,203.8607,189.7248,123.654,125.0281,64.3585,65,58.5366,63.4855,,,,,,,-0.3,-24.6787,-0.26,-21.3882,0.34,27.9692,0.355,29.2031,79.4068,77.9238,66.1608,60.6011,17.7678,16.008,17.214,20.7035,32.7622,37.0883,33.8642,29.2621,-46.6446,-40.8355,-32.2966,-31.3389,3.4945,9.9066,9.5572,13.3978,-14.2733,-6.1015,-7.6568,-7.3057,,,0.3658,68.3102,10.001,0.0735,-11.1384,12.0467,-0.3197,-34.464,-10.4441,,,,,,187.4473,41.3226,96.645,,,,"Duque","","N/A","2008-01-01T00:00:00.000Z","Bay","Gelding","PRE horse (Pura Raza Espanola) - Andalusier","Dressage","","20260119T121135_logfile.itlog","2026-01-19T19:11:35.549Z","In hand","Research",,,
5,"walk","right","soft",751.54,752.125,751.24,751.805,3639.165,3639.75,3638.865,3639.43,1.2081,62.4987,0.75,0.805,0.69,0.775,0.42,0.4,0.53,0.45,205.1217,221.548,128.1406,129.9948,63.4249,66.2551,56.7901,63.5246,,,,,,,-0.295,-24.418,-0.265,-21.9348,0.3,24.8319,0.32,26.4873,78.3129,74.7079,64.2041,58.3254,15.886,10.894,19.1469,18.8598,35.2842,34.2099,31.9091,27.4784,-43.0287,-40.498,-32.295,-30.847,-0.0657,7.8691,10.3039,13.0845,-15.9517,-3.0249,-8.843,-5.7753,,,0.1211,47.1985,28.6213,-0.6446,9.6991,15.2244,-0.2887,-31.6757,0.5107,,,,,,181.9727,45.1453,114.338,,,,"Duque","","N/A","2008-01-01T00:00:00.000Z","Bay","Gelding","PRE horse (Pura Raza Espanola) - Andalusier","Dressage","","20260119T121135_logfile.itlog","2026-01-19T19:11:35.549Z","In hand","Research",,,
5,"walk","right","soft",752.735,753.35,752.45,753.02,3640.36,3640.975,3640.075,3640.645,1.23,62.6904,0.775,0.82,0.7,0.79,0.445,0.42,0.52,0.44,192.7247,203.625,128.1034,120.8752,63.1365,66.6667,57.377,63.5815,,,,,,,-0.325,-26.4228,-0.285,-23.1707,0.285,23.1707,0.33,26.8293,74.3487,72.1198,65.0445,57.6127,13.7385,11.8824,17.3902,17.4085,30.0975,33.4847,33.327,28.1207,-44.2512,-38.6351,-31.7175,-29.492,2.4229,8.3664,9.6794,12.1954,-11.3156,-3.5161,-7.7108,-5.2131,,,0.047,45.3738,39.8013,-0.5021,7.6312,15.0184,-0.1866,-31.3504,-15.1608,,,,,,161.0286,45.0826,101.9421,,,,"Duque","","N/A","2008-01-01T00:00:00.000Z","Bay","Gelding","PRE horse (Pura Raza Espanola) - Andalusier","Dressage","","20260119T121135_logfile.itlog","2026-01-19T19:11:35.549Z","In hand","Research",,,
5,"walk","right","soft",753.97,754.57,753.67,754.275,3641.595,3642.195,3641.295,3641.9,1.2475,63.0449,0.81,0.84,0.715,0.78,0.46,0.4,0.52,0.465,186.9044,200.1216,127.4779,113.8872,63.9053,68.0162,56.9721,63.286,,,,,,,-0.32,-25.6513,-0.305,-24.4489,0.3,24.0481,0.295,23.6473,73.5124,71.8962,63.4143,60.1023,14.4487,14.7106,9.1743,12.4483,30.5484,33.7202,31.3467,30.4795,-42.964,-38.176,-32.0676,-29.6228,4.4404,10.3285,6.4952,9.0622,-10.0083,-4.3821,-2.6791,-3.3862,,,0.0698,49.0931,39.9943,-0.3698,3.4547,14.3462,0.0148,-11.752,-12.928,,,,,,174.6277,44.5685,91.4599,,,,"Duque","","N/A","2008-01-01T00:00:00.000Z","Bay","Gelding","PRE horse (Pura Raza Espanola) - Andalusier","Dressage","","20260119T121135_logfile.itlog","2026-01-19T19:11:35.549Z","In hand","Research",,,
5,"walk","right","soft",755.235,755.8,754.945,755.495,3642.86,3643.425,3642.57,3643.12,1.2331,62.4567,0.755,0.84,0.69,0.795,0.455,0.39,0.56,0.44,178.865,199.854,110.7414,129.5703,62.1399,67.7419,55.3106,64.6341,,,,,,,-0.375,-30.4105,-0.26,-21.0846,0.29,23.5175,0.305,24.7339,80.0977,76.2022,62.2825,52.5983,14.9309,14.969,9.7505,17.6444,37.4095,35.9318,31.3655,23.4224,-42.6882,-40.2704,-30.917,-29.1758,2.0933,10.5755,5.0403,12.1642,-12.8375,-4.3935,-4.7102,-5.4803,,,0.2856,22.6351,-19.221,-0.5501,11.5051,10.3553,-0.1888,-22.4082,-4.9334,,,,,,160.6937,43.4012,97.4999,,,,"Duque","","N/A","2008-01-01T00:00:00.000Z","Bay","Gelding","PRE horse (Pura Raza Espanola) - Andalusier","Dressage","","20260119T121135_logfile.itlog","2026-01-19T19:11:35.549Z","In hand","Research",,,
5,"walk","right","soft",756.455,757.05,756.19,756.72,3644.08,3644.675,3643.815,3644.345,1.2006,62.486,0.775,0.775,0.675,0.775,0.465,0.41,0.555,0.43,187.252,206.9012,114.1506,118.5544,62.753,65.678,56.25,65.2632,,,,,,,-0.39,-32.4831,-0.265,-22.0718,0.265,22.0718,0.33,27.4857,86.7553,79.1712,62.3618,60.2147,13.3122,16.4474,17.8326,19.6765,38.2016,35.7862,31.8822,29.0424,-48.5537,-43.385,-30.4796,-31.1723,3.1415,10.8574,9.2502,13.9054,-10.1707,-5.59,-8.5825,-5.7712,,,0.4122,29.066,-38.3769,-0.0303,-0.4655,5.4957,-0.2623,-29.8188,-5.7836,,,,,,163.6173,39.0145,102.9673,,,,"Duque","","N/A","2008-01-01T00:00:00.000Z","Bay","Gelding","PRE horse (Pura Raza Espanola) - Andalusier","Dressage","","20260119T121135_logfile.itlog","2026-01-19T19:11:35.549Z","In hand","Research",,,
5,"walk","right","soft",757.685,758.225,757.36,757.89,3645.31,3645.85,3644.985,3645.515,1.1719,62.0311,0.7,0.79,0.655,0.765,0.455,0.4,0.495,0.395,205.0263,226.3389,126.7824,141.6974,60.4752,66.1088,56.71,64.8305,,,,,,,-0.31,-26.4533,-0.205,-17.4933,0.325,27.7333,0.335,28.5867,80.9413,73.3983,64.5659,59.5681,17.0546,12.014,20.6354,17.3387,35.5593,32.6767,30.9161,29.1069,-45.382,-40.7216,-33.6498,-30.4612,3.4961,8.0577,10.9649,12.7312,-13.5585,-3.9564,-9.6705,-4.6075,,,-0.0292,29.4824,33.5587,0.0901,-6.1831,5.5508,-0.1169,-26.257,-16.2683,,,,,,169.0914,33.8153,102.2158,,,,"Duque","","N/A","2008-01-01T00:00:00.000Z","Bay","Gelding","PRE horse (Pura Raza Espanola) - Andalusier","Dressage","","20260119T121135_logfile.itlog","2026-01-19T19:11:35.549Z","In hand","Research",,,
5,"walk","right","soft",758.845,759.425,758.52,759.09,3646.47,3647.05,3646.145,3646.715,1.2125,63.0752,0.755,0.81,0.705,0.79,0.46,0.41,0.505,0.435,194.7727,205.0334,132.4237,127.6499,62.1399,66.6667,58.8727,64.6217,,,,,,,-0.295,-24.3299,-0.245,-20.2062,0.325,26.8041,0.335,27.6289,81.6302,76.9659,59.3765,57.7613,11.8603,12.4427,15.5976,15.2137,37.4438,37.1725,26.2908,27.703,-44.1864,-39.7934,-33.0857,-30.0583,3.552,9.3912,7.8392,10.4551,-8.3083,-3.0515,-7.7584,-4.7586,,,0.0625,38.7182,30.4269,-0.5012,7.5446,6.4944,-0.0854,-16.2502,-8.3744,,,,,,167.8403,36.5329,100.5947,,,,"Duque","","N/A","2008-01-01T00:00:00.000Z","Bay","Gelding","PRE horse (Pura Raza Espanola) - Andalusier","Dressage","","20260119T121135_logfile.itlog","2026-01-19T19:11:35.549Z","In hand","Research",,,
5,"walk","right","soft",760.06,760.635,759.705,760.31,3647.685,3648.26,3647.33,3647.935,1.2169,63.1057,0.765,0.8,0.73,0.775,0.46,0.4,0.48,0.43,185.8176,212.3814,125.2944,130.2976,63.0928,66.5281,58.7525,64.0496,,,,,,,-0.28,-23.0098,-0.25,-20.5444,0.355,29.1731,0.325,26.7078,76.7634,70.8825,64.5682,58.8002,13.283,14.0331,10.1516,16.9865,32.7011,32.2706,28.9078,27.9338,-44.0623,-38.6119,-35.6604,-30.8664,4.793,10.0937,5.6311,10.6049,-8.49,-3.9394,-4.5205,-6.3816,,,0.0613,48.5402,40.4715,-0.4015,7.8278,9.6885,-0.1907,-28.1569,-10.1462,,,,,,172.2013,37.8826,106.5129,,,,"Duque","","N/A","2008-01-01T00:00:00.000Z","Bay","Gelding","PRE horse (Pura Raza Espanola) - Andalusier","Dressage","","20260119T121135_logfile.itlog","2026-01-19T19:11:35.549Z","In hand","Research",,,
5,"walk","right","soft",761.26,761.84,760.98,761.525,3648.885,3649.465,3648.605,3649.15,1.2312,63.0733,0.785,0.84,0.675,0.81,0.435,0.405,0.545,0.44,189.7959,196.8564,123.4549,129.1095,64.0816,67.0659,56.6038,64.5418,,,,,,,-0.345,-28.0203,-0.265,-21.5228,0.28,22.7411,0.315,25.5838,77.4887,76.971,64.2605,53.7409,11.7133,14.2075,15.2402,17.7916,35.1157,38.234,33.4882,23.8783,-42.373,-38.737,-30.7722,-29.8625,3.1689,10.5754,7.957,11.3838,-8.5444,-3.6321,-7.2833,-6.4077,,,0.4771,41.4304,-35.2289,-0.4793,10.2203,3.9676,-0.1044,-17.1565,-7.3599,,,,,,162.724,43.8414,101.2011,,,,"Duque","","N/A","2008-01-01T00:00:00.000Z","Bay","Gelding","PRE horse (Pura Raza Espanola) - Andalusier","Dressage","","20260119T121135_logfile.itlog","2026-01-19T19:11:35.549Z","In hand","Research",,,
5,"walk","right","soft",762.49,763.1,762.145,762.785,3650.115,3650.725,3649.77,3650.41,1.2413,63.1603,0.78,0.805,0.765,0.785,0.445,0.42,0.49,0.45,189.4959,205.1271,131.5948,116.6906,62.9032,65.1822,60.4743,64.0816,,,,,,,-0.305,-24.572,-0.295,-23.7664,0.345,27.7946,0.315,25.3776,77.8808,71.5361,62.8125,56.2691,14.0157,13.5108,17.5115,15.7229,32.3456,31.6868,28.6432,26.2109,-45.5352,-39.8493,-34.1693,-30.0582,2.1133,9.2546,8.8988,11.6143,-11.9023,-4.2562,-8.6127,-4.1086,,,0.1415,50.2053,30.6145,-0.2776,1.7973,10.0032,-0.1941,-22.975,-5.4968,,,,,,169.0434,43.8406,95.5574,,,,"Duque","","N/A","2008-01-01T00:00:00.000Z","Bay","Gelding","PRE horse (Pura Raza Espanola) - Andalusier","Dressage","","20260119T121135_logfile.itlog","2026-01-19T19:11:35.549Z","In hand","Research",,,
5,"walk","right","soft",763.745,764.345,763.42,764,3651.37,3651.97,3651.045,3651.625,1.235,62.5566,0.775,0.79,0.72,0.805,0.475,0.44,0.51,0.43,184.1342,189.8126,121.4948,130.7136,63.1365,64.7541,58.0645,64.2715,,,,,,,-0.32,-25.9109,-0.255,-20.6478,0.325,26.3158,0.345,27.9352,79.8049,72.7107,64.1324,55.1607,15.2286,13.8761,13.5221,17.8961,34.2916,34.2158,31.4267,25.3251,-45.5132,-38.4949,-32.7057,-29.8356,1.05,8.8967,6.259,11.6755,-14.1786,-4.9795,-7.263,-6.2206,,,0.0662,29.8872,20.6731,-0.3669,6.4943,7.6026,-0.2354,-28.0673,-6.7047,,,,,,163.4335,39.1765,98.4007,,,,"Duque","","N/A","2008-01-01T00:00:00.000Z","Bay","Gelding","PRE horse (Pura Raza Espanola) - Andalusier","Dressage","","20260119T121135_logfile.itlog","2026-01-19T19:11:35.549Z","In hand","Research",,,
5,"walk","right","soft",764.95,765.555,764.67,765.27,3652.575,3653.18,3652.295,3652.895,1.1963,62.3909,0.785,0.78,0.69,0.73,0.43,0.42,0.53,0.465,198.1409,200.0949,124.224,116.4753,64.6091,65.6842,57.1429,62.1277,,,,,,,-0.325,-27.1682,-0.32,-26.7503,0.28,23.4065,0.285,23.8245,80.82,73.4375,65.9875,56.8021,9.8121,10.3461,15.804,16.1624,35.644,32.0333,34.6339,27.9957,-45.176,-41.4042,-31.3535,-28.8064,2.3669,7.7992,8.7051,11.4009,-7.4452,-2.5469,-7.0989,-4.7615,,,0.051,40.9452,33.595,-0.4436,12.7518,6.3597,-0.2358,-28.9227,-8.5156,,,,,,179.8148,52.3545,95.0552,,,,"Duque","","N/A","2008-01-01T00:00:00.000Z","Bay","Gelding","PRE horse (Pura Raza Espanola) - Andalusier","Dressage","","20260119T121135_logfile.itlog","2026-01-19T19:11:35.549Z","In hand","Research",,,
5,"walk","right","soft",766.165,766.73,765.865,766.425,3653.79,3654.355,3653.49,3654.05,1.19,62.3813,0.735,0.785,0.69,0.76,0.43,0.395,0.505,0.425,197.753,211.8891,130.4939,129.102,62.4204,65.1452,58.2278,63.7317,,,,,,,-0.31,-26.0504,-0.26,-21.8487,0.3,25.2101,0.305,25.6303,82.5158,77.2987,63.9806,55.092,15.5665,11.2357,21.2151,17.7356,35.5796,34.7914,31.7807,25.4576,-46.9361,-42.5073,-32.1999,-29.6344,2.8658,8.2032,10.0011,11.4687,-12.7008,-3.0325,-11.214,-6.2669,,,0.1499,55.1042,34.5086,-0.5218,7.2623,16.1741,-0.2767,-23.3942,3.1413,,,,,,171.8634,53.0418,95.9013,,,,"Duque","","N/A","2008-01-01T00:00:00.000Z","Bay","Gelding","PRE horse (Pura Raza Espanola) - Andalusier","Dressage","","20260119T121135_logfile.itlog","2026-01-19T19:11:35.549Z","In hand","Research",,,
5,"walk","right","soft",767.355,767.96,767.04,767.625,3654.98,3655.585,3654.665,3655.25,1.2356,62.794,0.775,0.8,0.72,0.81,0.455,0.445,0.485,0.44,196.1756,201.1645,141.6845,118.7563,62.8803,64.3863,59.751,64.1584,,,,,,,-0.31,-25.0885,-0.27,-21.8513,0.315,25.4932,0.335,27.1118,83.1193,71.1406,63.3032,55.3888,13.8631,11.6381,14.5439,19.7247,34.9783,32.0067,30.2597,25.7924,-48.141,-39.1339,-33.0435,-29.5963,1.5554,9.0143,7.1707,12.1194,-12.3077,-2.6238,-7.3733,-7.6053,,,-0.0058,22.1351,22.8528,0.2418,-10.7994,8.6902,-0.26,-18.9209,3.3449,,,,,,158.8268,47.3253,86.7299,,,,"Duque","","N/A","2008-01-01T00:00:00.000Z","Bay","Gelding","PRE horse (Pura Raza Espanola) - Andalusier","Dressage","","20260119T121135_logfile.itlog","2026-01-19T19:11:35.549Z","In hand","Research",,,
5,"walk","right","soft",768.59,769.2,768.245,768.9,3656.215,3656.825,3655.87,3656.525,1.2456,63.3262,0.795,0.815,0.775,0.77,0.46,0.44,0.485,0.465,200.2935,193.867,131.1897,117.4932,63.8554,65.0699,61.2648,63.1148,,,,,,,-0.285,-22.8801,-0.31,-24.8871,0.345,27.6969,0.3,24.0843,82.0001,76.5538,62.0856,57.4893,17.713,12.2284,18.9712,13.3844,35.1211,33.4394,28.8358,29.0107,-46.879,-43.1144,-33.2498,-28.4786,1.1657,7.6441,9.0875,11.435,-16.5473,-4.5843,-9.8838,-1.9494,,,-0.1048,34.6646,48.2915,-0.1371,-0.063,1.4222,-0.0797,-14.0526,-8.0914,,,,,,164.6356,39.1737,82.9064,,,,"Duque","","N/A","2008-01-01T00:00:00.000Z","Bay","Gelding","PRE horse (Pura Raza Espanola) - Andalusier","Dressage","","20260119T121135_logfile.itlog","2026-01-19T19:11:35.549Z","In hand","Research",,,
5,"walk","right","soft",769.825,770.45,769.515,770.105,3657.45,3658.075,3657.14,3657.73,1.1969,62.9806,0.785,0.735,0.725,0.77,0.44,0.435,0.495,0.435,207.0672,204.3209,133.0482,123.2311,64.3443,62.955,59.9174,64.7059,,,,,,,-0.315,-26.3185,-0.28,-23.3943,0.31,25.9008,0.345,28.8251,82.13,79.7119,65.4793,62.8162,15.6853,12.9235,13.0749,12.2366,32.7557,35.5897,33.448,30.7285,-49.3743,-44.1222,-32.0313,-32.0877,1.3274,10.1614,6.3437,8.3173,-14.3579,-2.7621,-6.7312,-3.9193,,,0.1735,57.5978,32.3074,-0.1182,-8.1428,17.3778,-0.2926,-24.4934,0.3149,,,,,,178.105,40.1635,90.5875,,,,"Duque","","N/A","2008-01-01T00:00:00.000Z","Bay","Gelding","PRE horse (Pura Raza Espanola) - Andalusier","Dressage","","20260119T121135_logfile.itlog","2026-01-19T19:11:35.549Z","In hand","Research",,,
5,"walk","right","soft",771.04,771.615,770.715,771.28,3658.665,3659.24,3658.34,3658.905,1.2106,63.7861,0.78,0.81,0.71,0.79,0.43,0.43,0.475,0.405,216.5159,221.1727,140.011,144.4351,64.4628,65.8537,59.5388,65.2893,,,,,,,-0.265,-21.8895,-0.24,-19.8245,0.325,26.8456,0.335,27.6717,79.0798,71.2675,63.0697,58.357,13.4861,9.3245,20.9822,17.028,34.5291,31.2139,29.8267,27.8262,-44.5507,-40.0536,-33.243,-30.5309,3.7715,7.9417,10.2099,12.6267,-9.7146,-1.3827,-10.7724,-4.4013,,,0.298,50.042,4.5286,-0.3623,0.0032,10.3694,-0.2178,-20.6764,-0.0069,,,,,,157.2478,30.3624,97.3654,,,,"Duque","","N/A","2008-01-01T00:00:00.000Z","Bay","Gelding","PRE horse (Pura Raza Espanola) - Andalusier","Dressage","","20260119T121135_logfile.itlog","2026-01-19T19:11:35.549Z","In hand","Research",,,
5,"walk","right","soft",772.25,772.835,771.915,772.505,3659.875,3660.46,3659.54,3660.13,1.2431,64.3031,0.805,0.855,0.715,0.825,0.43,0.41,0.49,0.435,194.1659,194.5398,136.03,129.4125,64.9194,67.4556,58.9691,65.8683,,,,,,,-0.3,-24.1327,-0.255,-20.5128,0.335,26.9482,0.33,26.546,78.616,78.3792,64.0821,56.1468,15.1366,15.2406,13.0512,15.6907,35.0253,37.0632,31.4999,26.226,-43.5907,-41.316,-32.5822,-29.9208,2.9379,9.6667,7.5715,10.4271,-12.1987,-5.5739,-5.4796,-5.2636,,,-0.2133,-21.2705,3.9225,-0.2091,0.0557,8.4049,-0.0613,-13.0633,-8.1782,,,,,,142.9228,31.3542,88.4942,,,,"Duque","","N/A","2008-01-01T00:00:00.000Z","Bay","Gelding","PRE horse (Pura Raza Espanola) - Andalusier","Dressage","","20260119T121135_logfile.itlog","2026-01-19T19:11:35.549Z","In hand","Research",,,
5,"walk","right","soft",773.495,774.105,773.135,773.75,3661.12,3661.73,3660.76,3661.375,1.2081,64.2897,0.79,0.76,0.78,0.775,0.44,0.415,0.505,0.42,192.8893,218.0229,126.7176,125.054,64.7541,65.6587,62.0278,64.7182,,,,,,,-0.3,-24.8319,-0.255,-21.1071,0.36,29.7982,0.355,29.3844,83.1691,73.5041,62.0897,61.7444,12.4494,13.9979,18.3704,14.6492,34.5758,32.3113,27.797,28.2258,-48.5933,-41.1928,-34.2927,-33.5186,1.2965,10.1878,8.1436,10.1858,-11.1529,-3.8101,-10.2268,-4.4634,,,0.0468,41.7739,35.1856,-0.2271,1.073,1.5995,-0.0276,-4.9334,-2.5945,,,,,,175.9627,34.8146,87.4384,,,,"Duque","","N/A","2008-01-01T00:00:00.000Z","Bay","Gelding","PRE horse (Pura Raza Espanola) - Andalusier","Dressage","","20260119T121135_logfile.itlog","2026-01-19T19:11:35.549Z","In hand","Research",,,
5,"walk","right","soft",774.705,775.245,774.365,774.95,3662.33,3662.87,3661.99,3662.575,1.1819,63.1203,0.73,0.795,0.705,0.755,0.42,0.38,0.45,0.425,216.6715,220.9127,141.5054,138.6807,62.7957,65.7025,60,63.9831,,,,,,,-0.26,-21.9989,-0.245,-20.7298,0.34,28.7678,0.295,24.9603,80.3414,77.9071,61.5147,56.84,16.2647,17.2318,21.7829,17.0467,36.2298,36.2668,29.4048,27.9818,-44.1116,-41.6404,-32.1099,-28.8582,1.8255,9.9793,10.9676,12.7507,-14.4391,-7.2526,-10.8153,-4.296,,,0.3744,66.4206,5.5001,-0.4331,1.4347,10.7913,-0.1646,-19.9103,-6.288,,,,,,168.199,42.7057,89.7307,,,,"Duque","","N/A","2008-01-01T00:00:00.000Z","Bay","Gelding","PRE horse (Pura Raza Espanola) - Andalusier","Dressage","","20260119T121135_logfile.itlog","2026-01-19T19:11:35.549Z","In hand","Research",,,
5,"walk","right","soft",775.88,776.49,775.56,776.13,3663.505,3664.115,3663.185,3663.755,1.1881,63.1183,0.775,0.755,0.705,0.765,0.445,0.45,0.49,0.425,197.1721,199.2732,132.4733,127.2678,64.4491,64.1189,59.6195,64.2857,,,,,,,-0.315,-26.5124,-0.25,-21.0416,0.32,26.9332,0.36,30.2998,77.9404,75.9418,66.5028,64.3398,14.2578,11.9337,17.4174,13.6233,30.5088,33.4921,32.4243,31.5557,-47.4316,-42.4497,-34.0785,-32.7841,1.1841,8.0057,8.1812,10.1411,-13.0737,-3.928,-9.2362,-3.4822,,,0.2855,45.1963,2.1411,0.2896,-9.2657,11.5116,-0.269,-28.0858,-5.0535,,,,,,180.0999,44.1833,96.5595,,,,"Duque","","N/A","2008-01-01T00:00:00.000Z","Bay","Gelding","PRE horse (Pura Raza Espanola) - Andalusier","Dressage","","20260119T121135_logfile.itlog","2026-01-19T19:11:35.549Z","In hand","Research",,,
5,"walk","right","soft",777.065,777.64,776.73,777.32,3664.69,3665.265,3664.355,3664.945,1.205,63.8149,0.775,0.8,0.715,0.785,0.41,0.395,0.465,0.425,207.3368,216.6338,138.4864,138.2835,65.4008,66.6667,58.8477,64.3443,,,,,,,-0.24,-19.917,-0.255,-21.1618,0.335,27.8008,0.32,26.556,77.4295,70.3384,66.1815,55.8767,15.1753,12.0667,13.0789,17.1672,34.1968,31.2005,29.151,23.8532,-43.2326,-39.1379,-37.0305,-32.0235,2.9443,9.871,6.5281,11.0416,-12.231,-2.1957,-6.5508,-6.1255,,,-0.1158,6.6688,24.6546,-0.6006,7.9317,7.1269,-0.1789,-21.0679,-2.6705,,,,,,162.0059,45.5599,110.0137,,,,"Duque","","N/A","2008-01-01T00:00:00.000Z","Bay","Gelding","PRE horse (Pura Raza Espanola) - Andalusier","Dressage","","20260119T121135_logfile.itlog","2026-01-19T19:11:35.549Z","In hand","Research",,,
5,"walk","right","soft",778.25,778.845,777.98,778.55,3665.875,3666.47,3665.605,3666.175,1.2131,63.1742,0.795,0.81,0.695,0.765,0.41,0.405,0.535,0.445,197.8177,196.715,127.2194,120.6387,65.7025,66.8041,56.9672,63.2231,,,,,,,-0.34,-28.0268,-0.3,-24.7295,0.27,22.2566,0.295,24.3174,77.7623,70.2095,61.851,55.2129,16.7718,10.2083,17.5291,20.4116,31.9995,30.7631,30.4264,24.5569,-45.7628,-39.4464,-31.4246,-30.656,2.197,8.3094,9.3986,13.3584,-14.5749,-1.8989,-8.1305,-7.0532,,,-0.2325,6.3994,40.8359,-0.2746,2.2095,13.0331,-0.0266,-16.2476,-14.0697,,,,,,164.5757,50.8521,95.9064,,,,"Duque","","N/A","2008-01-01T00:00:00.000Z","Bay","Gelding","PRE horse (Pura Raza Espanola) - Andalusier","Dressage","","20260119T121135_logfile.itlog","2026-01-19T19:11:35.549Z","In hand","Research",,,
5,"walk","right","soft",779.465,780.055,779.19,779.76,3667.09,3667.68,3666.815,3667.385,1.2225,62.3886,0.775,0.805,0.71,0.76,0.42,0.4,0.515,0.445,196.273,198.1143,126.1099,115.7493,64.1822,65.4472,57.3737,62.5514,,,,,,,-0.345,-28.2209,-0.295,-24.1309,0.275,22.4949,0.295,24.1309,82.4403,76.9737,62.6163,52.8839,12.8403,15.8804,10.7735,20.6284,34.664,34.5646,30.1405,21.2007,-47.7762,-42.4092,-32.4759,-31.6832,2.67,11.2737,5.348,13.6583,-10.1704,-4.6068,-5.4255,-6.9701,,,-0.0861,38.9199,50.8908,-0.0966,-1.6354,4.2773,-0.1599,-15.096,-1.3194,,,,,,177.9282,49.9418,88.489,,,,"Duque","","N/A","2008-01-01T00:00:00.000Z","Bay","Gelding","PRE horse (Pura Raza Espanola) - Andalusier","Dressage","","20260119T121135_logfile.itlog","2026-01-19T19:11:35.549Z","In hand","Research",,,
5,"walk","right","soft",780.685,781.31,780.44,780.985,3668.31,3668.935,3668.065,3668.61,1.2069,61.6964,0.78,0.775,0.67,0.755,0.445,0.45,0.54,0.465,197.7994,193.2233,115.69,107.4596,63.8037,64.1822,56.6596,62.1399,,,,,,,-0.385,-31.9006,-0.3,-24.8576,0.245,20.3004,0.325,26.9291,81.1441,75.6037,63.5036,57.8588,16.3442,13.4371,16.3353,20.2276,35.1523,34.9717,34.3884,27.6796,-45.9918,-40.632,-29.1152,-30.1792,0.0777,9.5951,9.8247,12.6133,-16.2665,-3.8421,-6.5106,-7.6143,,,0.4317,35.1171,-30.8853,-0.0027,-4.9367,7.3037,-0.2156,-26.1605,-7.7111,,,,,,152.9012,48.8677,96.4096,,,,"Duque","","N/A","2008-01-01T00:00:00.000Z","Bay","Gelding","PRE horse (Pura Raza Espanola) - Andalusier","Dressage","","20260119T121135_logfile.itlog","2026-01-19T19:11:35.549Z","In hand","Research",,,
5,"walk","right","soft",781.905,782.5,781.595,782.195,3669.53,3670.125,3669.22,3669.82,1.2087,62.8493,0.765,0.81,0.7,0.765,0.44,0.415,0.485,0.455,199.5429,213.8601,130.697,131.0669,63.0928,66.2577,58.8235,63.2231,,,,,,,-0.285,-23.5781,-0.29,-23.9917,0.31,25.6463,0.305,25.2327,73.2865,70.2701,66.5351,55.8453,12.8678,11.4715,18.6927,15.3228,31.8139,30.9742,32.6076,27.3415,-41.4727,-39.2959,-33.9275,-28.5039,2.4623,9.0779,9.5002,11.9674,-10.4056,-2.3935,-9.1925,-3.3554,,,0.0603,36.6852,28.4193,-0.4755,12.4833,10.5394,-0.3182,,-7.299,,,,,,165.4867,46.2332,113.0917,,,,"Duque","","N/A","2008-01-01T00:00:00.000Z","Bay","Gelding","PRE horse (Pura Raza Espanola) - Andalusier","Dressage","","20260119T121135_logfile.itlog","2026-01-19T19:11:35.549Z","In hand","Research",,,
5,"walk","right","soft",783.125,783.72,782.79,783.395,3670.75,3671.345,3670.415,3671.02,1.2381,63.152,0.785,0.795,0.75,0.795,0.455,0.41,0.495,0.435,171.812,196.3841,136.0622,125.3918,63.3065,65.9751,58.8235,64.503,,,,,,,-0.29,-23.4225,-0.27,-21.8072,0.335,27.057,0.325,26.2494,80.0651,77.641,62.9169,55.5543,13.9701,17.7162,10.3325,19.1078,35.2779,37.5883,29.66,24.8021,-44.7873,-40.0527,-33.257,-30.7521,1.1307,10.7702,4.8371,14.0742,-12.8394,-6.946,-5.4954,-5.0336,,,0.0269,31.8067,28.5168,-0.3631,6.8506,8.2203,-0.0579,-16.4394,-11.5351,,,,,,155.2317,44.2471,96.261,,,,"Duque","","N/A","2008-01-01T00:00:00.000Z","Bay","Gelding","PRE horse (Pura Raza Espanola) - Andalusier","Dressage","","20260119T121135_logfile.itlog","2026-01-19T19:11:35.549Z","In hand","Research",,,
5,"walk","right","soft",784.365,784.925,784.095,784.63,3671.99,3672.55,3671.72,3672.255,1.1719,60.5966,0.725,0.765,0.64,0.71,0.455,0.41,0.555,0.44,189.1945,213.3724,113.6558,117.4633,62.635,64.8305,54.2373,60.6838,,,,,,,-0.375,-32,-0.265,-22.6133,0.27,23.04,0.295,25.1733,79.3625,72.8215,65.1124,59.3568,11.7369,14.2403,8.0486,23.293,35.0849,35.2715,33.0943,30.2256,-44.2776,-37.55,-32.0181,-29.1312,0.2455,9.7282,5.9062,14.6106,-11.4914,-4.512,-2.1425,-8.6824,,,0.4374,40.2773,-39.6018,-0.1572,5.6151,1.4057,-0.0928,-17.9973,-10.4328,,,,,,182.6373,43.5329,97.8309,,,,"Duque","","N/A","2008-01-01T00:00:00.000Z","Bay","Gelding","PRE horse (Pura Raza Espanola) - Andalusier","Dressage","","20260119T121135_logfile.itlog","2026-01-19T19:11:35.549Z","In hand","Research",,,
5,"walk","right","soft",785.5,786.11,785.26,785.82,3673.125,3673.735,3672.885,3673.445,1.1987,61.5539,0.78,0.805,0.65,0.72,0.41,0.42,0.525,0.48,199.3862,193.9527,130.2595,120.3634,64.3299,65.7143,55.794,60.3774,,,,,,,-0.335,-27.9458,-0.32,-26.6945,0.24,20.0209,0.29,24.1919,78.8841,75.8607,65.5947,57.633,12.2496,12.0946,16.4195,16.1118,34.7589,34.9896,35.4095,28.999,-44.1252,-40.8711,-30.1851,-28.634,2.7923,9.5123,8.9698,12.4014,-9.4573,-2.5823,-7.4497,-3.7104,,,0.4862,65.3076,-18.9815,-0.5401,,7.313,-0.1092,-18.3522,-7.7539,,,,,,184.3606,47.523,104.8151,,,,"Duque","","N/A","2008-01-01T00:00:00.000Z","Bay","Gelding","PRE horse (Pura Raza Espanola) - Andalusier","Dressage","","20260119T121135_logfile.itlog","2026-01-19T19:11:35.549Z","In hand","Research",,,
5,"walk","right","soft",786.735,787.335,786.415,787.005,3674.36,3674.96,3674.04,3674.63,1.2169,62.4603,0.79,0.76,0.715,0.775,0.455,0.42,0.505,0.465,183.3862,202.3253,131.3178,121.5094,63.9676,63.7317,58.4867,63.655,,,,,,,-0.305,-25.0642,-0.27,-22.188,0.32,26.2969,0.33,27.1186,79.3802,72.7623,64.3125,59.0496,14.9183,10.1808,13.3325,12.3293,35.8098,32.165,31.7227,28.0047,-43.5704,-40.5973,-32.5898,-31.0449,3.7036,8.4804,6.2556,9.2899,-11.2147,-1.7005,-7.0769,-3.0394,,,0.1792,49.9505,24.5714,-0.5858,8.452,14.6266,-0.1778,-21.7663,-4.9271,,,,,,173.7802,47.5294,99.6542,,,,"Duque","","N/A","2008-01-01T00:00:00.000Z","Bay","Gelding","PRE horse (Pura Raza Espanola) - Andalusier","Dressage","","20260119T121135_logfile.itlog","2026-01-19T19:11:35.549Z","In hand","Research",,,
5,"walk","right","soft",787.96,788.54,787.64,788.2,3675.585,3676.165,3675.265,3675.825,1.2025,61.7571,0.75,0.77,0.685,0.765,0.435,0.445,0.51,0.42,188.27,195.9149,128.8664,134.8591,63.6943,63.9004,56.7288,62.7049,,,,,,,-0.305,-25.3638,-0.24,-19.9584,0.32,26.6112,0.34,28.2744,78.4629,75.2184,64.0962,57.6308,14.6074,13.4671,12.6427,22.2982,34.5379,35.8009,31.9295,26.5373,-43.925,-39.4175,-32.1667,-31.0935,2.2993,9.3099,6.7375,14.6264,-12.3081,-4.1572,-5.9052,-7.6718,,,0.1294,51.7313,33.6271,-0.0096,-3.355,4.2468,-0.1032,-18.5106,-10.1972,,,,,,173.5567,37.4329,92.5382,,,,"Duque","","N/A","2008-01-01T00:00:00.000Z","Bay","Gelding","PRE horse (Pura Raza Espanola) - Andalusier","Dressage","","20260119T121135_logfile.itlog","2026-01-19T19:11:35.549Z","In hand","Research",,,
5,"walk","right","soft",789.13,789.735,788.86,789.455,3676.755,3677.36,3676.485,3677.08,1.2219,61.7706,0.79,0.81,0.69,0.73,0.42,0.425,0.535,0.49,204.4301,203.069,124.4977,115.1617,64.4898,65.7201,56.7901,60.0823,,,,,,,-0.32,-26.1893,-0.325,-26.5985,0.27,22.0972,0.28,22.9156,76.9244,75.5755,65.72,58.1976,14.0159,13.6922,14.469,17.8981,30.2552,35.7844,33.8318,30.425,-46.6692,-39.7911,-31.8882,-27.7726,2.7555,9.3348,8.162,13.0612,-11.2605,-4.3574,-6.3071,-4.8369,,,0.0866,33.7333,21.8483,-0.1372,-0.0698,-0.3105,-0.1592,-20.1754,-5.4781,,,,,,164.7196,43.0822,98.0802,,,,"Duque","","N/A","2008-01-01T00:00:00.000Z","Bay","Gelding","PRE horse (Pura Raza Espanola) - Andalusier","Dressage","","20260119T121135_logfile.itlog","2026-01-19T19:11:35.549Z","In hand","Research",,,
5,"walk","right","soft",790.37,790.965,790.065,790.665,3677.995,3678.59,3677.69,3678.29,1.2213,61.485,0.78,0.805,0.685,0.735,0.45,0.42,0.515,0.48,189.1295,199.4522,133.2275,116.3448,63.6735,64.9194,56.7288,60.6186,,,,,,,-0.33,-27.0215,-0.295,-24.1556,0.305,24.9744,0.3,24.565,77.1109,76.6712,65.6766,59.7327,15.4268,14.3008,9.9823,19.6155,32.7779,36.2427,33.5384,30.9333,-44.3331,-40.4285,-32.1382,-28.7993,4.1532,10.7191,5.5364,13.2603,-11.2737,-3.5817,-4.4459,-6.3552,,,0.0799,41.8873,30.1407,-0.6787,14.4342,18.387,-0.3326,-30.8159,4.8794,,,,,,184.124,46.7574,109.0403,,,,"Duque","","N/A","2008-01-01T00:00:00.000Z","Bay","Gelding","PRE horse (Pura Raza Espanola) - Andalusier","Dressage","","20260119T121135_logfile.itlog","2026-01-19T19:11:35.549Z","In hand","Research",,,
5,"walk","right","soft",791.59,792.22,791.28,791.875,3679.215,3679.845,3678.905,3679.5,1.2269,61.8542,0.775,0.78,0.705,0.775,0.44,0.45,0.53,0.475,186.2578,189.9241,128.1189,122.4724,63.2653,64.1975,57.2008,62.753,,,,,,,-0.315,-25.675,-0.285,-23.2298,0.31,25.2674,0.345,28.1202,83.3859,74.3147,64.0066,60.9799,19.1446,11.5568,15.6498,13.93,36.776,33.869,32.6134,30.5113,-46.61,-40.4458,-31.3932,-30.4685,2.9773,8.5736,8.0357,9.7654,-16.1674,-2.9831,-7.6141,-4.1646,,,-0.0762,36.0212,45.995,-0.3602,8.0801,8.6342,-0.1437,-22.3344,-8.7453,,,,,,166.8754,43.0899,103.2894,,,,"Duque","","N/A","2008-01-01T00:00:00.000Z","Bay","Gelding","PRE horse (Pura Raza Espanola) - Andalusier","Dressage","","20260119T121135_logfile.itlog","2026-01-19T19:11:35.549Z","In hand","Research",,,
5,"walk","right","soft",792.825,793.42,792.51,793.095,3680.45,3681.045,3680.135,3680.72,1.2269,62.234,0.77,0.81,0.7,0.775,0.46,0.42,0.525,0.445,192.1923,198.6875,128.1279,136.7883,62.2222,65.587,57.732,63.3947,,,,,,,-0.29,-23.6373,-0.27,-22.0071,0.315,25.675,0.325,26.4901,82.431,77.3912,66.4434,58.6723,17.314,12.5807,16.5033,10.0301,36.5257,34.6764,35.5262,28.6015,-45.9053,-42.7148,-30.9172,-30.0708,3.6236,8.4837,8.5527,8.499,-13.6904,-4.0971,-7.9505,-1.531,,,-0.2999,-12.8283,32.5267,-0.1145,1.5397,2.9068,-0.1167,-18.6058,-7.5722,,,,,,151.2535,28.9787,102.0959,,,,"Duque","","N/A","2008-01-01T00:00:00.000Z","Bay","Gelding","PRE horse (Pura Raza Espanola) - Andalusier","Dressage","","20260119T121135_logfile.itlog","2026-01-19T19:11:35.549Z","In hand","Research",,,
5,"walk","right","soft",794.07,794.66,793.71,794.32,3681.695,3682.285,3681.335,3681.945,1.2394,62.937,0.77,0.8,0.745,0.805,0.475,0.43,0.5,0.45,191.3973,203.7775,136.9434,125.3117,62.2222,64.7773,59.9598,64.7887,,,,,,,-0.29,-23.3989,-0.25,-20.1715,0.36,29.0469,0.34,27.4332,78.7713,78.4626,64.2181,59.4877,13.7781,14.0044,11.0576,12.2196,35.4149,36.2431,30.5404,27.9658,-43.3564,-42.2194,-33.6777,-31.5219,5.2584,10.8978,4.6205,8.6552,-8.5197,-3.1066,-6.4371,-3.5644,,,-0.0594,10.7345,19.0379,-0.3158,-3.073,3.3689,-0.0637,-10.0223,-4.4015,,,,,,153.9765,34.3611,92.586,,,,"Duque","","N/A","2008-01-01T00:00:00.000Z","Bay","Gelding","PRE horse (Pura Raza Espanola) - Andalusier","Dressage","","20260119T121135_logfile.itlog","2026-01-19T19:11:35.549Z","In hand","Research",,,
5,"walk","right","soft",795.3,795.9,794.95,795.55,3682.925,3683.525,3682.575,3683.175,1.22,62.4041,0.78,0.745,0.73,0.79,0.46,0.44,0.495,0.425,190.0126,207.0465,133.1886,133.3511,64.0657,62.4738,59.1093,63.9676,,,,,,,-0.29,-23.7705,-0.25,-20.4918,0.35,28.6885,0.35,28.6885,78.1169,68.1251,64.925,60.2986,16.8505,11.2198,15.8268,17.6497,36.243,30.0998,29.6956,28.2515,-41.8739,-38.0252,-35.2294,-32.0471,4.0173,6.5643,7.3898,11.7868,-12.8332,-4.6556,-8.437,-5.8629,,,-0.0308,10.7481,15.1699,-0.2106,1.632,8.4038,-0.1756,-19.9686,-4.3111,,,,,,158.1495,37.882,100.5888,,,,"Duque","","N/A","2008-01-01T00:00:00.000Z","Bay","Gelding","PRE horse (Pura Raza Espanola) - Andalusier","Dressage","","20260119T121135_logfile.itlog","2026-01-19T19:11:35.549Z","In hand","Research",,,
5,"walk","right","soft",796.495,797.1,796.195,796.805,3684.12,3684.725,3683.82,3684.43,1.2394,63.1252,0.805,0.835,0.715,0.775,0.415,0.455,0.515,0.465,190.8686,177.8825,132.6988,126.3365,65.5804,66.5339,58.0122,62.3742,,,,,,,-0.295,-23.8023,-0.31,-25.0126,0.3,24.2057,0.295,23.8023,71.1531,73.5565,61.8961,54.8083,8.7962,11.4007,9.2393,18.0819,30.8407,34.0665,29.7652,27.4707,-40.3124,-39.4901,-32.1309,-27.3376,1.7949,8.9125,3.2257,11.1703,-7.0013,-2.4882,-6.0135,-6.9115,,,-0.2179,6.1227,37.2535,-0.3411,13.3345,3.12,0.0388,-11.9345,-15.0734,,,,,,149.0107,43.0364,92.7837,,,,"Duque","","N/A","2008-01-01T00:00:00.000Z","Bay","Gelding","PRE horse (Pura Raza Espanola) - Andalusier","Dressage","","20260119T121135_logfile.itlog","2026-01-19T19:11:35.549Z","In hand","Research",,,
5,"walk","right","soft",797.73,798.32,797.43,798.05,3685.355,3685.945,3685.055,3685.675,1.205,63.3756,0.785,0.8,0.735,0.735,0.43,0.385,0.52,0.47,171.1486,211.2899,121.4958,112.454,64.0816,66.1157,60.6186,62.6866,,,,,,,-0.33,-27.3859,-0.32,-26.556,0.3,24.8963,0.27,22.4066,88.1072,77.5957,62.448,59.0025,13.743,18.1501,14.7677,15.8064,38.4557,31.6244,30.4727,28.8061,-49.6515,-45.9713,-31.9753,-30.1964,3.1421,15.2647,8.4709,10.2208,-10.6009,-2.8854,-6.2968,-5.5856,,,0.2521,54.5679,21.346,-0.4826,11.7919,2.6504,-0.0212,-9.9094,-8.2234,,,,,,154.8233,51.9443,87.8224,,,,"Duque","","N/A","2008-01-01T00:00:00.000Z","Bay","Gelding","PRE horse (Pura Raza Espanola) - Andalusier","Dressage","","20260119T121135_logfile.itlog","2026-01-19T19:11:35.549Z","In hand","Research",,,
5,"walk","right","soft",798.965,799.555,798.6,799.19,3686.59,3687.18,3686.225,3686.815,1.1688,62.5688,0.74,0.725,0.715,0.745,0.45,0.435,0.435,0.405,206.8466,206.4217,139.6924,143.0234,63.2479,62.9067,60.8511,63.2696,,,,,,,-0.28,-23.9572,-0.225,-19.2513,0.365,31.2299,0.365,31.2299,82.0188,75.0588,64.8459,60.5694,16.7586,14.8045,23.3081,22.2718,36.8573,35.9543,30.9696,30.7974,-45.1615,-39.1046,-33.8763,-29.772,3.5364,9.9367,11.667,14.9583,-13.2222,-4.8678,-11.6411,-7.3135,,,0.2019,34.193,6.0801,-0.1876,-6.4166,,-0.2069,-29.4665,-12.9345,,,,,,145.2966,51.9452,96.7254,,,,"Duque","","N/A","2008-01-01T00:00:00.000Z","Bay","Gelding","PRE horse (Pura Raza Espanola) - Andalusier","Dressage","","20260119T121135_logfile.itlog","2026-01-19T19:11:35.549Z","In hand","Research",,,
5,"walk","right","soft",800.115,800.7,799.8,800.395,3687.74,3688.325,3687.425,3688.02,1.1819,62.9387,0.775,0.765,0.7,0.735,0.41,0.42,0.485,0.46,210.5768,208.8,144.5501,133.5058,65.9574,64.6934,58.9474,62.1564,,,,,,,-0.245,-20.7298,-0.28,-23.6912,0.315,26.6526,0.305,25.8065,77.5596,72.4131,62.7299,55.6146,13.8887,10.1429,21.9373,19.8174,32.8094,32.9583,29.6331,25.7682,-44.7502,-39.4548,-33.0968,-29.8464,1.1323,7.184,10.0871,12.984,-12.7564,-2.959,-11.8502,-6.8334,,,0.1883,20.3234,-7.5726,-0.3352,3.0145,4.7323,-0.1873,-21.0739,-2.9447,,,,,,151.288,39.3861,99.7262,,,,"Duque","","N/A","2008-01-01T00:00:00.000Z","Bay","Gelding","PRE horse (Pura Raza Espanola) - Andalusier","Dressage","","20260119T121135_logfile.itlog","2026-01-19T19:11:35.549Z","In hand","Research",,,
5,"walk","right","soft",801.28,801.88,800.99,801.565,3688.905,3689.505,3688.615,3689.19,1.2056,62.5062,0.79,0.785,0.685,0.755,0.39,0.415,0.49,0.435,208.087,197.467,137.3789,125.476,65.8333,64.6091,57.4423,62.1399,,,,,,,-0.29,-24.0539,-0.285,-23.6392,0.29,24.0539,0.315,26.1275,78.1511,69.3921,64.5242,58.7426,14.6025,11.8406,17.0108,19.6896,33.9945,32.0856,32.4108,29.1148,-44.1566,-37.3065,-32.1134,-29.6278,3.6971,8.4541,8.7985,12.9198,-10.9054,-3.3866,-8.2123,-6.7698,,,0.0701,26.5493,17.788,-0.1732,1.7492,8.4868,-0.1754,-26.768,-11.7839,,,,,,146.5119,41.1359,102.3669,,,,"Duque","","N/A","2008-01-01T00:00:00.000Z","Bay","Gelding","PRE horse (Pura Raza Espanola) - Andalusier","Dressage","","20260119T121135_logfile.itlog","2026-01-19T19:11:35.549Z","In hand","Research",,,
5,"walk","right","soft",802.5,803.11,802.2,802.805,3690.125,3690.735,3689.825,3690.43,1.2269,62.3792,0.8,0.79,0.71,0.76,0.43,0.445,0.525,0.485,188.8166,184.7033,130.5785,108.6161,65.4397,65.2893,57.3737,61.4141,,,,,,,-0.32,-26.0825,-0.305,-24.8599,0.3,24.4524,0.305,24.8599,68.1126,74.8905,63.0716,57.047,13.3067,15.7582,10.2912,19.1006,24.8709,34.7926,31.9946,28.5448,-43.2417,-40.0979,-31.077,-28.5022,1.7899,9.3397,6.3881,11.4315,-11.5168,-6.4185,-3.9031,-7.6691,,,-0.1677,9.8403,31.4178,-0.0632,0.1007,3.3242,-0.0152,-14.621,-13.3425,,,,,,143.7506,37.3488,97.4601,,,,"Duque","","N/A","2008-01-01T00:00:00.000Z","Bay","Gelding","PRE horse (Pura Raza Espanola) - Andalusier","Dressage","","20260119T121135_logfile.itlog","2026-01-19T19:11:35.549Z","In hand","Research",,,
5,"walk","right","soft",803.715,804.295,803.44,804.035,3691.34,3691.92,3691.065,3691.66,1.1644,61.5292,0.74,0.765,0.67,0.69,0.415,0.395,0.53,0.47,183.6395,210.2786,119.2785,119.437,63.113,66.2338,56.9002,59.8698,,,,,,,-0.33,-28.3414,-0.32,-27.4826,0.275,23.6178,0.26,22.3296,79.6801,78.8587,64.1196,57.2677,10.0361,17.0793,14.4421,17.5323,34.9246,36.3568,30.5134,28.3429,-44.7556,-42.5019,-33.6062,-28.9248,1.3132,11.1991,6.9956,11.5249,-8.7229,-5.8803,-7.4465,-6.0074,,,0.3119,27.9655,-22.4651,-0.4987,,1.3931,-0.2271,-29.8159,-9.6971,,,,,,165.0219,,104.7491,,,,"Duque","","N/A","2008-01-01T00:00:00.000Z","Bay","Gelding","PRE horse (Pura Raza Espanola) - Andalusier","Dressage","","20260119T121135_logfile.itlog","2026-01-19T19:11:35.549Z","In hand","Research",,,
5,"walk","right","soft",804.905,805.445,804.595,805.18,3692.53,3693.07,3692.22,3692.805,1.1169,61.1272,0.685,0.73,0.66,0.655,0.45,0.385,0.485,0.455,182.0295,228.2036,137.1623,125.7186,60.3524,65.7658,58.022,60.3687,,,,,,,-0.3,-26.8607,-0.275,-24.6223,0.31,27.756,0.265,23.7269,85.5998,79.7005,62.1252,62.0089,16.8717,13.2068,18.7369,18.7332,37.0619,36.2553,27.9071,31.6704,-48.5379,-43.4452,-34.2181,-30.3385,0.0431,11.0179,8.0348,12.1351,-16.8286,-2.1889,-10.7021,-6.5981,,,0.2988,63.1458,12.5747,-0.2112,5.5203,10.7334,-0.1939,-34.4781,-17.3574,,,,,,193.7,,105.6457,,,,"Duque","","N/A","2008-01-01T00:00:00.000Z","Bay","Gelding","PRE horse (Pura Raza Espanola) - Andalusier","Dressage","","20260119T121135_logfile.itlog","2026-01-19T19:11:35.549Z","In hand","Research",,,
5,"walk","right","soft",806.04,806.55,805.725,806.24,3693.665,3694.175,3693.35,3693.865,1.1313,61.7512,0.68,0.75,0.645,0.72,0.45,0.375,0.47,0.405,203.2616,241.3718,143.063,148.6564,61.2613,66.0793,57.461,62.203,,,,,,,-0.28,-24.7514,-0.2,-17.6796,0.315,27.8453,0.31,27.4033,79.2368,75.8208,67.2651,58.8032,15.0867,14.1202,18.77,20.8438,35.5961,35.2634,33.0274,26.8369,-43.6407,-40.5573,-34.2377,-31.9663,3.117,7.6022,8.4884,13.8787,-11.9698,-6.518,-10.2817,-6.9651,,,-0.0062,21.7129,22.6437,-0.5183,7.4231,11.2835,-0.2909,-36.0803,-3.9929,,,,,,172.8224,53.0687,115.5111,,,,"Duque","","N/A","2008-01-01T00:00:00.000Z","Bay","Gelding","PRE horse (Pura Raza Espanola) - Andalusier","Dressage","","20260119T121135_logfile.itlog","2026-01-19T19:11:35.549Z","In hand","Research",,,
5,"walk","right","soft",807.13,807.695,806.855,807.43,3694.755,3695.32,3694.48,3695.055,1.1894,61.6697,0.76,0.79,0.665,0.72,0.41,0.395,0.485,0.47,200.4318,212.8618,149.6402,120.0339,64.135,65.8333,56.9593,59.751,,,,,,,-0.305,-25.6437,-0.3,-25.2233,0.275,23.1214,0.265,22.2806,83.815,76.5809,65.6081,57.9756,9.7694,19.2839,12.4617,23.3002,38.9854,36.3232,31.2813,28.9721,-44.8296,-40.2577,-34.3267,-29.0035,2.1357,12.0669,6.2202,14.5513,-7.6337,-7.217,-6.2415,-8.7489,,,0.175,32.2719,4.3102,-0.5855,10.3282,,-0.2211,-28.1021,-5.1223,,,,,,164.0962,57.054,112.4364,,,,"Duque","","N/A","2008-01-01T00:00:00.000Z","Bay","Gelding","PRE horse (Pura Raza Espanola) - Andalusier","Dressage","","20260119T121135_logfile.itlog","2026-01-19T19:11:35.549Z","In hand","Research",,,
5,"walk","right","soft",808.33,808.91,808.04,808.65,3695.955,3696.535,3695.665,3696.275,1.1844,60.7959,0.76,0.765,0.67,0.685,0.44,0.425,0.52,0.5,198.1432,204.9023,130.7663,118.3025,63.4656,64.6934,55.7173,59.3074,,,,,,,-0.345,-29.1293,-0.32,-27.0185,0.29,24.4855,0.26,21.9525,83.9053,71.5777,65.5399,60.3844,10.9248,13.9025,9.5284,18.8148,38.0551,33.677,31.8944,30.6935,-45.8502,-37.9007,-33.6455,-29.6908,1.4444,10.0702,4.3934,11.8837,-9.4805,-3.8324,-5.135,-6.931,,,0.4297,,6.0461,-0.0717,0.7195,14.7036,-0.13,-24.029,-11.2109,,,,,,,55.9182,109.8078,,,,"Duque","","N/A","2008-01-01T00:00:00.000Z","Bay","Gelding","PRE horse (Pura Raza Espanola) - Andalusier","Dressage","","20260119T121135_logfile.itlog","2026-01-19T19:11:35.549Z","In hand","Research",,,
5,"walk","right","soft",809.525,810.085,809.255,809.775,3697.15,3697.71,3696.88,3697.4,1.2106,62.073,0.765,0.825,0.645,0.775,0.435,0.41,0.545,0.44,197.8136,194.6412,120.6639,130.7912,63.354,66.8016,55.1282,63.0081,,,,,,,-0.345,-28.4977,-0.25,-20.6505,0.27,22.3025,0.31,25.6066,78.1015,72.3042,62.9,56.6356,12.657,14.0492,20.4803,18.2177,34.754,32.8888,33.105,27.2799,-43.3475,-39.4154,-29.795,-29.3557,2.9192,10.2679,11.5057,12.5392,-9.7378,-3.7813,-8.9745,-5.6785,,,0.4592,65.0632,-10.0132,-0.3428,2.4132,7.5536,-0.216,-17.0347,5.8424,,,,,,177.8409,37.1007,109.1684,,,,"Duque","","N/A","2008-01-01T00:00:00.000Z","Bay","Gelding","PRE horse (Pura Raza Espanola) - Andalusier","Dressage","","20260119T121135_logfile.itlog","2026-01-19T19:11:35.549Z","In hand","Research",,,
5,"walk","right","soft",810.74,811.32,810.405,811.02,3698.365,3698.945,3698.03,3698.645,1.2263,63.1978,0.785,0.81,0.73,0.775,0.45,0.41,0.505,0.47,185.2776,199.8108,128.253,122.5809,63.8211,65.8537,59.5918,63.5246,,,,,,,-0.32,-26.0958,-0.28,-22.8338,0.335,27.3191,0.3,24.4648,81.2493,73.2556,60.8659,57.2191,13.6418,14.8159,19.297,16.1113,37.1489,33.2382,27.6018,26.4064,-44.1004,-40.0174,-33.2641,-30.8128,2.8838,10.8372,9.5108,10.6956,-10.758,-3.9788,-9.7862,-5.4158,,,0.2596,53.1701,16.152,-0.4645,7.8243,8.8558,-0.2191,-30.4771,-9.1403,,,,,,159.272,40.2415,106.5026,,,,"Duque","","N/A","2008-01-01T00:00:00.000Z","Bay","Gelding","PRE horse (Pura Raza Espanola) - Andalusier","Dressage","","20260119T121135_logfile.itlog","2026-01-19T19:11:35.549Z","In hand","Research",,,
5,"walk","right","soft",811.965,812.56,811.62,812.215,3699.59,3700.185,3699.245,3699.84,1.2131,62.7754,0.785,0.765,0.725,0.77,0.44,0.43,0.485,0.42,196.9225,197.2896,131.0583,130.9692,64.7423,64.4211,58.8235,63.1148,,,,,,,-0.3,-24.7295,-0.25,-20.6079,0.345,28.4389,0.345,28.4389,81.5751,75.6149,65.0335,59.662,13.5676,14.8713,13.9445,21.2762,35.9521,35.3548,31.0448,28.3254,-45.623,-40.2601,-33.9888,-31.3366,3.1196,10.057,7.2038,14.7737,-10.4479,-4.8143,-6.7408,-6.5024,,,0.2317,46.9244,15.1974,0.1297,-6.6397,6.827,-0.2346,-32.9602,-12.8684,,,,,,158.5265,40.2424,101.2369,,,,"Duque","","N/A","2008-01-01T00:00:00.000Z","Bay","Gelding","PRE horse (Pura Raza Espanola) - Andalusier","Dressage","","20260119T121135_logfile.itlog","2026-01-19T19:11:35.549Z","In hand","Research",,,
5,"walk","right","soft",813.165,813.74,812.875,813.465,3700.79,3701.365,3700.5,3701.09,1.2213,61.8293,0.78,0.815,0.69,0.735,0.415,0.415,0.53,0.48,202.8439,208.635,127.8046,119.6783,64.8649,66.1258,56.3265,60,,,,,,,-0.315,-25.7932,-0.3,-24.565,0.29,23.7462,0.275,22.5179,78.9992,74.5847,65.0202,55.7398,14.4309,12.0167,13.3957,20.6432,34.6324,35.4687,32.7608,26.3714,-44.3667,-39.116,-32.2594,-29.3684,2.7654,9.0733,7.8647,12.6498,-11.6655,-2.9434,-5.5311,-7.9933,,,-0.0661,16.7456,25.6743,-0.3487,3.5302,3.8182,-0.1948,-27.8062,-9.2554,,,,,,158.623,44.2585,104.4847,,,,"Duque","","N/A","2008-01-01T00:00:00.000Z","Bay","Gelding","PRE horse (Pura Raza Espanola) - Andalusier","Dressage","","20260119T121135_logfile.itlog","2026-01-19T19:11:35.549Z","In hand","Research",,,
5,"walk","right","soft",814.375,814.975,814.105,814.7,3702,3702.6,3701.73,3702.325,1.2431,61.895,0.81,0.84,0.68,0.75,0.43,0.42,0.54,0.5,193.1543,194.1931,127.5022,109.6369,64.5418,66.7992,55.5102,60.7287,,,,,,,-0.365,-29.3615,-0.325,-26.1438,0.27,21.7195,0.275,22.1217,75.9533,75.3461,66.3544,59.0503,12.4934,16.0886,8.3704,17.1339,31.9203,33.5753,36.8114,30.3559,-44.033,-41.7708,-29.543,-28.6944,4.2771,11.8016,4.8568,11.8364,-8.2163,-4.287,-3.5136,-5.2975,,,0.4408,39.5454,-31.9987,-0.5125,13.6872,16.097,-0.2936,-33.5253,-2.9706,,,,,,167.838,53.2955,111.1606,,,,"Duque","","N/A","2008-01-01T00:00:00.000Z","Bay","Gelding","PRE horse (Pura Raza Espanola) - Andalusier","Dressage","","20260119T121135_logfile.itlog","2026-01-19T19:11:35.549Z","In hand","Research",,,
5,"walk","right","soft",815.645,816.23,815.335,815.92,3703.27,3703.855,3702.96,3703.545,1.2212,61.1217,0.745,0.795,0.68,0.765,0.46,0.415,0.55,0.47,181.7119,201.7475,124.9223,122.9885,61.0656,65.7025,55.3971,62.3218,,,,,,,-0.36,-29.478,-0.275,-22.5179,0.31,25.3838,0.31,25.3838,80.7686,76.2555,66.7598,58.7384,16.3781,10.12,14.1907,21.3956,34.8457,32.9588,34.7502,29.8921,-45.9229,-43.2968,-32.0096,-28.8463,1.3525,7.6708,9.0721,14.674,-15.0256,-2.4492,-5.1186,-6.7216,,,0.1261,47.8988,30.2157,-0.1852,6.0079,10.0455,-0.153,-26.9962,-12.5257,,,,,,186.0078,45.4205,109.8242,,,,"Duque","","N/A","2008-01-01T00:00:00.000Z","Bay","Gelding","PRE horse (Pura Raza Espanola) - Andalusier","Dressage","","20260119T121135_logfile.itlog","2026-01-19T19:11:35.549Z","In hand","Research",,,
5,"walk","right","soft",816.88,817.44,816.56,817.14,3704.505,3705.065,3704.185,3704.765,1.2269,61.2179,0.76,0.79,0.68,0.775,0.49,0.415,0.545,0.455,177.2052,211.0626,125.9457,137.6914,61.7886,64.4898,55.9671,62.6263,,,,,,,-0.33,-26.8976,-0.26,-21.1921,0.32,26.0825,0.3,24.4524,81.7006,75.0989,64.6348,57.8313,14.7945,9.4261,18.8821,17.3014,38.6525,31.4801,33.4214,28.7453,-43.0482,-43.6188,-31.2134,-29.0859,5.8749,8.4243,8.7676,11.9531,-8.9196,-1.0019,-10.1145,-5.3483,,,-0.0486,44.0119,50.7256,-0.4502,9.2757,-4.3782,-0.1513,-24.1572,-8.6645,,,,,,182.1185,39.1123,111.0551,,,,"Duque","","N/A","2008-01-01T00:00:00.000Z","Bay","Gelding","PRE horse (Pura Raza Espanola) - Andalusier","Dressage","","20260119T121135_logfile.itlog","2026-01-19T19:11:35.549Z","In hand","Research",,,
5,"walk","right","soft",818.09,818.685,817.765,818.385,3705.715,3706.31,3705.39,3706.01,1.2444,61.7856,0.785,0.81,0.72,0.76,0.45,0.455,0.525,0.47,194.7227,200.4224,132.9065,119.7249,63.5628,64.6707,57.3705,61.5385,,,,,,,-0.325,-26.1175,-0.295,-23.7067,0.325,26.1175,0.3,24.1085,81.3178,77.9927,65.7638,59.7052,13.5288,14.426,12.5603,18.3218,37.4506,36.8609,31.765,29.7132,-43.8672,-41.1318,-33.9988,-29.992,5.101,9.4719,7.1355,11.3218,-8.4278,-4.9541,-5.4248,-7,,,-0.1434,32.2008,50.8839,-0.2706,-0.5854,10.2437,-0.2772,-33.1777,-6.794,,,,,,179.7071,39.3954,104.8337,,,,"Duque","","N/A","2008-01-01T00:00:00.000Z","Bay","Gelding","PRE horse (Pura Raza Espanola) - Andalusier","Dressage","","20260119T121135_logfile.itlog","2026-01-19T19:11:35.549Z","In hand","Research",,,
5,"walk","right","soft",819.325,819.925,819.03,819.625,3706.95,3707.55,3706.655,3707.25,1.2256,62.0267,0.78,0.805,0.695,0.76,0.45,0.43,0.545,0.48,192.1297,206.962,127.0343,118.8581,63.6735,66.2551,56.3895,61.7886,,,,,,,-0.345,-28.1489,-0.3,-24.4773,0.295,24.0694,0.3,24.4773,76.4215,70.1393,66.5287,58.2639,12.1412,11.4837,13.4092,15.5428,34.6173,30.8841,34.0277,28.7033,-41.8042,-39.2552,-32.5011,-29.5606,3.0605,6.6934,7.8198,11.1003,-9.0807,-4.7903,-5.5894,-4.4426,,,-0.0459,57.2036,63.8742,-0.4842,7.0542,13.1242,-0.2488,-32.9304,-7.9674,,,,,,,39.7151,114.4633,,,,"Duque","","N/A","2008-01-01T00:00:00.000Z","Bay","Gelding","PRE horse (Pura Raza Espanola) - Andalusier","Dressage","","20260119T121135_logfile.itlog","2026-01-19T19:11:35.549Z","In hand","Research",,,
5,"walk","right","soft",820.545,821.12,820.255,820.845,3708.17,3708.745,3707.88,3708.47,1.2431,63.7098,0.815,0.865,0.695,0.795,0.44,0.39,0.53,0.46,188.8275,204.3336,130.4702,121.4584,65.4618,68.7873,56.7347,63.8554,,,,,,,-0.33,-26.546,-0.3,-24.1327,0.29,23.3283,0.275,22.1217,77.994,75.9973,60.7247,53.9713,10.7067,11.8667,13.5596,14.8783,35.2763,36.6779,30.3848,25.8078,-42.7178,-39.3194,-30.3399,-28.1636,1.5505,9.4146,7.4208,10.3441,-9.1562,-2.4521,-6.1388,-4.5342,,,0.2327,51.1194,19.302,-0.4188,4.6185,11.6005,0.0299,-16.4751,,,,,,,156.0582,38.2034,102.1995,,,,"Duque","","N/A","2008-01-01T00:00:00.000Z","Bay","Gelding","PRE horse (Pura Raza Espanola) - Andalusier","Dressage","","20260119T121135_logfile.itlog","2026-01-19T19:11:35.549Z","In hand","Research",,,
5,"walk","right","soft",821.78,822.38,821.48,822.08,3709.405,3710.005,3709.105,3709.705,1.2475,64.0388,0.825,0.84,0.735,0.795,0.42,0.395,0.53,0.44,195.4881,211.9081,117.6517,119.0973,65.7371,67.3347,58.4493,64.6341,,,,,,,-0.36,-28.8577,-0.3,-24.0481,0.3,24.0481,0.3,24.0481,81.88,71.5252,61.5605,59.2875,11.8038,13.0683,17.5326,16.801,36.7847,31.2877,29.7689,28.6446,-45.0953,-40.2375,-31.7917,-30.6428,3.4902,9.8156,10.1334,11.1126,-8.3136,-3.2528,-7.3992,-5.6884,,,0.1513,19.6938,4.6185,-0.4491,1.0136,13.0644,-0.1907,-23.5322,-7.6098,,,,,,131.0627,41.998,92.1595,,,,"Duque","","N/A","2008-01-01T00:00:00.000Z","Bay","Gelding","PRE horse (Pura Raza Espanola) - Andalusier","Dressage","","20260119T121135_logfile.itlog","2026-01-19T19:11:35.549Z","In hand","Research",,,
5,"walk","right","soft",823.045,823.64,822.73,823.305,3710.67,3711.265,3710.355,3710.93,1.2244,62.8668,0.75,0.815,0.705,0.81,0.44,0.42,0.515,0.43,195.9383,192.7104,121.8961,132.8455,62.5,65.7258,57.7869,65.4545,,,,,,,-0.35,-28.586,-0.26,-21.2353,0.315,25.7274,0.335,27.3609,67.5054,77.1179,63.6735,56.9023,14.3728,9.3998,20.1449,16.7448,23.5883,36.8294,30.8498,28.0635,-43.9172,-40.2885,-32.8237,-28.8388,0.7423,9.0013,10.9711,13.966,-13.6304,-0.3986,-9.1737,-2.7788,,,0.2721,67.291,26.643,-0.0375,2.2649,10.1853,-0.2085,-30.0608,-12.9972,,,,,,176.0548,40.6808,97.7217,,,,"Duque","","N/A","2008-01-01T00:00:00.000Z","Bay","Gelding","PRE horse (Pura Raza Espanola) - Andalusier","Dressage","","20260119T121135_logfile.itlog","2026-01-19T19:11:35.549Z","In hand","Research",,,
5,"walk","right","soft",824.255,824.885,823.95,824.54,3711.88,3712.51,3711.575,3712.165,1.2237,62.9326,0.78,0.79,0.74,0.77,0.46,0.43,0.515,0.425,171.2911,208.2935,128.2579,133.7905,62.7767,65.1546,60.1626,63.6364,,,,,,,-0.31,-25.332,-0.285,-23.2891,0.305,24.9234,0.345,28.192,79.9315,69.9656,62.6914,60.9724,13.3751,13.2481,15.9623,14.859,33.4875,29.3708,31.5816,30.4231,-46.444,-40.5948,-31.1098,-30.5493,3.2646,6.5903,8.8147,10.9053,-10.1105,-6.6578,-7.1477,-3.9537,,,,,-21.056,-0.2365,3.3699,-4.4292,0.097,-2.1983,-9.7409,,,,,,165.0693,37.3096,80.3545,,,,"Duque","","N/A","2008-01-01T00:00:00.000Z","Bay","Gelding","PRE horse (Pura Raza Espanola) - Andalusier","Dressage","","20260119T121135_logfile.itlog","2026-01-19T19:11:35.549Z","In hand","Research",,,
5,"walk","right","soft",825.5,826.09,825.155,825.765,3713.125,3713.715,3712.78,3713.39,1.2156,63.2464,0.785,0.78,0.745,0.765,0.465,0.415,0.465,0.455,189.8421,197.1271,131.679,126.9693,63.6917,65.1357,61.0656,63.0928,,,,,,,-0.27,-22.2108,-0.265,-21.7995,0.345,28.3805,0.325,26.7352,80.242,74.1546,64.5007,59.0543,13.3315,13.6009,14.0402,14.299,36.237,36.4739,29.1278,26.9935,-44.0049,-37.6807,-35.3729,-32.0608,4.3244,9.5916,6.4824,9.1472,-9.0071,-4.0093,-7.5577,-5.1518,,,0.2234,34.6499,-0.6691,-0.3559,0.3454,11.5366,-0.2266,-17.5657,3.3658,,,,,,164.1132,46.7933,96.0839,,,,"Duque","","N/A","2008-01-01T00:00:00.000Z","Bay","Gelding","PRE horse (Pura Raza Espanola) - Andalusier","Dressage","","20260119T121135_logfile.itlog","2026-01-19T19:11:35.549Z","In hand","Research",,,
5,"walk","right","soft",826.715,827.29,826.385,826.97,3714.34,3714.915,3714.01,3714.595,1.22,64.1158,0.79,0.83,0.715,0.795,0.43,0.42,0.485,0.44,194.4275,190.6502,137.4694,125.2668,65.1546,67.2065,59.3361,64.7658,,,,,,,-0.295,-24.1803,-0.255,-20.9016,0.33,27.0492,0.32,26.2295,72.3466,73.3322,62.6454,57.3573,12.5981,13.1986,12.7428,13.5163,29.9268,34.7498,29.1534,26.5595,-42.4198,-38.5824,-33.492,-30.7978,1.6407,9.4967,6.8815,9.3937,-10.9574,-3.7019,-5.8613,-4.1226,,,0.2202,41.4478,12.0535,-0.0547,-6.3359,12.4326,-0.2183,-24.8544,-5.0249,,,,,,150.1068,46.7907,100.519,,,,"Duque","","N/A","2008-01-01T00:00:00.000Z","Bay","Gelding","PRE horse (Pura Raza Espanola) - Andalusier","Dressage","","20260119T121135_logfile.itlog","2026-01-19T19:11:35.549Z","In hand","Research",,,
5,"walk","right","soft",827.92,828.51,827.595,828.19,3715.545,3716.135,3715.22,3715.815,1.2206,63.0255,0.775,0.795,0.725,0.78,0.415,0.39,0.495,0.425,188.8393,201.417,124.4637,128.3149,63.9175,66.25,58,63.9344,,,,,,,-0.305,-24.9872,-0.27,-22.1198,0.325,26.6257,0.32,26.2161,79.8408,78.0187,60.4125,53.9795,15.6302,15.5925,12.0002,16.665,35.3009,38.4537,25.6538,23.8824,-44.5399,-39.565,-34.7587,-30.0971,1.6372,10.4689,5.2464,11.0628,-13.993,-5.1236,-6.7538,-5.6022,,,-0.2232,-34.5778,-3.105,-0.5619,5.2306,14.5139,-0.1225,-22.812,-11.912,,,,,,144.5448,36.3467,100.8785,,,,"Duque","","N/A","2008-01-01T00:00:00.000Z","Bay","Gelding","PRE horse (Pura Raza Espanola) - Andalusier","Dressage","","20260119T121135_logfile.itlog","2026-01-19T19:11:35.549Z","In hand","Research",,,
5,"walk","right","soft",829.155,829.725,828.875,829.425,3716.78,3717.35,3716.5,3717.05,1.185,61.6117,0.735,0.785,0.66,0.74,0.46,0.42,0.555,0.455,186.0204,208.4266,115.7354,114.8622,61.8947,66.2447,55.4622,62.845,,,,,,,-0.365,-30.8017,-0.27,-22.7848,0.28,23.6287,0.3,25.3165,83.9587,77.7966,60.6796,58.5832,16.4194,10.0698,17.5556,15.9521,37.951,35.6807,31.124,29.6121,-46.0076,-42.116,-29.5555,-28.9711,0.9009,7.762,9.9301,11.5967,-15.5185,-2.3078,-7.6255,-4.3554,,,0.419,18.0432,-52.3257,-0.3459,4.3865,7.3968,-0.3541,-21.1448,11.5209,,,,,,167.9453,38.3841,94.9918,,,,"Duque","","N/A","2008-01-01T00:00:00.000Z","Bay","Gelding","PRE horse (Pura Raza Espanola) - Andalusier","Dressage","","20260119T121135_logfile.itlog","2026-01-19T19:11:35.549Z","In hand","Research",,,
5,"walk","right","soft",830.335,830.89,830.04,830.585,3717.96,3718.515,3717.665,3718.21,1.1919,62.9995,0.755,0.81,0.685,0.755,0.445,0.38,0.505,0.42,204.3695,229.3212,124.0936,133.1737,63.4454,67.2199,58.547,62.7859,,,,,,,-0.315,-26.4289,-0.25,-20.9754,0.295,24.7509,0.305,25.5899,76.9499,74.8246,62.3879,58.3605,14.0548,13.0112,21.4074,20.1721,33.0593,32.9261,30.9584,27.3184,-43.8906,-41.8985,-31.4295,-31.0421,4.3138,7.8515,10.8739,13.57,-9.7409,-5.1597,-10.5335,-6.6021,,,0.0683,50.9286,41.4983,-0.4088,9.7391,6.2344,-0.1203,-22.1439,-12.6942,,,,,,179.5521,43.072,91.2598,,,,"Duque","","N/A","2008-01-01T00:00:00.000Z","Bay","Gelding","PRE horse (Pura Raza Espanola) - Andalusier","Dressage","","20260119T121135_logfile.itlog","2026-01-19T19:11:35.549Z","In hand","Research",,,
5,"walk","right","soft",831.515,832.11,831.19,831.815,3719.14,3719.735,3718.815,3719.44,1.2031,62.8737,0.755,0.79,0.72,0.76,0.425,0.41,0.465,0.475,194.556,200.8986,144.6074,120.8709,63.048,66.2474,59.2593,62.94,,,,,,,-0.3,-24.9351,-0.3,-24.9351,0.325,27.013,0.295,24.5195,78.0668,74.0418,62.3443,54.9158,12.6545,12.566,12.1673,12.7154,33.6833,35.7949,27.9917,25.944,-44.3834,-38.2469,-34.3525,-28.9718,1.8873,9.1916,5.7892,9.2125,-10.7672,-3.3744,-6.3781,-3.503,,,0.2621,38.5939,0.2712,-0.4537,3.6011,15.2209,-0.3481,-34.5815,0.2885,,,,,,159.0086,43.0625,108.8692,,,,"Duque","","N/A","2008-01-01T00:00:00.000Z","Bay","Gelding","PRE horse (Pura Raza Espanola) - Andalusier","Dressage","","20260119T121135_logfile.itlog","2026-01-19T19:11:35.549Z","In hand","Research",,,
5,"walk","right","soft",832.73,833.295,832.435,832.995,3720.355,3720.92,3720.06,3720.62,1.2038,61.5951,0.77,0.775,0.68,0.74,0.46,0.395,0.525,0.42,187.5069,208.5306,120.8406,125.9671,63.5052,64.8536,55.9671,62.0545,,,,,,,-0.325,-26.999,-0.265,-22.0145,0.295,24.5067,0.3,24.9221,83.8407,69.1635,64.5845,57.3624,14.3299,16.9209,12.0233,23.9032,39.8609,31.55,31.7317,27.5493,-43.9798,-37.6135,-32.8527,-29.8132,2.7682,11.6601,5.8741,14.7346,-11.5618,-5.2608,-6.1491,-9.1686,,,-0.1723,21.0105,43.3031,-0.4245,5.6381,11.4538,-0.164,-30.6559,-17.0158,,,,,,156.5337,45.9438,100.177,,,,"Duque","","N/A","2008-01-01T00:00:00.000Z","Bay","Gelding","PRE horse (Pura Raza Espanola) - Andalusier","Dressage","","20260119T121135_logfile.itlog","2026-01-19T19:11:35.549Z","In hand","Research",,,
5,"walk","right","soft",833.925,834.515,833.66,834.22,3721.55,3722.14,3721.285,3721.845,1.2144,61.7358,0.785,0.8,0.66,0.755,0.425,0.445,0.545,0.485,201.4487,182.0164,119.7523,115.1858,65.2807,64.7773,55,61.8852,,,,,,,-0.365,-30.0566,-0.295,-24.2923,0.265,21.8219,0.295,24.2923,72.4054,75.6779,63.8671,55.9274,15.6319,13.608,16.3954,19.8194,30.4635,35.4948,33.9604,26.4695,-41.9419,-40.183,-29.9067,-29.4579,0.5724,9.6796,9.6835,12.8096,-15.0595,-3.9283,-6.7119,-7.0098,,,0.4458,49.3768,-22.1696,-0.0897,1.9112,7.6676,-0.1933,-19.8076,-1.5507,,,,,,173.071,47.6128,100.2539,,,,"Duque","","N/A","2008-01-01T00:00:00.000Z","Bay","Gelding","PRE horse (Pura Raza Espanola) - Andalusier","Dressage","","20260119T121135_logfile.itlog","2026-01-19T19:11:35.549Z","In hand","Research",,,
5,"walk","right","soft",835.12,835.74,834.855,835.42,3722.745,3723.365,3722.48,3723.045,1.2256,62.3401,0.78,0.785,0.71,0.78,0.41,0.425,0.535,0.445,187.732,207.4011,122.8583,121.7841,64.4628,64.6091,57.2581,63.0303,,,,,,,-0.34,-27.7409,-0.3,-24.4773,0.265,21.6216,0.32,26.1091,83.5852,76.4397,61.9006,59.1774,12.6304,14.573,15.8015,21.6704,38.0667,32.9081,29.483,27.0154,-45.5185,-43.5316,-32.4176,-32.162,2.2027,10.6538,8.3707,14.174,-10.4277,-3.9191,-7.4308,-7.4963,,,0.1731,44.603,23.1096,-0.3409,12.5159,-0.1277,-0.0683,-16.698,-10.8049,,,,,,147.7025,56.6386,97.0268,,,,"Duque","","N/A","2008-01-01T00:00:00.000Z","Bay","Gelding","PRE horse (Pura Raza Espanola) - Andalusier","Dressage","","20260119T121135_logfile.itlog","2026-01-19T19:11:35.549Z","In hand","Research",,,
5,"walk","right","soft",836.35,836.96,836.09,836.67,3723.975,3724.585,3723.715,3724.295,1.2,61.5345,0.795,0.775,0.67,0.715,0.45,0.435,0.525,0.47,189.6019,204.5068,123.4812,119.8808,64.898,64.8536,56.3025,60.084,,,,,,,-0.35,-29.1667,-0.32,-26.6667,0.26,21.6667,0.29,24.1667,81.698,77.0468,65.8541,57.9049,14.6654,12.1379,15.948,22.7997,35.3236,35.7825,34.1023,29.1235,-46.3744,-41.2643,-31.7518,-28.7815,1.9634,10.0427,9.111,13.898,-12.702,-2.0952,-6.8371,-8.9016,,,0.2549,14.6018,-25.8104,0.0657,-0.1644,7.5125,-0.1965,-28.801,-11.5317,,,,,,158.5572,56.617,100.5311,,,,"Duque","","N/A","2008-01-01T00:00:00.000Z","Bay","Gelding","PRE horse (Pura Raza Espanola) - Andalusier","Dressage","","20260119T121135_logfile.itlog","2026-01-19T19:11:35.549Z","In hand","Research",,,
5,"walk","right","soft",837.555,838.14,837.275,837.865,3725.18,3725.765,3724.9,3725.49,1.1869,62.4273,0.78,0.79,0.68,0.715,0.41,0.405,0.515,0.48,205.5934,214.1517,134.0591,124.6808,65,65.9708,57.6271,61.1111,,,,,,,-0.315,-26.5403,-0.31,-26.119,0.28,23.5914,0.275,23.1701,82.135,77.9293,63.3433,59.9136,15.8427,11.7132,26.5026,19.4274,35.2105,35.3446,31.2542,31.5839,-46.9245,-42.5847,-32.0891,-28.3298,4.1527,8.4787,12.8673,13.7498,-11.69,-3.2345,-13.6353,-5.6776,,,0.0816,48.8336,37.1083,-0.3684,7.5601,2.5718,-0.2228,-22.9004,-0.1399,,,,,,184.0984,43.8488,102.3169,,,,"Duque","","N/A","2008-01-01T00:00:00.000Z","Bay","Gelding","PRE horse (Pura Raza Espanola) - Andalusier","Dressage","","20260119T121135_logfile.itlog","2026-01-19T19:11:35.549Z","In hand","Research",,,
5,"walk","right","soft",838.765,839.34,838.44,839.01,3726.39,3726.965,3726.065,3726.635,1.1831,62.6521,0.735,0.77,0.7,0.76,0.43,0.41,0.485,0.43,198.5667,215.0851,141.829,134.4797,62.4204,65.1163,59.0717,64,,,,,,,-0.3,-25.3566,-0.245,-20.7079,0.325,27.4696,0.33,27.8922,83.1523,73.1354,61.1283,59.8033,14.9542,12.2512,22.8558,16.7605,34.6082,32.3853,26.8043,28.1427,-48.5441,-40.75,-34.324,-31.6606,3.7117,7.9463,11.0845,11.9258,-11.2425,-4.305,-11.7713,-4.8347,,,-0.0297,29.4431,33.4524,-0.133,-2.031,8.4891,-0.1444,-18.5092,-5.8777,,,,,,164.5092,43.8672,98.4115,,,,"Duque","","N/A","2008-01-01T00:00:00.000Z","Bay","Gelding","PRE horse (Pura Raza Espanola) - Andalusier","Dressage","","20260119T121135_logfile.itlog","2026-01-19T19:11:35.549Z","In hand","Research",,,
5,"walk","right","soft",839.955,840.525,839.625,840.195,3727.58,3728.15,3727.25,3727.82,1.1825,62.3522,0.745,0.765,0.685,0.755,0.455,0.415,0.485,0.425,198.1565,198.7401,131.5777,134.4994,62.605,63.75,58.7983,64.2553,,,,,,,-0.285,-24.1015,-0.24,-20.296,0.33,27.907,0.33,27.907,82.9806,76.521,63.0188,62.3641,14.8855,13.4207,19.9719,14.5645,33.6256,33.0649,27.8298,29.1304,-49.355,-43.4561,-35.189,-33.2337,2.7885,9.9168,8.8755,8.8407,-12.097,-3.504,-11.0964,-5.7237,,,-0.0731,27.279,38.519,-0.0487,-1.4937,11.3087,-0.1623,-33.0095,,,,,,,,35.0179,111.5032,,,,"Duque","","N/A","2008-01-01T00:00:00.000Z","Bay","Gelding","PRE horse (Pura Raza Espanola) - Andalusier","Dressage","","20260119T121135_logfile.itlog","2026-01-19T19:11:35.549Z","In hand","Research",,,
5,"walk","right","soft",841.135,841.745,840.785,841.365,3728.76,3729.37,3728.41,3728.99,1.165,61.7015,0.71,0.71,0.705,0.75,0.435,0.455,0.475,0.415,205.468,197.163,136.4144,144.2503,61.0753,62.0087,59.6195,64.1026,,,,,,,-0.26,-22.3176,-0.23,-19.7425,0.35,30.0429,0.38,32.618,84.0874,79.2731,64.7862,61.0451,14.5621,12.8287,22.6531,17.8272,35.7103,38.1851,31.4982,30.0081,-48.3772,-41.088,-33.288,-31.037,1.5181,10.1778,10.8701,11.8504,-13.044,-2.6509,-11.783,-5.9768,,,-0.2627,29.1219,,-0.3364,3.3846,2.4283,-0.0562,-19.3374,-14.2524,,,,,,188.2788,30.5715,104.7731,,,,"Duque","","N/A","2008-01-01T00:00:00.000Z","Bay","Gelding","PRE horse (Pura Raza Espanola) - Andalusier","Dressage","","20260119T121135_logfile.itlog","2026-01-19T19:11:35.549Z","In hand","Research",,,
5,"walk","right","soft",842.315,842.87,841.97,842.54,3729.94,3730.495,3729.595,3730.165,1.2131,63.125,0.75,0.815,0.705,0.795,0.47,0.415,0.48,0.425,200.303,224.4293,142.1004,143.1603,62.7615,65.9919,59.2437,64.503,,,,,,,-0.225,-18.5471,-0.225,-18.5471,0.345,28.4389,0.33,27.2025,78.0686,76.5738,60.7256,57.8555,14.5686,12.5127,23.2683,17.2908,34.0134,34.3748,27.0358,26.8744,-44.0552,-42.1991,-33.6899,-30.9811,3.4841,7.2172,9.4984,11.6843,-11.0845,-5.2955,-13.7699,-5.6065,,,-0.4282,-12.0009,56.0988,-0.2334,4.3822,-1.8827,-0.0604,-14.4063,-9.6352,,,,,,176.5913,42.3591,88.6754,,,,"Duque","","N/A","2008-01-01T00:00:00.000Z","Bay","Gelding","PRE horse (Pura Raza Espanola) - Andalusier","Dressage","","20260119T121135_logfile.itlog","2026-01-19T19:11:35.549Z","In hand","Research",,,
5,"walk","right","soft",843.485,844.11,843.165,843.785,3731.11,3731.735,3730.79,3731.41,1.2237,63.8433,0.79,0.805,0.755,0.775,0.42,0.425,0.49,0.45,195.2147,207.6162,131.8531,123.049,63.7097,65.8487,61.6327,64.1822,,,,,,,-0.295,-24.1062,-0.3,-24.5148,0.32,26.1491,0.325,26.5577,83.455,74.7598,63.1409,59.6952,14.7353,12.3858,16.6955,15.8725,33.8935,33.4599,28.9034,29.5948,-49.5615,-41.2999,-34.2376,-30.1004,1.8298,8.549,7.922,10.3915,-12.9055,-3.8367,-8.7735,-5.481,,,-0.2327,26.0145,64.7008,-0.4887,7.715,14.6959,-0.2449,-23.3684,-2.246,,,,,,192.2693,42.349,94.3866,,,,"Duque","","N/A","2008-01-01T00:00:00.000Z","Bay","Gelding","PRE horse (Pura Raza Espanola) - Andalusier","Dressage","","20260119T121135_logfile.itlog","2026-01-19T19:11:35.549Z","In hand","Research",,,
5,"walk","right","soft",844.755,845.325,844.37,844.975,3732.38,3732.95,3731.995,3732.6,1.2388,64.1583,0.785,0.825,0.74,0.83,0.48,0.41,0.45,0.415,197.2603,205.3871,143.4056,141.821,63.1791,66.3984,60.6557,66.4,,,,,,,-0.26,-20.9889,-0.22,-17.7598,0.385,31.0797,0.35,28.2543,81.7157,71.0669,62.8026,57.5127,16.9401,12.5225,22.1115,14.92,35.6807,31.6744,29.4932,28.4219,-46.0351,-39.3925,-33.3094,-29.0909,4.3383,8.5192,9.2663,10.9752,-12.6018,-4.0033,-12.8452,-3.9449,,,0.0747,32.6729,23.2692,-0.0062,-2.4748,7.564,-0.1123,-18.6203,-9.251,,,,,,155.0078,34.0454,92.7022,,,,"Duque","","N/A","2008-01-01T00:00:00.000Z","Bay","Gelding","PRE horse (Pura Raza Espanola) - Andalusier","Dressage","","20260119T121135_logfile.itlog","2026-01-19T19:11:35.549Z","In hand","Research",,,
5,"walk","right","soft",845.975,846.575,845.62,846.23,3733.6,3734.2,3733.245,3733.855,1.2112,63.8143,0.77,0.77,0.75,0.8,0.435,0.425,0.51,0.425,196.0519,198.9726,131.0068,129.718,63.9004,65.3928,60.1202,65.8436,,,,,,,-0.295,-24.355,-0.255,-21.0526,0.355,29.3086,0.345,28.483,77.1094,72.4246,63.9532,61.8451,15.0792,12.4697,17.7842,17.1227,31.6715,27.4984,29.863,31.1587,-45.4379,-44.9262,-34.0903,-30.6864,0.9284,6.9705,8.98,12.2749,-14.1508,-5.4992,-8.8042,-4.8479,,,-0.3196,3.4667,48.7316,-0.165,-1.1856,0.9422,-0.0464,-9.5965,-5.8163,,,,,,145.1019,34.0218,87.6382,,,,"Duque","","N/A","2008-01-01T00:00:00.000Z","Bay","Gelding","PRE horse (Pura Raza Espanola) - Andalusier","Dressage","","20260119T121135_logfile.itlog","2026-01-19T19:11:35.549Z","In hand","Research",,,
5,"walk","right","soft",847.18,847.735,846.855,847.435,3734.805,3735.36,3734.48,3735.06,1.2244,63.9231,0.8,0.805,0.725,0.8,0.435,0.39,0.485,0.405,201.9182,214.3674,131.4519,146.5651,65.5738,66.5289,58.9431,64.6465,,,,,,,-0.28,-22.8688,-0.255,-20.827,0.325,26.5442,0.3,24.5023,80.7673,74.1996,65.2675,60.7703,15.0233,16.4302,20.499,16.4114,35.6662,29.2653,31.0127,27.8949,-45.1011,-44.9343,-34.2547,-32.8754,4.275,11.2479,9.8111,13.0813,-10.7483,-5.1823,-10.688,-3.3301,,,-0.102,11.4178,24.1449,0.0695,-7.2354,5.8984,-0.0844,-15.539,-8.29,,,,,,136.2104,48.0123,94.1342,,,,"Duque","","N/A","2008-01-01T00:00:00.000Z","Bay","Gelding","PRE horse (Pura Raza Espanola) - Andalusier","Dressage","","20260119T121135_logfile.itlog","2026-01-19T19:11:35.549Z","In hand","Research",,,
5,"walk","right","soft",848.385,848.96,848.105,848.705,3736.01,3736.585,3735.73,3736.33,1.1606,61.0524,0.76,0.735,0.675,0.665,0.405,0.42,0.525,0.47,206.8594,211.4676,129.4229,137.1581,65.0964,62.6866,57.4468,58.98,,,,,,,-0.37,-31.8794,-0.32,-27.5714,0.28,24.1249,0.255,21.9709,81.9524,74.3388,64.4125,64.6686,10.6964,11.6845,19.279,17.1784,36.2881,31.686,32.3883,37.198,-45.6644,-42.6528,-32.0242,-27.4707,1.654,11.1788,8.5744,12.9313,-9.0423,-0.5057,-10.7046,-4.2471,,,0.0726,12.6781,3.2505,0.4692,,-4.0171,-0.0017,-1.0696,-0.9387,,,,,,145.419,51.415,91.5067,,,,"Duque","","N/A","2008-01-01T00:00:00.000Z","Bay","Gelding","PRE horse (Pura Raza Espanola) - Andalusier","Dressage","","20260119T121135_logfile.itlog","2026-01-19T19:11:35.549Z","In hand","Research",,,
5,"walk","right","soft",849.555,850.15,849.255,849.825,3737.18,3737.775,3736.88,3737.45,1.1969,62.2516,0.77,0.765,0.695,0.75,0.41,0.455,0.475,0.455,209.2562,209.7549,145.0406,140.7329,65.3928,63.4855,58.5263,61.6016,,,,,,,-0.295,-24.6475,-0.27,-22.5587,0.3,25.0653,0.325,27.154,76.5371,71.6334,63.6794,60.1244,11.489,12.3692,18.1397,20.1929,31.9476,33.1112,30.4139,29.1775,-44.5895,-38.5221,-33.2655,-30.9469,1.483,9.1787,8.598,12.5788,-10.006,-3.1905,-9.5417,-7.614,,,0.1827,41.1897,12.9543,-0.1853,-6.2813,5.0707,-0.1741,-2.6037,14.6589,,,,,,178.58,49.889,99.1779,,,,"Duque","","N/A","2008-01-01T00:00:00.000Z","Bay","Gelding","PRE horse (Pura Raza Espanola) - Andalusier","Dressage","","20260119T121135_logfile.itlog","2026-01-19T19:11:35.549Z","In hand","Research",,,
5,"walk","right","soft",850.73,851.34,850.46,851.055,3738.355,3738.965,3738.085,3738.68,1.205,62.041,0.79,0.78,0.695,0.725,0.405,0.425,0.51,0.48,199.7823,195.449,130.6085,118.2111,65.5602,65,57.438,60.166,,,,,,,-0.31,-25.7261,-0.325,-26.971,0.27,22.4066,0.285,23.6515,81.2726,68.8958,64.0349,55.8678,11.1459,9.579,15.6757,21.6416,36.3708,29.0752,31.3742,26.4689,-44.9019,-39.8206,-32.6607,-29.3989,1.9457,7.9496,8.2377,13.9056,-9.2002,-1.6294,-7.4381,-7.736,,,-0.1391,14.144,34.168,-0.2893,2.7277,10.8155,-0.2287,-23.6731,-1.2901,,,,,,158.0584,56.1473,101.249,,,,"Duque","","N/A","2008-01-01T00:00:00.000Z","Bay","Gelding","PRE horse (Pura Raza Espanola) - Andalusier","Dressage","","20260119T121135_logfile.itlog","2026-01-19T19:11:35.549Z","In hand","Research",,,
5,"walk","right","soft",851.945,852.535,851.675,852.26,3739.57,3740.16,3739.3,3739.885,1.1894,61.403,0.76,0.75,0.7,0.71,0.425,0.415,0.52,0.48,196.1983,205.0843,127.9109,112.9229,64.135,63.6943,57.6132,60.1695,,,,,,,-0.335,-28.1661,-0.315,-26.4845,0.27,22.701,0.275,23.1214,86.3686,84.094,61.348,56.9305,12.7763,21.6044,9.9113,19.3353,36.9643,43.1084,29.8663,26.5574,-49.4043,-40.9856,-31.4817,-30.3731,2.7692,13.7932,5.6307,12.496,-10.0071,-7.8112,-4.2807,-6.8393,,,0.3579,31.2542,-20.2403,-0.1466,-8.2323,12.8276,-0.1882,-22.3709,-4.902,,,,,,156.5203,,97.6994,,,,"Duque","","N/A","2008-01-01T00:00:00.000Z","Bay","Gelding","PRE horse (Pura Raza Espanola) - Andalusier","Dressage","","20260119T121135_logfile.itlog","2026-01-19T19:11:35.549Z","In hand","Research",,,
5,"walk","right","soft",853.13,853.725,852.885,853.43,3740.755,3741.35,3740.51,3741.055,1.1912,61.9262,0.77,0.805,0.645,0.735,0.425,0.44,0.51,0.46,215.2922,213.0773,123.1421,114.7594,63.6364,65.8487,56.4551,61.7647,,,,,,,-0.35,-29.3809,-0.3,-25.1836,0.245,20.5666,0.295,24.7639,84.1583,74.4279,64.0812,61.5078,11.6497,11.145,19.784,19.0861,35.7783,33.2577,33.0896,32.3588,-48.38,-41.1702,-30.9917,-29.149,2.061,9.9697,11.0228,12.8008,-9.5887,-1.1752,-8.7612,-6.2852,,,0.4353,54.2972,-21.9928,0.2405,-10.7881,14.7403,-0.3828,-36.9254,1.1465,,,,,,175.2582,,108.2043,,,,"Duque","","N/A","2008-01-01T00:00:00.000Z","Bay","Gelding","PRE horse (Pura Raza Espanola) - Andalusier","Dressage","","20260119T121135_logfile.itlog","2026-01-19T19:11:35.549Z","In hand","Research",,,
5,"walk","right","soft",854.355,854.925,854.015,854.615,3741.98,3742.55,3741.64,3742.24,1.1994,62.6416,0.755,0.795,0.7,0.755,0.455,0.395,0.485,0.45,196.7828,210.4395,134.9059,134.1235,63.048,66.6667,58.4551,62.3967,,,,,,,-0.29,-24.1793,-0.26,-21.678,0.34,28.3481,0.31,25.8468,76.6696,76.3228,63.0096,58.0651,14.7168,9.2805,22.1489,21.9034,34.5131,36.3502,29.2602,31.311,-42.1565,-39.9726,-33.7493,-26.7541,2.869,6.7965,10.5986,13.9953,-11.8478,-2.4839,-11.5503,-7.9082,,,-0.3066,-3.2409,44.4776,-0.556,10.6158,8.4792,-0.1226,-22.5176,-11.2716,,,,,,159.8116,34.0598,102.9713,,,,"Duque","","N/A","2008-01-01T00:00:00.000Z","Bay","Gelding","PRE horse (Pura Raza Espanola) - Andalusier","Dressage","","20260119T121135_logfile.itlog","2026-01-19T19:11:35.549Z","In hand","Research",,,
5,"walk","right","soft",855.54,856.12,855.225,855.83,3743.165,3743.745,3742.85,3743.455,1.2131,62.5968,0.775,0.785,0.72,0.755,0.43,0.4,0.51,0.46,183.1585,211.0764,132.4669,125.5541,64.0496,65.9664,57.7154,62.6556,,,,,,,-0.3,-24.7295,-0.29,-23.9052,0.315,25.966,0.29,23.9052,78.5074,75.0108,61.8525,55.2448,12.6817,12.6433,10.6873,19.6665,34.7208,36.1121,29.153,26.3667,-43.7865,-38.8987,-32.6995,-28.878,4.3618,8.5282,4.6241,12.6006,-8.3199,-4.1151,-6.0632,-7.0659,,,-0.1281,31.2099,48.2988,-0.6217,9.4857,6.6399,-0.1597,-21.4691,-6.0311,,,,,,164.6483,47.4811,102.726,,,,"Duque","","N/A","2008-01-01T00:00:00.000Z","Bay","Gelding","PRE horse (Pura Raza Espanola) - Andalusier","Dressage","","20260119T121135_logfile.itlog","2026-01-19T19:11:35.549Z","In hand","Research",,,
5,"walk","right","soft",856.755,857.315,856.49,857.025,3744.38,3744.94,3744.115,3744.65,1.2187,62.2093,0.765,0.83,0.67,0.77,0.44,0.41,0.545,0.44,192.7885,195.7443,119.9043,115.1765,63.0928,66.6667,55.8333,63.2444,,,,,,,-0.37,-30.359,-0.27,-22.1538,0.265,21.7436,0.29,23.7949,75.6908,71.2525,64.3258,58.9383,12.8947,13.6583,9.8727,19.1068,31.0676,31.8603,34.4425,29.2522,-44.6232,-39.3921,-29.8833,-29.6862,2.1801,9.1468,7.2872,11.7463,-10.7146,-4.5115,-2.5854,-7.3605,,,0.3981,12.4219,-54.1519,-0.2423,6.7548,9.6726,,-24.8973,13.1258,,,,,,167.2087,54.0031,95.7028,,,,"Duque","","N/A","2008-01-01T00:00:00.000Z","Bay","Gelding","PRE horse (Pura Raza Espanola) - Andalusier","Dressage","","20260119T121135_logfile.itlog","2026-01-19T19:11:35.549Z","In hand","Research",,,
5,"walk","right","soft",857.975,858.565,857.675,858.25,3745.6,3746.19,3745.3,3745.875,1.2456,62.6913,0.79,0.835,0.71,0.79,0.455,0.42,0.515,0.455,181.4663,197.059,128.772,122.2657,63.5815,66.4016,57.9592,62.8231,,,,,,,-0.36,-28.9012,-0.275,-22.0773,0.3,24.0843,0.315,25.2885,77.5363,75.8652,65.2379,54.2092,13.3512,13.8176,15.4941,18.3729,32.5992,35.6719,32.6368,25.1059,-44.9371,-40.1933,-32.6011,-29.1032,2.6691,9.4499,8.2309,12.0068,-10.6821,-4.3676,-7.2632,-6.3661,,,-0.2249,35.3182,,-0.2364,8.2119,8.5663,-0.2571,-27.3989,-1.562,,,,,,183.2035,49.6138,102.06,,,,"Duque","","N/A","2008-01-01T00:00:00.000Z","Bay","Gelding","PRE horse (Pura Raza Espanola) - Andalusier","Dressage","","20260119T121135_logfile.itlog","2026-01-19T19:11:35.549Z","In hand","Research",,,
5,"walk","right","soft",859.215,859.825,858.9,859.52,3746.84,3747.45,3746.525,3747.145,1.2325,62.0875,0.775,0.795,0.73,0.76,0.45,0.425,0.515,0.48,185.5198,199.4326,124.4279,113.7871,62.8803,65.1639,58.517,61.7886,,,,,,,-0.335,-27.1805,-0.305,-24.7465,0.315,25.5578,0.305,24.7465,82.4959,75.4858,65.1892,57.1047,13.9222,10.8113,14.6504,19.8888,37.0284,35.159,33.2152,26.5498,-45.4676,-40.3268,-31.974,-30.5549,1.465,9.4555,7.5698,12.7198,-12.4572,-1.3558,-7.0806,-7.169,,,0.1554,50.9948,29.3182,-0.4823,10.7012,4.8267,-0.2293,-25.4459,-4.5274,,,,,,168.7629,45.5287,95.7475,,,,"Duque","","N/A","2008-01-01T00:00:00.000Z","Bay","Gelding","PRE horse (Pura Raza Espanola) - Andalusier","Dressage","","20260119T121135_logfile.itlog","2026-01-19T19:11:35.549Z","In hand","Research",,,
5,"walk","right","soft",860.455,861.045,860.15,860.74,3748.08,3748.67,3747.775,3748.365,1.1719,61.992,0.77,0.74,0.69,0.705,0.465,0.425,0.52,0.46,191.0518,204.6489,128.1737,123.2142,64.4351,64.488,57.7406,61.3043,,,,,,,-0.325,-27.7333,-0.285,-24.32,0.305,26.0267,0.305,26.0267,79.5407,77.0077,64.0648,60.0477,17.6849,11.8769,16.3103,17.4052,34.2494,35.2593,32.8647,28.8864,-45.2913,-41.7483,-31.2002,-31.1613,3.8378,7.3321,9.3861,11.7458,-13.8471,-4.5448,-6.9242,-5.6594,,,0.1074,26.5341,12.7299,0.0003,-1.2274,4.45,-0.179,-19.6303,-4.6364,,,,,,142.658,38.7494,93.6526,,,,"Duque","","N/A","2008-01-01T00:00:00.000Z","Bay","Gelding","PRE horse (Pura Raza Espanola) - Andalusier","Dressage","","20260119T121135_logfile.itlog","2026-01-19T19:11:35.549Z","In hand","Research",,,
5,"walk","right","soft",861.61,862.175,861.33,861.875,3749.235,3749.8,3748.955,3749.5,1.1281,63.1733,0.745,0.74,0.655,0.71,0.385,0.39,0.49,0.43,216.8611,219.7113,137.3795,133.9769,65.0655,66.6667,57.7093,63.2517,,,,,,,-0.285,-25.2632,-0.265,-23.4903,0.28,24.8199,0.3,26.5928,81.1372,78.6474,63.8261,56.8272,13.5678,14.2065,16.7272,15.9532,34.7137,36.3661,31.2184,25.8032,-46.4235,-42.2814,-32.6077,-31.0239,2.9123,10.489,8.4646,9.795,-10.6555,-3.7175,-8.2626,-6.1582,,,-0.2253,-17.1393,14.9934,-0.3265,5.1185,4.0183,-0.1336,-23.915,-12.4612,,,,,,157.9456,42.2729,98.2044,,,,"Duque","","N/A","2008-01-01T00:00:00.000Z","Bay","Gelding","PRE horse (Pura Raza Espanola) - Andalusier","Dressage","","20260119T121135_logfile.itlog","2026-01-19T19:11:35.549Z","In hand","Research",,,
5,"walk","right","soft",862.77,863.265,862.455,862.98,3750.395,3750.89,3750.08,3750.605,1.1044,61.7283,0.67,0.77,0.6,0.69,0.415,0.35,0.47,0.395,203.2209,248.0506,141.0835,139.3185,61.1872,67.8414,55.2995,62.585,,,,,,,-0.28,-25.3537,-0.21,-19.0153,0.315,28.5229,0.285,25.8065,81.5953,78.3657,61.2219,60.4762,19.3605,12.4543,17.9065,19.7124,38.918,34.3494,27.4948,30.4936,-42.6773,-44.0163,-33.7271,-29.9826,4.2402,8.4188,7.4747,13.3858,-15.1203,-4.0355,-10.4318,-6.3266,,,-0.237,-0.4896,36.9391,-0.5549,14.6772,12.3447,-0.0923,-21.0182,-14.5203,,,,,,171.0379,48.6088,97.4599,,,,"Duque","","N/A","2008-01-01T00:00:00.000Z","Bay","Gelding","PRE horse (Pura Raza Espanola) - Andalusier","Dressage","","20260119T121135_logfile.itlog","2026-01-19T19:11:35.549Z","In hand","Research",,,
5,"walk","right","soft",863.875,864.415,863.555,864.1,3751.5,3752.04,3751.18,3751.725,1.17,62.5682,0.715,0.775,0.67,0.77,0.435,0.38,0.5,0.43,190.6961,235.2861,130.6151,132.6295,62.1739,65.678,58.3878,64.0333,,,,,,,-0.29,-24.7863,-0.225,-19.2308,0.32,27.3504,0.315,26.9231,77.7289,76.7178,65.242,56.1998,16.415,19.6659,19.969,15.5646,32.5138,32.6196,31.5884,22.9395,-45.2151,-44.0982,-33.6537,-33.2603,3.0973,10.9715,10.1215,10.951,-13.3177,-8.6944,-9.8475,-4.6136,,,0.0661,50.0564,38.9641,-0.6336,5.6843,14.8117,-0.0154,2.4137,3.9403,,,,,,,52.2419,101.3783,,,,"Duque","","N/A","2008-01-01T00:00:00.000Z","Bay","Gelding","PRE horse (Pura Raza Espanola) - Andalusier","Dressage","","20260119T121135_logfile.itlog","2026-01-19T19:11:35.549Z","In hand","Research",,,
5,"walk","right","soft",865.025,865.62,864.68,865.305,3752.65,3753.245,3752.305,3752.93,1.2019,64.695,0.78,0.805,0.76,0.765,0.435,0.43,0.455,0.435,190.2835,213.2254,150.6284,128.5892,64.3299,67.0833,62.8099,64.557,,,,,,,-0.265,-22.0489,-0.28,-23.2969,0.345,28.7051,0.315,26.209,85.8694,73.9629,63.9596,59.5417,12.8861,12.5465,11.7359,14.947,37.0078,28.8356,28.7991,28.1871,-48.8615,-45.1273,-35.1605,-31.3546,1.5459,11.0708,5.5684,11.5328,-11.3402,-1.4757,-6.1675,-3.4143,,,0.1838,60.1567,33.1983,-0.2191,1.936,7.6973,-0.1099,-7.7582,0.1385,,,,,,179.9065,46.3706,71.8235,,,,"Duque","","N/A","2008-01-01T00:00:00.000Z","Bay","Gelding","PRE horse (Pura Raza Espanola) - Andalusier","Dressage","","20260119T121135_logfile.itlog","2026-01-19T19:11:35.549Z","In hand","Research",,,
5,"walk","right","soft",866.235,866.785,865.885,866.475,3753.86,3754.41,3753.51,3754.1,1.1919,65.1139,0.78,0.805,0.72,0.8,0.43,0.36,0.445,0.405,215.2042,229.1246,142.8109,143.7514,65.272,67.6471,61.1465,66.39,,,,,,,-0.265,-22.2339,-0.24,-20.1363,0.35,29.3655,0.31,26.0094,79.6708,76.2511,66.6469,59.4973,18.0974,16.3518,16.2366,13.8089,33.3589,31.8049,32.4,27.0067,-46.3118,-44.4462,-34.2469,-32.4906,3.981,9.4001,6.7978,10.7747,-14.1164,-6.9517,-9.4388,-3.0342,,,0.2533,36.8546,5.6497,-0.4921,-8.383,,-0.3658,-27.8523,5.0548,,,,,,144.9877,46.3713,92.7905,,,,"Duque","","N/A","2008-01-01T00:00:00.000Z","Bay","Gelding","PRE horse (Pura Raza Espanola) - Andalusier","Dressage","","20260119T121135_logfile.itlog","2026-01-19T19:11:35.549Z","In hand","Research",,,
5,"walk","right","soft",867.415,868,867.075,867.68,3755.04,3755.625,3754.7,3755.305,1.1838,63.3614,0.75,0.765,0.74,0.745,0.4,0.41,0.47,0.405,210.5325,214.6755,144.7214,140.9549,63.5593,63.8831,62.0545,63.9485,,,,,,,-0.29,-24.4984,-0.265,-22.3865,0.34,28.7223,0.32,27.0327,85.1644,74.3057,65.8182,61.2823,9.8719,14.7055,11.9357,17.9145,33.5522,32.8723,30.584,28.5238,-51.6122,-41.4334,-35.2342,-32.7585,1.174,11.7509,4.1059,10.2163,-8.6979,-2.9546,-7.8298,-7.6982,,,0.0912,36.6787,24.0413,-0.2568,3.2931,5.6334,-0.0806,-9.1196,-2.8661,,,,,,180.7134,40.4109,80.4848,,,,"Duque","","N/A","2008-01-01T00:00:00.000Z","Bay","Gelding","PRE horse (Pura Raza Espanola) - Andalusier","Dressage","","20260119T121135_logfile.itlog","2026-01-19T19:11:35.549Z","In hand","Research",,,
5,"walk","right","soft",868.625,869.22,868.25,868.86,3756.25,3756.845,3755.875,3756.485,1.2056,63.0155,0.73,0.76,0.74,0.81,0.46,0.455,0.435,0.435,197.3678,189.4739,148.7054,133.545,61.6034,63.4656,61.5385,65.4545,,,,,,,-0.25,-20.7361,-0.235,-19.492,0.375,31.1042,0.36,29.86,80.1784,76.409,67.4971,57.9788,13.7768,17.3961,18.7851,14.8102,34.4965,34.8254,32.8693,26.3643,-45.6819,-41.5836,-34.6278,-31.6145,1.2655,11.4658,8.6441,9.9317,-12.5114,-5.9303,-10.141,-4.8785,,,-0.0945,27.7696,41.8192,-0.4045,2.4239,9.9778,-0.2174,-19.8163,0.6477,,,,,,176.8258,44.6305,101.4304,,,,"Duque","","N/A","2008-01-01T00:00:00.000Z","Bay","Gelding","PRE horse (Pura Raza Espanola) - Andalusier","Dressage","","20260119T121135_logfile.itlog","2026-01-19T19:11:35.549Z","In hand","Research",,,
5,"walk","right","soft",869.805,870.4,869.48,870.09,3757.43,3758.025,3757.105,3757.715,1.2425,63.2801,0.795,0.815,0.74,0.795,0.45,0.42,0.49,0.42,194.3296,216.3698,143.7161,135.289,63.7275,65.0699,59.5573,64.7658,,,,,,,-0.26,-20.9256,-0.285,-22.9376,0.325,26.1569,0.31,24.9497,78.7201,75.2014,62.4398,58.3787,14.472,14.3893,18.9576,14.7139,30.3345,33.0438,27.9639,29.3839,-48.3856,-42.1576,-34.4759,-28.9948,2.623,11.856,9.6775,11.5844,-11.849,-2.5333,-9.2801,-3.1295,,,-0.1471,7.0531,30.7118,0.0894,-9.641,9.5098,-0.0134,-16.5983,-15.5848,,,,,,167.9154,45.8973,91.0621,,,,"Duque","","N/A","2008-01-01T00:00:00.000Z","Bay","Gelding","PRE horse (Pura Raza Espanola) - Andalusier","Dressage","","20260119T121135_logfile.itlog","2026-01-19T19:11:35.549Z","In hand","Research",,,
5,"walk","right","soft",871.055,871.67,870.735,871.33,3758.68,3759.295,3758.36,3758.955,1.2469,63.2579,0.785,0.825,0.74,0.805,0.455,0.455,0.515,0.445,186.994,198.537,128.333,123.1413,62.6747,66,59.4378,64.9194,,,,,,,-0.335,-26.8672,-0.275,-22.0551,0.32,25.6642,0.34,27.2682,82.0715,76.7733,61.7916,59.5459,16.2517,11.7392,16.2636,13.3451,35.4384,34.0335,29.9645,26.9728,-46.6331,-42.7398,-31.8271,-32.5731,1.958,9.4047,8.7316,9.1244,-14.2937,-2.3345,-7.532,-4.2207,,,0.3386,37.4567,-7.1051,-0.267,3.0929,7.7269,-0.1096,-9.5927,0.3305,,,,,,139.9756,37.9958,90.4992,,,,"Duque","","N/A","2008-01-01T00:00:00.000Z","Bay","Gelding","PRE horse (Pura Raza Espanola) - Andalusier","Dressage","","20260119T121135_logfile.itlog","2026-01-19T19:11:35.549Z","In hand","Research",,,
5,"walk","right","soft",872.32,872.89,871.97,872.56,3759.945,3760.515,3759.595,3760.185,1.2331,63.5547,0.775,0.815,0.735,0.81,0.48,0.395,0.495,0.425,191.8697,216.3149,125.2871,133.9698,62.6263,66.2602,59.8778,65.4545,,,,,,,-0.3,-24.3284,-0.24,-19.4627,0.35,28.3832,0.33,26.7613,75.1772,69.6598,63.6308,56.6235,14.608,12.031,23.337,15.3856,32.8093,33.3124,30.557,27.9884,-42.3679,-36.3474,-33.0738,-28.6351,3.9073,8.6178,11.3572,11.3442,-10.7007,-3.4132,-11.9798,-4.0413,,,-0.1434,-1.4622,17.8816,-0.2761,-0.0879,10.4247,-0.2376,-26.7437,-4.9558,,,,,,150.819,37.0743,97.8934,,,,"Duque","","N/A","2008-01-01T00:00:00.000Z","Bay","Gelding","PRE horse (Pura Raza Espanola) - Andalusier","Dressage","","20260119T121135_logfile.itlog","2026-01-19T19:11:35.549Z","In hand","Research",,,
5,"walk","right","soft",873.54,874.14,873.195,873.8,3761.165,3761.765,3760.82,3761.425,1.2187,63.9085,0.8,0.785,0.735,0.795,0.445,0.435,0.49,0.43,179.2095,182.6374,132.6749,125.4446,65.5738,65.4167,59.8778,64.7658,,,,,,,-0.305,-25.0256,-0.26,-21.3333,0.345,28.3077,0.34,27.8974,68.2585,72.5505,62.3963,55.2742,15.0164,14.1402,14.8191,13.6897,26.2826,35.112,29.2141,26.0249,-41.9759,-37.4385,-33.1822,-29.2493,1.1545,8.6325,7.6962,9.0194,-13.862,-5.5077,-7.1228,-4.6703,,,-0.2255,13.2541,45.6048,0.0021,-0.1725,5.3651,-0.1423,-18.1739,-6.2906,,,,,,156.7002,33.9633,89.783,,,,"Duque","","N/A","2008-01-01T00:00:00.000Z","Bay","Gelding","PRE horse (Pura Raza Espanola) - Andalusier","Dressage","","20260119T121135_logfile.itlog","2026-01-19T19:11:35.549Z","In hand","Research",,,
5,"walk","right","soft",874.735,875.32,874.425,875.03,3762.36,3762.945,3762.05,3762.655,1.2094,63.9085,0.78,0.815,0.73,0.765,0.395,0.395,0.495,0.435,186.1381,200.4488,127.2127,121.3413,65.8228,67.2165,59.1093,63.4855,,,,,,,-0.285,-23.5659,-0.295,-24.3928,0.31,25.6331,0.29,23.9793,77.7751,75.1541,60.6567,54.4606,8.5389,13.3586,14.7535,18.606,36.1099,36.0785,28.299,25.6003,-41.6652,-39.0756,-32.3577,-28.8603,0.9855,10.38,7.3579,12.9275,-7.5534,-2.9786,-7.3956,-5.6786,,,-0.1892,18.9993,42.8234,-0.393,15.9058,-5.2635,0.0051,-9.3665,-9.7336,,,,,,144.9529,46.4227,82.1619,,,,"Duque","","N/A","2008-01-01T00:00:00.000Z","Bay","Gelding","PRE horse (Pura Raza Espanola) - Andalusier","Dressage","","20260119T121135_logfile.itlog","2026-01-19T19:11:35.549Z","In hand","Research",,,
5,"walk","right","soft",875.93,876.535,875.67,876.24,3763.555,3764.16,3763.295,3763.865,1.2163,63.7997,0.805,0.83,0.71,0.76,0.415,0.4,0.515,0.445,189.9961,203.6933,122.8333,115.1113,65.0505,67.8937,58.9212,63.3333,,,,,,,-0.35,-28.777,-0.31,-25.4882,0.26,21.3772,0.295,24.2549,79.3452,79.8483,61.8229,54.1421,13.3618,16.7032,21.3595,18.199,32.0813,37.6587,30.5405,24.5958,-47.2639,-42.1896,-31.2824,-29.5463,2.8473,11.0431,11.6938,13.3685,-10.5145,-5.6602,-9.6657,-4.8306,,,0.4372,-12.2055,,-0.3832,9.3761,4.2674,-0.1963,-22.4208,-4.8468,,,,,,138.1682,51.6769,94.3735,,,,"Duque","","N/A","2008-01-01T00:00:00.000Z","Bay","Gelding","PRE horse (Pura Raza Espanola) - Andalusier","Dressage","","20260119T121135_logfile.itlog","2026-01-19T19:11:35.549Z","In hand","Research",,,
5,"walk","right","soft",877.185,877.75,876.855,877.435,3764.81,3765.375,3764.48,3765.06,1.185,63.5033,0.74,0.795,0.715,0.76,0.45,0.385,0.475,0.435,189.9961,224.3467,133.2126,120.7048,62.0545,67.2304,60.5932,64.135,,,,,,,-0.32,-27.0042,-0.25,-21.097,0.33,27.8481,0.315,26.5823,78.2266,76.8778,62.8736,59.9108,15.0014,11.4795,23.1778,16.6675,33.0739,36.2075,29.7881,31.402,-45.1526,-40.6703,-33.0855,-28.5088,2.8615,7.7265,11.0894,12.0285,-12.1399,-3.753,-12.0884,-4.639,,,-0.1286,26.9043,44.6772,-0.4924,1.6095,18.7179,-0.2991,-32.5868,-5.8557,,,,,,165.0979,49.323,99.5933,,,,"Duque","","N/A","2008-01-01T00:00:00.000Z","Bay","Gelding","PRE horse (Pura Raza Espanola) - Andalusier","Dressage","","20260119T121135_logfile.itlog","2026-01-19T19:11:35.549Z","In hand","Research",,,
5,"walk","right","soft",878.38,878.935,878.025,878.61,3766.005,3766.56,3765.65,3766.235,1.1994,63.8679,0.76,0.81,0.715,0.78,0.455,0.39,0.455,0.415,184.8915,219.1589,143.1183,139.2948,64,66.8041,60.3376,64.3299,,,,,,,-0.275,-22.9286,-0.23,-19.1767,0.355,29.5987,0.325,27.0974,75.9285,76.4511,62.9792,56.8062,14.8184,12.0095,18.2336,17.6003,34.9882,36.4344,28.5707,28.2907,-40.9403,-40.0167,-34.4084,-28.5155,3.6155,8.5858,8.4773,11.6253,-11.2029,-3.4238,-9.7563,-5.975,,,0.171,29.0064,6.0974,-0.3961,0.2365,17.3421,-0.0997,-22.1711,-13.8743,,,,,,140.0831,37.5029,97.0794,,,,"Duque","","N/A","2008-01-01T00:00:00.000Z","Bay","Gelding","PRE horse (Pura Raza Espanola) - Andalusier","Dressage","","20260119T121135_logfile.itlog","2026-01-19T19:11:35.549Z","In hand","Research",,,
5,"walk","right","soft",879.54,880.16,879.225,879.84,3767.165,3767.785,3766.85,3767.465,1.2044,63.1327,0.785,0.775,0.72,0.76,0.4,0.415,0.485,0.45,192.3238,206.5853,133.1446,125.7712,65.6904,65.4008,59.0164,62.423,,,,,,,-0.29,-24.0789,-0.3,-24.9092,0.315,26.1546,0.32,26.5698,77.0355,74.7476,63.6914,54.3042,18.4373,12.8053,13.6631,17.3545,31.9616,36.922,29.4536,25.2094,-45.0739,-37.8256,-34.2378,-29.0948,1.3378,7.3425,7.0904,11.3274,-17.0994,-5.4628,-6.5727,-6.0271,,,0.035,11.7301,7.5225,-0.5899,9.0116,11.8155,-0.1942,-24.1351,-5.8158,,,,,,145.0362,38.5829,103.6757,,,,"Duque","","N/A","2008-01-01T00:00:00.000Z","Bay","Gelding","PRE horse (Pura Raza Espanola) - Andalusier","Dressage","","20260119T121135_logfile.itlog","2026-01-19T19:11:35.549Z","In hand","Research",,,
5,"walk","right","soft",880.745,881.34,880.46,881.065,3768.37,3768.965,3768.085,3768.69,1.2069,62.3622,0.785,0.8,0.705,0.72,0.42,0.405,0.515,0.465,191.4296,204.5163,122.1633,112.6439,65.5532,65.5738,57.4338,60.8879,,,,,,,-0.3,-24.8576,-0.32,-26.5148,0.285,23.6147,0.275,22.7861,81.4081,71.6606,62.2034,58.6074,10.8384,14.3148,8.8503,16.329,37.9801,32.757,29.3961,29.6775,-43.428,-38.9036,-32.8073,-28.9299,3.4906,9.604,4.8499,11.0137,-7.3478,-4.7108,-4.0004,-5.3153,,,0.0057,30.1211,29.3927,-0.5775,,6.9113,-0.046,-17.9414,-14.0999,,,,,,157.548,50.2338,97.5458,,,,"Duque","","N/A","2008-01-01T00:00:00.000Z","Bay","Gelding","PRE horse (Pura Raza Espanola) - Andalusier","Dressage","","20260119T121135_logfile.itlog","2026-01-19T19:11:35.549Z","In hand","Research",,,
5,"walk","right","soft",881.935,882.575,881.695,882.245,3769.56,3770.2,3769.32,3769.87,1.2375,62.6701,0.835,0.81,0.675,0.785,0.405,0.435,0.53,0.46,204.7627,189.6697,122.4056,118.6164,66.6667,65.3226,56.0166,62.6747,,,,,,,-0.355,-28.6869,-0.31,-25.0505,0.24,19.3939,0.33,26.6667,79.5269,72.3946,64.8765,57.2518,13.9558,13.7138,12.5647,17.6114,33.0638,33.1639,34.2462,26.8339,-46.4631,-39.2308,-30.6303,-30.4179,1.5848,8.8899,7.9582,12.4958,-12.371,-4.8238,-4.6065,-5.1156,,,0.4359,45.1698,-23.2566,-0.0827,2.6545,7.9931,-0.1276,-13.9769,-2.4542,,,,,,163.7841,49.9988,93.6792,,,,"Duque","","N/A","2008-01-01T00:00:00.000Z","Bay","Gelding","PRE horse (Pura Raza Espanola) - Andalusier","Dressage","","20260119T121135_logfile.itlog","2026-01-19T19:11:35.549Z","In hand","Research",,,
5,"walk","right","soft",883.2,883.81,882.9,883.505,3770.825,3771.435,3770.525,3771.13,1.2256,62.4266,0.79,0.77,0.73,0.77,0.43,0.425,0.53,0.475,186.8663,198.2913,121.9971,117.3151,64.2276,63.2444,58.9899,63.2444,,,,,,,-0.325,-26.5171,-0.305,-24.8853,0.3,24.4773,0.305,24.8853,80.5667,70.9015,59.0718,54.9154,10.8691,13.3328,18.3619,15.9739,37.1728,28.9819,27.4769,25.5167,-43.3939,-41.9196,-31.5949,-29.3987,2.3885,10.4125,9.2361,11.7149,-8.4806,-2.9203,-9.1258,-4.259,,,0.1933,42.6455,17.9826,-0.3596,12.6291,-2.7864,-0.1487,-16.2049,-2.4837,,,,,,145.5708,48.6012,94.781,,,,"Duque","","N/A","2008-01-01T00:00:00.000Z","Bay","Gelding","PRE horse (Pura Raza Espanola) - Andalusier","Dressage","","20260119T121135_logfile.itlog","2026-01-19T19:11:35.549Z","In hand","Research",,,
5,"walk","right","soft",884.44,885.05,884.115,884.695,3772.065,3772.675,3771.74,3772.32,1.2194,62.8399,0.8,0.77,0.72,0.775,0.45,0.47,0.485,0.42,183.7955,182.0488,124.8482,126.6401,64.7773,63.9004,58.8957,63.786,,,,,,,-0.305,-25.0128,-0.255,-20.9124,0.325,26.653,0.355,29.1133,81.591,76.1513,63.1176,57.9478,14.4669,11.9945,14.5628,18.8939,36.7264,34.6279,30.7583,26.8393,-44.8647,-41.5235,-32.3593,-31.1085,2.6223,8.4736,6.6611,13.3845,-11.8446,-3.5208,-7.9017,-5.5094,,,0.2428,37.7949,4.136,-0.0386,-6.0666,10.6661,-0.2606,-28.6525,-9.1992,,,,,,148.9506,48.6136,84.068,,,,"Duque","","N/A","2008-01-01T00:00:00.000Z","Bay","Gelding","PRE horse (Pura Raza Espanola) - Andalusier","Dressage","","20260119T121135_logfile.itlog","2026-01-19T19:11:35.549Z","In hand","Research",,,
5,"walk","right","soft",885.66,886.22,885.355,885.93,3773.285,3773.845,3772.98,3773.555,1.2169,62.4308,0.76,0.825,0.695,0.76,0.42,0.4,0.52,0.46,201.9262,218.8737,129.1496,122.0284,63.2017,66.5323,57.438,62.5514,,,,,,,-0.305,-25.0642,-0.27,-22.188,0.305,25.0642,0.29,23.8315,78.0298,76.8048,63.2882,59.3161,11.6828,13.3783,19.8071,17.7453,33.609,35.3069,31.8678,30.1782,-44.4209,-41.4979,-31.4204,-29.1379,2.3202,9.0125,9.2578,12.9623,-9.3626,-4.3658,-10.5493,-4.7831,,,0.2399,40.6023,5.1666,-0.3528,4.3688,5.9438,-0.2607,-19.2355,3.4446,,,,,,153.1793,49.9312,88.8578,,,,"Duque","","N/A","2008-01-01T00:00:00.000Z","Bay","Gelding","PRE horse (Pura Raza Espanola) - Andalusier","Dressage","","20260119T121135_logfile.itlog","2026-01-19T19:11:35.549Z","In hand","Research",,,
5,"walk","right","soft",886.885,887.475,886.56,887.14,3774.51,3775.1,3774.185,3774.765,1.2363,62.6781,0.77,0.81,0.72,0.8,0.465,0.43,0.51,0.45,178.1091,205.5448,126.8462,121.9503,62.7291,65.0602,58.5366,64.3863,,,,,,,-0.34,-27.5025,-0.255,-20.6269,0.325,26.2892,0.335,27.0981,77.3715,76.3465,64.2014,56.8699,11.7035,11.741,13.1146,15.447,32.1908,36.4257,31.02,24.2587,-45.1807,-39.9208,-33.1814,-32.6112,2.0553,9.0051,6.6847,9.7998,-9.6483,-2.736,-6.43,-5.6472,,,0.1381,21.4779,2.0909,-0.392,6.5717,16.4316,-0.3338,-27.8156,5.7529,,,,,,143.3088,49.9262,104.1721,,,,"Duque","","N/A","2008-01-01T00:00:00.000Z","Bay","Gelding","PRE horse (Pura Raza Espanola) - Andalusier","Dressage","","20260119T121135_logfile.itlog","2026-01-19T19:11:35.549Z","In hand","Research",,,
5,"walk","right","soft",888.105,888.725,887.79,888.375,3775.73,3776.35,3775.415,3776,1.245,63.1651,0.795,0.8,0.74,0.81,0.45,0.44,0.51,0.435,186.6687,193.5139,128.3017,121.5967,63.7275,64.9087,58.9641,65.0602,,,,,,,-0.315,-25.3012,-0.27,-21.6867,0.315,25.3012,0.35,28.1124,82.9808,74.5125,62.9496,57.4953,14.6885,14.2775,11.564,18.0286,37.4248,32.7129,31.1577,25.6178,-45.556,-41.7996,-31.792,-31.8774,4.2748,10.7081,6.1818,11.8458,-10.4137,-3.5694,-5.3822,-6.1828,,,0.0891,28.3606,16.5831,-0.0487,3.5917,-0.3522,-0.045,-14.8313,-11.2149,,,,,,167.5061,40.7123,91.5811,,,,"Duque","","N/A","2008-01-01T00:00:00.000Z","Bay","Gelding","PRE horse (Pura Raza Espanola) - Andalusier","Dressage","","20260119T121135_logfile.itlog","2026-01-19T19:11:35.549Z","In hand","Research",,,
5,"walk","right","soft",889.355,889.95,889.05,889.62,3776.98,3777.575,3776.675,3777.245,1.2463,62.1722,0.765,0.805,0.725,0.805,0.455,0.425,0.52,0.435,192.1891,202.1997,124.4923,123.0314,62.069,64.2715,58.5859,63.7624,,,,,,,-0.325,-26.0782,-0.265,-21.2638,0.305,24.4734,0.33,26.4794,75.0742,78.9931,65.7358,56.8969,17.7062,14.1616,19.0309,18.5486,28.4598,35.4097,34.2115,25.6693,-46.6144,-43.5834,-31.5243,-31.2276,-0.3511,8.8562,10.6656,12.1521,-18.0573,-5.3054,-8.3653,-6.3965,,,0.0633,54.2148,45.7955,-0.4102,4.3253,9.5912,-0.1946,-14.681,2.2969,,,,,,178.7226,39.1915,87.2277,,,,"Duque","","N/A","2008-01-01T00:00:00.000Z","Bay","Gelding","PRE horse (Pura Raza Espanola) - Andalusier","Dressage","","20260119T121135_logfile.itlog","2026-01-19T19:11:35.549Z","In hand","Research",,,
5,"walk","right","soft",890.6,891.225,890.28,890.905,3778.225,3778.85,3777.905,3778.53,1.2275,62.1187,0.785,0.78,0.74,0.745,0.48,0.47,0.505,0.48,184.056,198.0104,135.2085,120.2518,62.9259,62.9032,60.0406,62.605,,,,,,,-0.33,-26.8839,-0.305,-24.8473,0.32,26.0692,0.32,26.0692,83.8639,79.0242,63.8729,60.8199,11.4011,10.8357,18.4227,13.3774,36.9824,34.3702,32.132,32.366,-46.8815,-44.654,-31.7409,-28.454,4.1734,9.045,7.8315,11.9891,-7.2277,-1.7907,-10.5912,-1.3882,,,0.2583,47.4924,12.8188,-0.5675,14.4316,8.2223,-0.169,-6.6451,8.229,,,,,,147.071,39.3989,88.0054,,,,"Duque","","N/A","2008-01-01T00:00:00.000Z","Bay","Gelding","PRE horse (Pura Raza Espanola) - Andalusier","Dressage","","20260119T121135_logfile.itlog","2026-01-19T19:11:35.549Z","In hand","Research",,,
5,"walk","right","soft",891.83,892.455,891.5,892.06,3779.455,3780.08,3779.125,3779.685,1.2338,63.2883,0.775,0.81,0.715,0.825,0.445,0.45,0.48,0.41,193.3677,204.5806,142.3382,135.1411,62.6263,65.3226,59.3361,65.8683,,,,,,,-0.275,-22.2898,-0.23,-18.6424,0.33,26.7477,0.395,32.0162,81.9009,75.8366,67.8427,60.3385,14.7371,13.1191,14.4306,13.0025,33.8517,35.1221,35.477,28.3807,-48.0492,-40.7145,-32.3657,-31.9578,3.0751,7.0531,6.8706,8.7047,-11.662,-6.0661,-7.5599,-4.2978,,,0.04,31.2253,26.3291,-0.2792,1.0286,10.7579,-0.2635,-18.2187,6.981,,,,,,168.3934,38.7291,95.6466,,,,"Duque","","N/A","2008-01-01T00:00:00.000Z","Bay","Gelding","PRE horse (Pura Raza Espanola) - Andalusier","Dressage","","20260119T121135_logfile.itlog","2026-01-19T19:11:35.549Z","In hand","Research",,,
5,"walk","right","soft",893.085,893.675,892.715,893.33,3780.71,3781.3,3780.34,3780.955,1.2588,63.5539,0.785,0.83,0.76,0.825,0.48,0.41,0.5,0.445,192.6581,208.7831,140.4109,128.1688,62.4254,66.1355,60.4374,65.2174,,,,,,,-0.26,-20.6554,-0.245,-19.4638,0.37,29.3942,0.345,27.4081,80.2866,80.2947,63.9678,61.2314,13.5483,13.2645,14.5016,12.5113,36.3141,35.9284,30.6481,28.9377,-43.9725,-44.3664,-33.3197,-32.2938,3.1485,9.9059,5.4916,8.3004,-10.3999,-3.3585,-9.01,-4.2108,,,0.2313,66.0205,30.4518,-0.5128,-2.3082,10.9957,-0.202,-14.6709,4.468,,,,,,184.2463,33.337,94.7617,,,,"Duque","","N/A","2008-01-01T00:00:00.000Z","Bay","Gelding","PRE horse (Pura Raza Espanola) - Andalusier","Dressage","","20260119T121135_logfile.itlog","2026-01-19T19:11:35.549Z","In hand","Research",,,
5,"walk","right","soft",894.335,894.945,893.97,894.59,3781.96,3782.57,3781.595,3782.215,1.2519,62.8909,0.775,0.825,0.74,0.81,0.465,0.44,0.495,0.435,187.8947,210.0502,133.0184,136.7722,62.1242,65.4762,59.6774,64.2857,,,,,,,-0.295,-23.5647,-0.255,-20.3694,0.365,29.1563,0.355,28.3575,79.8559,71.0032,62.9131,59.446,18.3037,8.1094,20.3725,16.2931,33.7534,32.3897,29.2533,32.2661,-46.1025,-38.6135,-33.6598,-27.18,1.4341,7.2962,10.3912,10.9452,-16.8696,-0.8133,-9.9814,-5.3479,,,0.1587,4.1497,-14.8144,-0.0414,-4.478,11.2797,-0.131,-16.6623,-6.4402,,,,,,153.74,33.1279,87.3916,,,,"Duque","","N/A","2008-01-01T00:00:00.000Z","Bay","Gelding","PRE horse (Pura Raza Espanola) - Andalusier","Dressage","","20260119T121135_logfile.itlog","2026-01-19T19:11:35.549Z","In hand","Research",,,
5,"walk","right","soft",895.59,896.2,895.215,895.865,3783.215,3783.825,3782.84,3783.49,1.2612,63.845,0.82,0.815,0.77,0.815,0.48,0.43,0.505,0.465,184.9733,188.7812,126.264,130.2185,64.4401,65.7258,60.274,64.9402,,,,,,,-0.27,-21.4073,-0.275,-21.8038,0.375,29.7324,0.335,26.561,77.6974,72.1951,61.3204,56.3229,14.6919,10.0382,21.127,14.3474,36.0839,31.7192,28.174,28.6623,-41.6135,-40.4759,-33.1463,-27.6606,3.6341,7.3506,9.7259,10.1965,-11.0578,-2.6876,-11.4011,-4.1509,,,-0.1143,-38.7046,-23.9594,-0.2796,2.3548,5.2034,-0.1297,-17.0687,-5.9229,,,,,,152.9936,27.7219,93.0094,,,,"Duque","","N/A","2008-01-01T00:00:00.000Z","Bay","Gelding","PRE horse (Pura Raza Espanola) - Andalusier","Dressage","","20260119T121135_logfile.itlog","2026-01-19T19:11:35.549Z","In hand","Research",,,
5,"walk","right","soft",896.835,897.435,896.495,897.095,3784.46,3785.06,3784.12,3784.72,1.2087,63.2284,0.785,0.75,0.755,0.765,0.425,0.42,0.51,0.415,184.5129,193.9239,127.1972,133.9631,64.876,63.9659,59.9206,64.1509,,,,,,,-0.295,-24.4054,-0.26,-21.5098,0.34,28.1282,0.34,28.1282,86.3524,75.497,62.608,58.8297,15.8088,14.7695,19.4812,18.4112,38.1629,33.9032,27.6593,26.3976,-48.1895,-41.5938,-34.9487,-32.4321,4.9191,9.245,7.8989,12.5505,-10.8897,-5.5245,-11.5822,-5.8607,,,0.0407,5.9461,0.7625,-0.3995,3.5556,1.5877,-0.1256,-15.3062,-4.496,,,,,,137.8576,55.3161,90.5911,,,,"Duque","","N/A","2008-01-01T00:00:00.000Z","Bay","Gelding","PRE horse (Pura Raza Espanola) - Andalusier","Dressage","","20260119T121135_logfile.itlog","2026-01-19T19:11:35.549Z","In hand","Research",,,
5,"walk","right","soft",898.045,898.61,897.75,898.3,3785.67,3786.235,3785.375,3785.925,1.2,62.2605,0.77,0.775,0.67,0.775,0.425,0.425,0.5,0.44,213.4825,211.5367,133.1809,126.5888,64.9789,63.2653,57.1429,63.655,,,,,,,-0.315,-26.25,-0.255,-21.25,0.295,24.5833,0.31,25.8333,75.8699,71.5336,64.0044,55.5251,13.8772,11.9512,16.9069,15.6708,31.958,33.1039,32.6222,25.6631,-43.912,-38.4297,-31.3822,-29.862,1.4996,9.1769,9.3328,9.7466,-12.3776,-2.7744,-7.5741,-5.9242,,,0.0824,26.6118,16.04,0.2772,-12.4193,7.7856,-0.2389,-24.6519,-2.5493,,,,,,145.4115,55.3205,99.5739,,,,"Duque","","N/A","2008-01-01T00:00:00.000Z","Bay","Gelding","PRE horse (Pura Raza Espanola) - Andalusier","Dressage","","20260119T121135_logfile.itlog","2026-01-19T19:11:35.549Z","In hand","Research",,,
5,"walk","right","soft",899.22,899.86,898.925,899.52,3786.845,3787.485,3786.55,3787.145,1.2531,63.4355,0.825,0.815,0.74,0.8,0.405,0.475,0.505,0.445,196.2869,174.1163,130.5328,117.6497,66.1323,64.2998,59.4378,63.8723,,,,,,,-0.315,-25.1372,-0.3,-23.9401,0.295,23.5411,0.34,27.1322,77.4609,73.0004,61.7102,51.3164,13.4662,11.1624,19.1563,19.6888,33.1127,34.4445,30.3791,22.5238,-44.3483,-38.5559,-31.3311,-28.7926,2.88,8.8041,9.7997,13.2365,-10.5862,-2.3584,-9.3566,-6.4523,,,0.1219,38.0903,23.5008,-0.245,4.5818,4.1014,-0.1927,-23.8701,-6.6563,,,,,,143.2326,39.1813,95.9627,,,,"Duque","","N/A","2008-01-01T00:00:00.000Z","Bay","Gelding","PRE horse (Pura Raza Espanola) - Andalusier","Dressage","","20260119T121135_logfile.itlog","2026-01-19T19:11:35.549Z","In hand","Research",,,
5,"walk","right","soft",900.485,901.105,900.17,900.78,3788.11,3788.73,3787.795,3788.405,1.2331,63.1674,0.82,0.79,0.73,0.775,0.44,0.43,0.505,0.46,180.8332,196.6519,123.2666,113.1651,65.3386,65.2893,58.517,63.5246,,,,,,,-0.31,-25.1394,-0.295,-23.923,0.315,25.5449,0.325,26.3558,78.3553,76.8363,62.2902,56.1572,15.7596,13.9033,18.7562,18.3663,33.8807,36.4144,30.1863,26.0816,-44.4745,-40.4219,-32.1038,-30.0756,3.4276,9.3243,9.3165,13.0807,-12.332,-4.579,-9.4397,-5.2855,,,0.1601,38.4947,18.1185,-0.3191,4.5881,7.2602,-0.3471,-31.6997,-0.1382,,,,,,146.8958,39.1842,97.3623,,,,"Duque","","N/A","2008-01-01T00:00:00.000Z","Bay","Gelding","PRE horse (Pura Raza Espanola) - Andalusier","Dressage","","20260119T121135_logfile.itlog","2026-01-19T19:11:35.549Z","In hand","Research",,,
5,"walk","right","soft",901.735,902.305,901.43,901.985,3789.36,3789.93,3789.055,3789.61,1.1806,62.0523,0.73,0.75,0.69,0.76,0.43,0.41,0.53,0.43,185.7087,210.4384,121.6635,122.4261,62.2601,63.9659,57.9832,64,,,,,,,-0.325,-27.5278,-0.25,-21.1752,0.305,25.8338,0.32,27.1043,85.3601,80.2753,62.1798,60.1058,14.2551,14.4492,19.4128,19.6514,40.5399,36.0077,30.8233,29.0967,-44.8202,-44.2676,-31.3565,-31.009,1.4058,10.5947,9.6408,13.823,-12.8492,-3.8545,-9.772,-5.8283,,,0.1478,13.543,-5.9862,-0.2674,3.7601,-1.045,-0.0054,-14.7735,-14.368,,,,,,136.0766,49.2152,95.0226,,,,"Duque","","N/A","2008-01-01T00:00:00.000Z","Bay","Gelding","PRE horse (Pura Raza Espanola) - Andalusier","Dressage","","20260119T121135_logfile.itlog","2026-01-19T19:11:35.549Z","In hand","Research",,,
5,"walk","right","soft",902.92,903.49,902.59,903.17,3790.545,3791.115,3790.215,3790.795,1.2169,62.7412,0.76,0.815,0.71,0.77,0.455,0.435,0.47,0.425,195.0021,218.0226,138.3164,142.1708,62.94,66.2602,59.2902,62.4746,,,,,,,-0.285,-23.4206,-0.25,-20.5444,0.33,27.1186,0.32,26.2969,75.9023,74.6322,63.8949,55.955,14.9283,14.1409,19.6472,21.1688,31.1467,34.3491,28.953,27.6739,-44.7556,-40.2832,-34.9419,-28.2811,3.7023,9.0795,9.1696,15.4237,-11.2259,-5.0614,-10.4776,-5.7451,,,0.1351,7.1195,-11.7121,0.1427,-4.0155,10.0749,-0.0608,-23.4266,,,,,,,141.9202,49.2191,100.5071,,,,"Duque","","N/A","2008-01-01T00:00:00.000Z","Bay","Gelding","PRE horse (Pura Raza Espanola) - Andalusier","Dressage","","20260119T121135_logfile.itlog","2026-01-19T19:11:35.549Z","In hand","Research",,,
5,"walk","right","soft",904.12,904.7,903.805,904.44,3791.745,3792.325,3791.43,3792.065,1.2025,62.1098,0.765,0.785,0.72,0.715,0.44,0.395,0.505,0.5,185.2586,209.3866,131.6961,107.1844,63.75,66.6667,58.0645,59.9581,,,,,,,-0.315,-26.1954,-0.32,-26.6112,0.315,26.1954,0.26,21.6216,74.7789,75.2801,61.8317,58.0474,14.1276,15.344,8.0068,16.7632,29.8962,36.3162,28.8278,30.4055,-44.8827,-38.9639,-33.0039,-27.642,0.1529,9.9771,4.8758,11.243,-13.9747,-5.3669,-3.1311,-5.5202,,,0.1369,27.8639,9.9566,-0.6377,12.821,8.4392,-0.0855,-9.6799,-1.8461,,,,,,140.7773,41.7425,93.5162,,,,"Duque","","N/A","2008-01-01T00:00:00.000Z","Bay","Gelding","PRE horse (Pura Raza Espanola) - Andalusier","Dressage","","20260119T121135_logfile.itlog","2026-01-19T19:11:35.549Z","In hand","Research",,,
5,"walk","right","soft",905.315,905.875,905.06,905.61,3792.94,3793.5,3792.685,3793.235,1.1763,61.7129,0.745,0.8,0.65,0.71,0.43,0.39,0.535,0.455,185.602,214.8949,120.1507,123.8373,63.2696,66.8058,55.4371,61.3391,,,,,,,-0.36,-30.6057,-0.295,-25.0797,0.255,21.6791,0.265,22.5292,79.24,72.4351,63.3556,58.8498,11.7931,13.9998,11.7281,19.6669,35.5771,33.9521,32.3158,29.6651,-43.6629,-38.483,-31.0399,-29.1848,1.8117,11.1986,6.3813,12.6407,-9.9814,-2.8012,-5.3468,-7.0262,,,0.0835,9.4147,-1.5785,-0.6271,16.7803,11.414,-0.1373,-18.1822,-5.6248,,,,,,131.5841,49.9457,100.0375,,,,"Duque","","N/A","2008-01-01T00:00:00.000Z","Bay","Gelding","PRE horse (Pura Raza Espanola) - Andalusier","Dressage","","20260119T121135_logfile.itlog","2026-01-19T19:11:35.549Z","In hand","Research",,,
5,"walk","right","soft",906.495,907.08,906.22,906.76,3794.12,3794.705,3793.845,3794.385,1.2181,63.1633,0.79,0.82,0.685,0.785,0.435,0.405,0.51,0.44,192.7193,199.961,129.8418,123.7928,64.8871,66.5314,57.9281,63.3065,,,,,,,-0.345,-28.3222,-0.265,-21.7547,0.275,22.5757,0.32,26.2699,75.9064,81.3926,64.2389,57.8387,14.6372,14.1522,22.6321,23.3743,32.4235,38.4322,33.6198,27.0355,-43.4829,-42.9604,-30.6191,-30.8032,2.6601,9.5692,12.8336,16.1917,-11.9771,-4.583,-9.7986,-7.1826,,,0.4589,46.8543,-38.3532,-0.2768,9.6922,8.8486,-0.113,-16.6778,-6.2559,,,,,,185.6605,49.9195,98.4787,,,,"Duque","","N/A","2008-01-01T00:00:00.000Z","Bay","Gelding","PRE horse (Pura Raza Espanola) - Andalusier","Dressage","","20260119T121135_logfile.itlog","2026-01-19T19:11:35.549Z","In hand","Research",,,
5,"walk","right","soft",907.705,908.32,907.39,908.015,3795.33,3795.945,3795.015,3795.64,1.1694,63.0943,0.765,0.74,0.73,0.715,0.42,0.42,0.485,0.47,184.0703,225.8648,135.8925,122.0456,65.3846,64.9123,60.7069,61.3734,,,,,,,-0.31,-26.5099,-0.31,-26.5099,0.315,26.9375,0.305,26.0823,74.9157,76.0122,63.5148,59.1623,15.4854,13.3059,18.155,15.3006,28.8998,35.2195,28.3115,27.5693,-46.0159,-40.7928,-35.2033,-31.593,1.9269,6.9457,8.4372,10.1365,-13.5585,-6.3603,-9.7178,-5.164,,,0.1991,,46.7638,-0.4171,13.9056,2.0954,-0.164,-15.5662,0.5025,,,,,,192.6411,46.9102,97.9693,,,,"Duque","","N/A","2008-01-01T00:00:00.000Z","Bay","Gelding","PRE horse (Pura Raza Espanola) - Andalusier","Dressage","","20260119T121135_logfile.itlog","2026-01-19T19:11:35.549Z","In hand","Research",,,
5,"walk","right","soft",908.86,909.44,908.58,909.16,3796.485,3797.065,3796.205,3796.785,1.1544,63.3533,0.745,0.77,0.7,0.71,0.39,0.38,0.46,0.43,199.2176,224.0437,143.1745,129.1657,65.0655,66.5227,60.0858,61.7391,,,,,,,-0.26,-22.523,-0.3,-25.9881,0.28,24.2555,0.28,24.2555,80.3305,73.6476,62.5088,58.4914,9.4574,15.5039,16.4426,18.1384,35.3676,32.6094,29.719,28.5303,-44.9629,-41.0383,-32.7898,-29.9611,0.7872,11.3467,7.7112,12.4214,-8.6702,-4.1572,-8.7314,-5.717,,,0.1166,19.9524,5.079,-0.6687,,3.3105,0.0919,-5.8593,-12.4761,,,,,,141.3918,,77.8632,,,,"Duque","","N/A","2008-01-01T00:00:00.000Z","Bay","Gelding","PRE horse (Pura Raza Espanola) - Andalusier","Dressage","","20260119T121135_logfile.itlog","2026-01-19T19:11:35.549Z","In hand","Research",,,
5,"walk","right","soft",910.015,910.605,909.75,910.32,3797.64,3798.23,3797.375,3797.945,1.1962,62.766,0.77,0.805,0.685,0.745,0.41,0.395,0.47,0.45,201.5864,212.8726,142.5014,124.8251,64.1667,66.3918,58.4222,62.0833,,,,,,,-0.31,-25.9143,-0.305,-25.4963,0.265,22.1526,0.285,23.8245,79.6006,78.3322,62.3606,59.7048,11.2503,14.885,16.9333,18.0781,34.2312,36.9593,29.5941,29.5913,-45.3694,-41.3729,-32.7665,-30.1136,2.0658,9.7413,8.8021,11.6344,-9.1845,-5.1437,-8.1312,-6.4436,,,-0.3543,-12.0387,34.3973,-0.4348,9.5196,18.3464,-0.2069,-20.2297,-3.5178,,,,,,170.1429,,92.5333,,,,"Duque","","N/A","2008-01-01T00:00:00.000Z","Bay","Gelding","PRE horse (Pura Raza Espanola) - Andalusier","Dressage","","20260119T121135_logfile.itlog","2026-01-19T19:11:35.549Z","In hand","Research",,,
5,"walk","right","soft",911.235,911.83,910.94,911.525,3798.86,3799.455,3798.565,3799.15,1.2037,62.0696,0.79,0.775,0.68,0.745,0.45,0.42,0.505,0.46,184.4139,208.739,132.5739,125.2543,65.4244,63.2653,57.5053,62.0833,,,,,,,-0.335,-27.8297,-0.29,-24.0914,0.295,24.5067,0.305,25.3375,79.1621,71.688,65.0406,55.5966,12.167,12.1837,19.7699,16.0769,34.1155,30.6838,34.1997,26.7953,-45.0466,-41.0042,-30.8409,-28.8013,1.7,7.2833,9.8237,10.7431,-10.467,-4.9004,-9.9463,-5.3338,,,0.458,40.9753,-27.9198,-0.7207,,,-0.3367,,-3.4341,,,,,,187.376,,111.1848,,,,"Duque","","N/A","2008-01-01T00:00:00.000Z","Bay","Gelding","PRE horse (Pura Raza Espanola) - Andalusier","Dressage","","20260119T121135_logfile.itlog","2026-01-19T19:11:35.549Z","In hand","Research",,,
5,"walk","right","soft",912.41,913.085,912.12,912.72,3800.035,3800.71,3799.745,3800.345,1.2212,63.2453,0.82,0.76,0.735,0.775,0.385,0.48,0.5,0.45,214.609,178.3834,131.0417,125.0832,66.2626,62.423,60.2459,64.0496,,,,,,,-0.29,-23.7462,-0.31,-25.3838,0.29,23.7462,0.365,29.8874,84.9441,72.3826,59.3346,55.9146,13.7949,11.6223,13.6396,15.0672,37.0433,30.6153,28.3117,25.8983,-47.9008,-41.7673,-31.0229,-30.0163,2.9834,8.2574,5.8272,9.8828,-10.8115,-3.3649,-7.8123,-5.1844,,,0.1791,24.1556,1.1668,-0.378,6.5459,3.569,-0.051,-15.2229,-11.1142,,,,,,129.4932,41.6471,91.6353,,,,"Duque","","N/A","2008-01-01T00:00:00.000Z","Bay","Gelding","PRE horse (Pura Raza Espanola) - Andalusier","Dressage","","20260119T121135_logfile.itlog","2026-01-19T19:11:35.549Z","In hand","Research",,,
5,"walk","right","soft",913.68,914.28,913.325,913.915,3801.305,3801.905,3800.95,3801.54,1.1919,62.4998,0.755,0.71,0.74,0.775,0.45,0.435,0.47,0.42,202.1131,207.8465,127.2202,128.4216,63.1799,61.3391,61.0309,64.4491,,,,,,,-0.24,-20.1363,-0.235,-19.7168,0.355,29.785,0.365,30.624,81.7562,80.2856,66.1898,59.5197,17.4548,13.8381,17.4299,17.8938,35.7929,36.736,32.9513,26.6759,-45.9633,-43.5496,-33.2385,-32.8438,2.7277,8.6573,8.1024,11.9879,-14.7271,-5.1808,-9.3274,-5.9059,,,-0.2359,-16.2282,12.0539,-0.2398,-6.7768,5.9909,-0.2182,-18.4249,-0.316,,,,,,122.3793,45.2946,83.787,,,,"Duque","","N/A","2008-01-01T00:00:00.000Z","Bay","Gelding","PRE horse (Pura Raza Espanola) - Andalusier","Dressage","","20260119T121135_logfile.itlog","2026-01-19T19:11:35.549Z","In hand","Research",,,
5,"walk","right","soft",914.865,915.45,914.54,915.125,3802.49,3803.075,3802.165,3802.75,1.2037,62.7192,0.765,0.755,0.73,0.77,0.43,0.46,0.475,0.435,204.4049,205.4339,144.6331,138.695,63.354,62.268,61.0879,64.1667,,,,,,,-0.26,-21.5992,-0.26,-21.5992,0.325,26.999,0.325,26.999,81.4333,77.3607,62.9286,60.2389,10.8933,12.1371,12.9902,13.2365,36.5758,32.3767,29.2046,29.2953,-44.8575,-44.9839,-33.7241,-30.9436,3.0597,8.759,5.1069,10.3822,-7.8336,-3.378,-7.8832,-2.8543,,,0.1266,16.1918,-1.3986,0.1584,-8.0635,1.3809,-0.1295,-10.4913,-0.6146,,,,,,145.21,45.2942,76.86,,,,"Duque","","N/A","2008-01-01T00:00:00.000Z","Bay","Gelding","PRE horse (Pura Raza Espanola) - Andalusier","Dressage","","20260119T121135_logfile.itlog","2026-01-19T19:11:35.549Z","In hand","Research",,,
5,"walk","right","soft",916.085,916.66,915.725,916.32,3803.71,3804.285,3803.35,3803.945,1.2319,63.5076,0.77,0.795,0.745,0.82,0.455,0.455,0.455,0.425,186.5288,205.1261,137.9628,132.6619,62.8571,63.3466,61.6977,66.129,,,,,,,-0.275,-22.3237,-0.235,-19.0766,0.36,29.2237,0.34,27.6002,82.3787,77.0949,65.9767,56.6251,12.8128,13.0638,14.3025,15.2904,37.786,32.7283,31.1664,26.1317,-44.5927,-44.3665,-34.8103,-30.4934,2.8952,10.0399,6.8378,10.5358,-9.9176,-3.0239,-7.4647,-4.7546,,,0.1132,30.7912,16.0718,-0.349,-1.0172,12.782,-0.2844,-23.2604,3.2711,,,,,,149.5887,37.4107,94.7533,,,,"Duque","","N/A","2008-01-01T00:00:00.000Z","Bay","Gelding","PRE horse (Pura Raza Espanola) - Andalusier","Dressage","","20260119T121135_logfile.itlog","2026-01-19T19:11:35.549Z","In hand","Research",,,
5,"walk","right","soft",917.31,917.92,916.94,917.555,3804.935,3805.545,3804.565,3805.18,1.2694,64.0949,0.8,0.83,0.775,0.85,0.455,0.465,0.47,0.415,190.6792,204.4511,137.8854,127.549,63.6183,64.7173,61.5079,66.5362,,,,,,,-0.28,-22.0581,-0.245,-19.3008,0.37,29.1482,0.365,28.7543,78.4798,72.9106,62.8101,56.8065,16.1947,11.2314,16.9411,13.7384,31.3273,31.6652,29.4218,26.8621,-47.1525,-41.2454,-33.3883,-29.9444,2.0034,9.0832,8.3889,10.3547,-14.1913,-2.1481,-8.5522,-3.3836,,,-0.0471,5.8836,11.6717,-0.055,-5.8785,14.0876,-0.1613,-19.4251,-6.6734,,,,,,148.7147,37.6794,85.7175,,,,"Duque","","N/A","2008-01-01T00:00:00.000Z","Bay","Gelding","PRE horse (Pura Raza Espanola) - Andalusier","Dressage","","20260119T121135_logfile.itlog","2026-01-19T19:11:35.549Z","In hand","Research",,,
5,"walk","right","soft",918.57,919.19,918.215,918.845,3806.195,3806.815,3805.84,3806.47,1.2731,63.6087,0.795,0.845,0.775,0.825,0.46,0.44,0.5,0.44,191.8266,195.803,126.7584,123.9579,62.9703,65.3772,61.5079,64.5793,,,,,,,-0.295,-23.1713,-0.275,-21.6004,0.355,27.8841,0.345,27.0987,78.8702,70.9993,65.214,57.8238,13.7808,15.1284,10.0081,14.5395,32.0678,33.1832,33.472,29.0185,-46.8024,-37.816,-31.742,-28.8053,1.9821,9.7204,4.6007,10.0842,-11.7988,-5.408,-5.4075,-4.4553,,,-0.1279,-34.921,-18.5007,-0.3256,-3.2254,8.9368,0.0369,-1.4819,-4.1204,,,,,,146.8647,31.6095,73.0171,,,,"Duque","","N/A","2008-01-01T00:00:00.000Z","Bay","Gelding","PRE horse (Pura Raza Espanola) - Andalusier","Dressage","","20260119T121135_logfile.itlog","2026-01-19T19:11:35.549Z","In hand","Research",,,
5,"walk","right","soft",919.84,920.49,919.46,920.135,3807.465,3808.115,3807.085,3807.76,1.285,64.3101,0.845,0.825,0.81,0.825,0.475,0.455,0.47,0.465,187.2457,180.8076,133.8468,117.9642,64.5038,65.8683,62.7907,64.0777,,,,,,,-0.27,-21.0117,-0.295,-22.9572,0.38,29.572,0.355,27.6265,78.7765,75.6161,62.2454,57.6807,14.2275,9.9229,12.5704,16.008,35.0994,35.3652,26.6327,28.0699,-43.6772,-40.2509,-35.6127,-29.6108,3.383,8.8288,5.8483,10.7435,-10.8445,-1.0941,-6.7221,-5.2645,,,-0.0285,6.9588,10.1093,-0.1805,-0.2436,4.8113,-0.2619,-19.5134,1.0555,,,,,,139.3449,37.4212,83.2268,,,,"Duque","","N/A","2008-01-01T00:00:00.000Z","Bay","Gelding","PRE horse (Pura Raza Espanola) - Andalusier","Dressage","","20260119T121135_logfile.itlog","2026-01-19T19:11:35.549Z","In hand","Research",,,
5,"walk","right","soft",921.14,921.715,920.76,921.42,3808.765,3809.34,3808.385,3809.045,1.2369,63.6821,0.76,0.83,0.77,0.79,0.455,0.4,0.49,0.46,179.671,209.7147,124.1479,127.682,62.1677,67.3428,60.9901,64.2276,,,,,,,-0.27,-21.8292,-0.28,-22.6377,0.38,30.7226,0.295,23.8504,75.7382,73.2773,60.9727,55.7374,17.556,10.8832,22.1895,15.6074,32.2154,34.7271,25.7495,28.0783,-43.5228,-38.5502,-35.2232,-27.6591,3.0259,8.5406,10.9151,11.4339,-14.5301,-2.3426,-11.2744,-4.1735,,,-0.2279,9.1992,38.0313,-0.1073,-3.4084,8.8416,-0.3068,-32.2259,-5.6409,,,,,,138.0123,38.6539,97.9456,,,,"Duque","","N/A","2008-01-01T00:00:00.000Z","Bay","Gelding","PRE horse (Pura Raza Espanola) - Andalusier","Dressage","","20260119T121135_logfile.itlog","2026-01-19T19:11:35.549Z","In hand","Research",,,
5,"walk","right","soft",922.37,922.95,922.025,922.63,3809.995,3810.575,3809.65,3810.255,1.2394,63.4178,0.76,0.84,0.735,0.81,0.47,0.405,0.495,0.42,178.5687,201.0663,129.3868,129.7769,62.2951,66.9323,59.5142,64.9299,,,,,,,-0.31,-25.0126,-0.26,-20.9783,0.345,27.8366,0.32,25.8195,67.8834,69.872,64.8587,59.4079,15.2911,16.7629,14.9402,13.3644,25.6974,33.1941,30.9332,29.2653,-42.186,-36.6779,-33.9254,-30.1426,2.5752,9.5409,7.2533,9.2203,-12.7159,-7.222,-7.6869,-4.1442,,,-0.0977,36.2785,48.4188,0.0254,-2.98,2.8751,-0.1637,-27.7481,-14.9014,,,,,,176.2291,36.6582,95.9367,,,,"Duque","","N/A","2008-01-01T00:00:00.000Z","Bay","Gelding","PRE horse (Pura Raza Espanola) - Andalusier","Dressage","","20260119T121135_logfile.itlog","2026-01-19T19:11:35.549Z","In hand","Research",,,
5,"walk","right","soft",923.58,924.215,923.265,923.895,3811.205,3811.84,3810.89,3811.52,1.2662,63.8784,0.795,0.845,0.77,0.825,0.45,0.425,0.505,0.455,171.8955,190.5768,131.507,121.419,63.8554,67.0635,60.3922,64.2023,,,,,,,-0.315,-24.8766,-0.315,-24.8766,0.315,24.8766,0.32,25.2715,71.9492,69.7344,62.8717,53.2696,10.9791,13.5315,13.4615,14.4993,28.717,33.2706,30.0932,24.3358,-43.2322,-36.4638,-32.7785,-28.9338,-1.6299,11.7842,6.7702,10.5219,-12.609,-1.7473,-6.6913,-3.9774,,,0.0188,44.6971,42.1492,-0.2797,14.3793,-1.7724,-0.0337,-13.8425,-11.1763,,,,,,177.9258,46.7157,90.336,,,,"Duque","","N/A","2008-01-01T00:00:00.000Z","Bay","Gelding","PRE horse (Pura Raza Espanola) - Andalusier","Dressage","","20260119T121135_logfile.itlog","2026-01-19T19:11:35.549Z","In hand","Research",,,
5,"walk","right","soft",924.825,925.465,924.54,925.185,3812.45,3813.09,3812.165,3812.81,1.2819,64.2713,0.855,0.855,0.785,0.8,0.45,0.405,0.505,0.465,172.0706,192.971,125.2496,113.0971,66.6667,67.1906,61.6896,61.5385,,,,,,,-0.325,-25.3535,-0.36,-28.0839,0.285,22.2331,0.28,21.843,74.0353,71.5708,57.5228,51.4868,14.0576,12.3294,21.0146,22.2548,32.1994,33.7139,27.5912,26.3917,-41.8359,-37.8569,-29.9316,-25.0951,1.4223,8.0725,10.021,14.2591,-12.6353,-4.2569,-10.9936,-7.9957,,,0.1147,25.0779,15.1256,-0.3694,8.6045,3.2074,-0.0414,-9.4051,-6.4457,,,,,,110.3742,49.732,77.8749,,,,"Duque","","N/A","2008-01-01T00:00:00.000Z","Bay","Gelding","PRE horse (Pura Raza Espanola) - Andalusier","Dressage","","20260119T121135_logfile.itlog","2026-01-19T19:11:35.549Z","In hand","Research",,,
5,"walk","right","soft",926.085,926.75,925.795,926.52,3813.71,3814.375,3813.42,3814.145,1.2744,64.2139,0.86,0.85,0.81,0.755,0.405,0.43,0.47,0.535,188.6822,183.5933,125.9006,100.7221,66.2813,66.4063,63.1579,61.0101,,,,,,,-0.33,-25.895,-0.435,-34.1344,0.29,22.7563,0.23,18.0481,79.4289,78.1461,60.4297,53.9711,8.5711,12.484,13.9641,14.3854,32.9294,34.19,27.9472,27.9505,-46.4995,-43.9562,-32.4825,-26.0206,2.2089,8.9649,6.5088,10.2271,-6.3622,-3.5191,-7.4553,-4.1584,,,-0.0617,18.9842,25.4999,-0.2761,8.3396,3.9761,-0.3306,-22.2951,3.1756,,,,,,133.8507,49.7137,80.3375,,,,"Duque","","N/A","2008-01-01T00:00:00.000Z","Bay","Gelding","PRE horse (Pura Raza Espanola) - Andalusier","Dressage","","20260119T121135_logfile.itlog","2026-01-19T19:11:35.549Z","In hand","Research",,,
5,"walk","right","soft",927.415,928.03,927.08,927.705,3815.04,3815.655,3814.705,3815.33,1.2444,63.6888,0.8,0.81,0.775,0.785,0.47,0.43,0.475,0.43,178.8798,208.988,126.2298,121.0718,63.2411,65.3226,62.5,63.6917,,,,,,,-0.33,-26.5193,-0.29,-23.3049,0.335,26.9211,0.325,26.1175,79.4374,72.3395,65.9049,59.0458,11.9524,11.0815,11.0989,16.0803,34.5774,33.1819,31.6879,28.1686,-44.86,-39.1576,-34.2171,-30.8773,3.1582,8.6708,5.3009,11.9211,-8.7942,-2.4107,-5.7979,-4.1592,,,0.0682,33.9589,25.7475,-0.1415,1.982,4.9532,-0.1939,-15.8518,-1.1871,,,,,,146.2455,49.6974,76.8026,,,,"Duque","","N/A","2008-01-01T00:00:00.000Z","Bay","Gelding","PRE horse (Pura Raza Espanola) - Andalusier","Dressage","","20260119T121135_logfile.itlog","2026-01-19T19:11:35.549Z","In hand","Research",,,
5,"walk","right","soft",928.675,929.27,928.31,928.955,3816.3,3816.895,3815.935,3816.58,1.2525,63.4904,0.8,0.805,0.775,0.8,0.46,0.43,0.455,0.465,184.3312,185.3072,142.236,127.3256,64.1283,65.5804,61.753,62.5,,,,,,,-0.28,-22.3553,-0.28,-22.3553,0.365,29.1417,0.315,25.1497,80.0672,70.99,58.7349,51.3755,14.5881,7.762,16.4513,19.6133,38.0238,34.3162,24.4059,24.939,-42.0433,-36.6737,-34.329,-26.4364,3.3566,7.3439,7.1902,12.0375,-11.2314,-0.4181,-9.2611,-7.5758,,,0.2335,57.6422,26.8739,-0.3556,2.7502,13.1147,-0.2546,-20.784,1.8798,,,,,,172.9519,41.915,91.9065,,,,"Duque","","N/A","2008-01-01T00:00:00.000Z","Bay","Gelding","PRE horse (Pura Raza Espanola) - Andalusier","Dressage","","20260119T121135_logfile.itlog","2026-01-19T19:11:35.549Z","In hand","Research",,,
5,"walk","right","soft",929.91,930.49,929.59,930.25,3817.535,3818.115,3817.215,3817.875,1.225,62.738,0.79,0.82,0.74,0.725,0.435,0.415,0.505,0.495,187.9626,192.9221,121.131,112.1282,64.3585,65.8635,59.6774,61.0526,,,,,,,-0.32,-26.1224,-0.34,-27.7551,0.32,26.1224,0.24,19.5918,79.1122,70.4035,59.2321,55.6343,10.7979,10.89,15.4871,17.0462,35.5705,31.4232,27.8236,29.4062,-43.5418,-38.9803,-31.4085,-26.2281,2.9539,8.2378,7.4638,12.2513,-7.844,-2.6522,-8.0233,-4.7949,,,0.0325,65.6099,61.9401,-0.0994,-2.8587,7.1726,-0.2154,-28.2271,-11.9486,,,,,,176.9871,39.3296,87.5063,,,,"Duque","","N/A","2008-01-01T00:00:00.000Z","Bay","Gelding","PRE horse (Pura Raza Espanola) - Andalusier","Dressage","","20260119T121135_logfile.itlog","2026-01-19T19:11:35.549Z","In hand","Research",,,
5,"walk","right","soft",931.14,931.745,930.825,931.405,3818.765,3819.37,3818.45,3819.03,1.2337,63.0911,0.78,0.815,0.715,0.805,0.44,0.435,0.495,0.43,190.9601,185.9223,122.6302,119.797,63.6735,65.4618,59.2133,64.0159,,,,,,,-0.335,-27.153,-0.265,-21.4792,0.315,25.5319,0.34,27.5583,75.886,71.326,62.8003,54.8391,13.7288,10.1121,13.6692,19.7366,32.0171,34.9633,30.6745,27.4335,-43.8689,-36.3627,-32.1259,-27.4056,1.7202,8.1208,6.8711,12.2837,-12.0086,-1.9912,-6.7981,-7.4529,,,0.104,55.7597,41.8194,0.099,-6.0544,5.375,-0.347,-28.7586,0.0266,,,,,,175.8814,38.5737,87.4511,,,,"Duque","","N/A","2008-01-01T00:00:00.000Z","Bay","Gelding","PRE horse (Pura Raza Espanola) - Andalusier","Dressage","","20260119T121135_logfile.itlog","2026-01-19T19:11:35.549Z","In hand","Research",,,
5,"walk","right","soft",932.37,932.985,932.03,932.685,3819.995,3820.61,3819.655,3820.31,1.2975,63.686,0.815,0.875,0.78,0.835,0.45,0.425,0.49,0.475,180.5664,187.7074,127.5338,114.6181,63.9216,67.0498,59.542,64.2308,,,,,,,-0.285,-21.9653,-0.315,-24.2775,0.34,26.2042,0.3,23.1214,78.2765,74.1747,59.2427,53.2717,13.0823,12.6937,12.7699,14.6345,32.6964,34.8741,27.083,26.7166,-45.5801,-39.3006,-32.1597,-26.5551,2.3671,8.6264,7.1039,10.1875,-10.7151,-4.0673,-5.6661,-4.447,,,-0.0059,40.628,41.2794,0.1065,-3.4509,-0.0652,-0.1388,-13.668,-3.0805,,,,,,151.0427,36.0199,79.3495,,,,"Duque","","N/A","2008-01-01T00:00:00.000Z","Bay","Gelding","PRE horse (Pura Raza Espanola) - Andalusier","Dressage","","20260119T121135_logfile.itlog","2026-01-19T19:11:35.549Z","In hand","Research",,,
5,"walk","right","soft",933.655,934.295,933.38,933.975,3821.28,3821.92,3821.005,3821.6,1.2738,63.214,0.845,0.83,0.74,0.805,0.47,0.435,0.57,0.455,176.6805,191.7351,110.9236,106.9102,65.1252,66.8008,58.0392,62.8906,,,,,,,-0.395,-31.0108,-0.32,-25.1227,0.275,21.5898,0.32,25.1227,77.1845,74.0466,64.7942,55.9744,12.2372,10.7534,16.2575,18.8873,31.9472,34.9209,36.3254,29.0896,-45.2373,-39.1257,-28.4688,-26.8848,0.7134,7.9379,9.8905,12.9124,-11.5238,-2.8155,-6.367,-5.9749,,,,30.5682,-42.1838,-0.2429,4.7423,1.9974,-0.1655,-11.8256,0.2538,,,,,,137.439,35.3345,74.1807,,,,"Duque","","N/A","2008-01-01T00:00:00.000Z","Bay","Gelding","PRE horse (Pura Raza Espanola) - Andalusier","Dressage","","20260119T121135_logfile.itlog","2026-01-19T19:11:35.549Z","In hand","Research",,,
5,"walk","right","soft",934.935,935.515,934.62,935.275,3822.56,3823.14,3822.245,3822.9,1.2175,63.2227,0.775,0.83,0.74,0.735,0.435,0.39,0.5,0.495,189.9908,210.5792,130.1666,112.6559,64.0496,66.9355,60.6557,61.25,,,,,,,-0.325,-26.694,-0.34,-27.9261,0.315,25.8727,0.24,19.7125,76.0204,68.6035,61.1732,54.2839,14.9042,11.5869,15.2458,11.8375,33.2923,32.1199,29.8536,27.533,-42.7282,-36.4836,-31.3196,-26.7509,1.0969,9.514,8.6119,8.8064,-13.8074,-2.0729,-6.6339,-3.0311,,,0.0259,42.7026,39.8302,-0.3946,4.5854,8.0502,-0.1792,-14.1965,0.2329,,,,,,150.6172,38.821,80.5112,,,,"Duque","","N/A","2008-01-01T00:00:00.000Z","Bay","Gelding","PRE horse (Pura Raza Espanola) - Andalusier","Dressage","","20260119T121135_logfile.itlog","2026-01-19T19:11:35.549Z","In hand","Research",,,
5,"walk","right","soft",936.145,936.775,935.82,936.445,3823.77,3824.4,3823.445,3824.07,1.2444,64.3932,0.835,0.815,0.755,0.8,0.435,0.43,0.46,0.435,190.1779,184.6294,131.5568,125.3075,66.2698,66.1258,60.4,64.7773,,,,,,,-0.305,-24.5103,-0.3,-24.1085,0.325,26.1175,0.33,26.5193,78.3433,71.5025,65.4464,54.3058,12.6829,8.8456,17.467,17.3398,33.3145,30.5183,32.8742,26.0094,-45.0288,-40.9842,-32.5722,-28.2964,2.8849,6.7936,8.3267,13.0431,-9.798,-2.052,-9.1403,-4.2967,,,0.1228,44.8461,30.6196,-0.1656,-1.881,9.275,,,-3.8614,,,,,,146.4829,38.8312,88.3497,,,,"Duque","","N/A","2008-01-01T00:00:00.000Z","Bay","Gelding","PRE horse (Pura Raza Espanola) - Andalusier","Dressage","","20260119T121135_logfile.itlog","2026-01-19T19:11:35.549Z","In hand","Research",,,
5,"walk","right","soft",937.395,937.995,937.105,937.68,3825.02,3825.62,3824.73,3825.305,1.2431,63.6368,0.78,0.83,0.74,0.815,0.415,0.405,0.53,0.435,196.4446,207.4655,124.0227,119.2761,63.5438,66.1355,59.798,65.0699,,,,,,,-0.33,-26.546,-0.285,-22.9261,0.29,23.3283,0.315,25.3394,77.5831,74.8099,61.7018,54.4305,12.8346,11.1221,15.8277,16.6454,32.8339,33.146,31.51,25.8719,-44.7492,-41.6639,-30.1918,-28.5586,1.1373,8.1785,7.6289,10.0912,-11.6973,-2.9436,-8.1988,-6.5542,,,-0.1426,2.5791,20.0497,-0.2017,-0.9593,6.1238,-0.0817,-6.0649,-0.0545,,,,,,144.4148,43.2344,73.6332,,,,"Duque","","N/A","2008-01-01T00:00:00.000Z","Bay","Gelding","PRE horse (Pura Raza Espanola) - Andalusier","Dressage","","20260119T121135_logfile.itlog","2026-01-19T19:11:35.549Z","In hand","Research",,,
5,"walk","right","soft",938.655,939.27,938.31,938.935,3826.28,3826.895,3825.935,3826.56,1.2575,63.7222,0.8,0.79,0.785,0.83,0.48,0.445,0.465,0.44,175.4128,195.1702,134.7392,113.3612,63.1164,63.3267,62.1782,66.2675,,,,,,,-0.315,-25.0497,-0.28,-22.2664,0.345,27.4354,0.335,26.6402,79.1424,77.1492,61.7814,57.7221,11.4486,13.1783,17.1131,13.3225,34.2284,30.0449,29.1526,28.3067,-44.914,-47.1043,-32.6288,-29.4154,0.9533,10.5268,8.9674,10.1152,-10.4953,-2.6515,-8.1457,-3.2073,,,-0.266,27.759,64.4297,0.1131,-2.4818,2.6997,-0.243,-11.9539,5.0119,,,,,,167.3847,43.2452,69.8132,,,,"Duque","","N/A","2008-01-01T00:00:00.000Z","Bay","Gelding","PRE horse (Pura Raza Espanola) - Andalusier","Dressage","","20260119T121135_logfile.itlog","2026-01-19T19:11:35.549Z","In hand","Research",,,
5,"walk","right","soft",939.91,940.53,939.585,940.17,3827.535,3828.155,3827.21,3827.795,1.2719,63.568,0.81,0.84,0.755,0.83,0.455,0.47,0.49,0.405,185.462,205.3604,128.3957,135.6651,63.1579,64.3678,61.1336,65.6126,,,,,,,-0.315,-24.7666,-0.26,-20.4423,0.325,25.5528,0.36,28.3047,79.6202,81.526,63.6833,57.9361,18.1455,12.1864,14.8958,17.5055,32.4355,37.0997,32.4894,26.32,-47.1847,-44.4263,-31.1939,-31.6161,1.8339,7.522,6.6672,12.7616,-16.3116,-4.6645,-8.2286,-4.7439,,,-0.203,29.9614,54.4928,-0.0248,-4.4872,8.3016,-0.2527,-17.8434,1.899,,,,,,150.7957,35.9535,78.1262,,,,"Duque","","N/A","2008-01-01T00:00:00.000Z","Bay","Gelding","PRE horse (Pura Raza Espanola) - Andalusier","Dressage","","20260119T121135_logfile.itlog","2026-01-19T19:11:35.549Z","In hand","Research",,,
5,"walk","right","soft",941.21,941.83,940.81,941.465,3828.835,3829.455,3828.435,3829.09,1.265,62.8614,0.79,0.78,0.8,0.81,0.49,0.46,0.47,0.465,184.2698,207.8801,138.7521,120.3889,61.2403,63.6735,62.5,64.0316,,,,,,,-0.28,-22.1344,-0.255,-20.1581,0.4,31.6206,0.365,28.8538,77.3108,74.8194,63.2463,60.1424,12.6625,8.6929,16.5339,15.0336,33.4993,31.5632,29.3009,29.237,-43.8114,-43.2561,-33.9454,-30.9054,1.2184,5.6778,8.3354,10.8393,-11.4441,-3.0151,-8.1985,-4.1943,,,0.099,38.8651,27.6457,0.1205,1.0797,-3.2792,-0.1728,-8.2325,5.7141,,,,,,166.7363,31.5808,80.6947,,,,"Duque","","N/A","2008-01-01T00:00:00.000Z","Bay","Gelding","PRE horse (Pura Raza Espanola) - Andalusier","Dressage","","20260119T121135_logfile.itlog","2026-01-19T19:11:35.549Z","In hand","Research",,,
5,"walk","right","soft",942.51,943.04,942.1,942.72,3830.135,3830.665,3829.725,3830.345,1.2519,63.3588,0.725,0.845,0.775,0.83,0.51,0.43,0.49,0.445,163.6819,209.0498,129.4419,121.6391,59.9174,66.6667,61.753,65.098,,,,,,,-0.27,-21.5676,-0.21,-16.7748,0.41,32.7509,0.32,25.5617,80.1681,78.2496,62.6576,61.6329,13.6704,12.9662,13.3646,13.4105,35.5232,35.5452,30.4794,30.1536,-44.6449,-42.7044,-32.1782,-31.4793,0.7091,9.26,6.4525,8.6022,-12.9613,-3.7062,-6.9121,-4.8084,,,0.0861,59.065,47.9924,-0.4372,8.7458,-1.2583,-0.115,-8.4777,0.7684,,,,,,176.5601,36.621,80.6539,,,,"Duque","","N/A","2008-01-01T00:00:00.000Z","Bay","Gelding","PRE horse (Pura Raza Espanola) - Andalusier","Dressage","","20260119T121135_logfile.itlog","2026-01-19T19:11:35.549Z","In hand","Research",,,
5,"walk","right","soft",943.695,944.3,943.345,943.995,3831.32,3831.925,3830.97,3831.62,1.2788,64.5835,0.8,0.895,0.78,0.83,0.46,0.415,0.47,0.445,199.7166,212.7236,133.7498,132.9751,62.7451,68.8462,62.1514,64.5914,,,,,,,-0.305,-23.8514,-0.3,-23.4604,0.35,27.3705,0.305,23.8514,79.8903,71.2144,62.2705,52.7854,12.0938,13.5164,13.6904,12.1508,33.0523,28.513,27.4181,24.6396,-46.838,-42.7015,-34.8524,-28.1458,3.1241,10.2415,5.0641,7.3042,-8.9697,-3.275,-8.6263,-4.8466,,,0.0888,29.6136,18.7094,-0.3613,1.4876,9.2809,-0.2403,-21.5692,-2.6056,,,,,,141.5141,41.3964,81.5291,,,,"Duque","","N/A","2008-01-01T00:00:00.000Z","Bay","Gelding","PRE horse (Pura Raza Espanola) - Andalusier","Dressage","","20260119T121135_logfile.itlog","2026-01-19T19:11:35.549Z","In hand","Research",,,
5,"walk","right","soft",944.985,945.59,944.605,945.29,3832.61,3833.215,3832.23,3832.915,1.2506,63.7937,0.8,0.8,0.81,0.78,0.49,0.395,0.48,0.465,184.2956,202.5599,133.0565,113.8862,63.1164,66.1157,62.9126,63.0303,,,,,,,-0.305,-24.3878,-0.305,-24.3878,0.38,30.3848,0.3,23.988,71.3019,76.9497,63.7428,60.3244,21.2264,15.2733,16.7467,14.8566,24.3001,34.6719,31.5667,31.9467,-47.0018,-42.2778,-32.1761,-28.3778,-0.0945,8.0033,8.0728,10.4511,-21.3209,-7.27,-8.6739,-4.4055,,,0.1289,15.6205,1.4344,-0.5449,3.1564,,-0.3664,-24.8863,1.3847,,,,,,133.2858,41.3729,75.7986,,,,"Duque","","N/A","2008-01-01T00:00:00.000Z","Bay","Gelding","PRE horse (Pura Raza Espanola) - Andalusier","Dressage","","20260119T121135_logfile.itlog","2026-01-19T19:11:35.549Z","In hand","Research",,,
5,"walk","right","soft",946.23,946.815,945.89,946.52,3833.855,3834.44,3833.515,3834.145,1.205,62.9841,0.76,0.79,0.74,0.745,0.445,0.425,0.475,0.45,191.3723,216.3024,137.1004,131.9725,63.2017,65.4244,60.0406,63.2696,,,,,,,-0.3,-24.8963,-0.29,-24.0664,0.34,28.2158,0.295,24.4813,81.8053,79.9482,63.1458,60.553,9.4089,13.896,15.9765,14.1547,34.5597,36.762,28.145,29.1126,-47.2456,-43.1862,-35.0008,-31.4404,1.33,11.0105,6.6976,9.9845,-8.0789,-2.8855,-9.279,-4.1702,,,0.0795,28.655,18.0771,-0.5219,11.9014,10.5118,-0.2975,-27.5993,-2.262,,,,,,151.0746,55.8291,99.2126,,,,"Duque","","N/A","2008-01-01T00:00:00.000Z","Bay","Gelding","PRE horse (Pura Raza Espanola) - Andalusier","Dressage","","20260119T121135_logfile.itlog","2026-01-19T19:11:35.549Z","In hand","Research",,,
5,"walk","right","soft",947.43,948.015,947.14,947.68,3835.055,3835.64,3834.765,3835.305,1.1931,62.8055,0.765,0.8,0.66,0.775,0.44,0.41,0.51,0.415,198.5341,224.4331,130.0426,142.5766,63.75,65.7084,56.7742,64.9895,,,,,,,-0.325,-27.2394,-0.25,-20.9534,0.29,24.3059,0.335,28.0775,77.134,74.9097,66.3613,61.7978,15.4358,11.7247,24.3272,17.1228,32.9606,34.3222,34.5401,30.4027,-44.1734,-40.5875,-31.8212,-31.3951,2.8054,8.6295,13.1253,13.2294,-12.6305,-3.0952,-11.2019,-3.8935,,,-0.0076,-0.7427,0.3203,-0.1629,-1.611,,-0.2876,,-14.8806,,,,,,139.9227,55.7983,112.8679,,,,"Duque","","N/A","2008-01-01T00:00:00.000Z","Bay","Gelding","PRE horse (Pura Raza Espanola) - Andalusier","Dressage","","20260119T121135_logfile.itlog","2026-01-19T19:11:35.549Z","In hand","Research",,,
5,"walk","right","soft",948.625,949.24,948.295,948.875,3836.25,3836.865,3835.92,3836.5,1.2256,63.1482,0.785,0.785,0.72,0.805,0.43,0.425,0.495,0.42,191.5821,203.1869,140.0075,136.7386,64.7423,65.4167,58.4178,64.0159,,,,,,,-0.28,-22.8455,-0.25,-20.3978,0.33,26.925,0.365,29.7807,79.5713,71.3908,62.4593,61.412,16.3527,12.0331,16.4862,17.9291,33.7022,31.8735,28.5331,30.4764,-45.869,-39.5173,-33.9262,-30.9356,2.5767,7.7862,6.7858,11.0017,-13.776,-4.2468,-9.7004,-6.9274,,,0.0857,1.627,-10.2551,-0.0678,-3.4126,1.3209,0.0827,-5.3909,-12.9704,,,,,,157.7873,27.055,96.9917,,,,"Duque","","N/A","2008-01-01T00:00:00.000Z","Bay","Gelding","PRE horse (Pura Raza Espanola) - Andalusier","Dressage","","20260119T121135_logfile.itlog","2026-01-19T19:11:35.549Z","In hand","Research",,,
5,"walk","right","soft",949.835,950.43,949.545,950.165,3837.46,3838.055,3837.17,3837.79,1.2175,62.2314,0.78,0.805,0.715,0.73,0.425,0.405,0.53,0.485,197.3891,202.1233,121.6167,119.4092,64.1975,66.3918,58.1301,60.2062,,,,,,,-0.305,-25.0513,-0.33,-27.1047,0.29,23.8193,0.265,21.7659,77.0129,72.2549,62.969,58.4087,12.0083,13.5803,19.615,17.7501,32.7101,32.2093,30.2846,30.5265,-44.3028,-40.0457,-32.6844,-27.8822,3.0858,9.3494,10.1376,10.6003,-8.9225,-4.2309,-9.4775,-7.1498,,,-0.2577,-32.2214,6.0611,-0.6013,11.4851,7.6449,-0.0513,-4.6741,-0.062,,,,,,167.3983,46.0239,89.9423,,,,"Duque","","N/A","2008-01-01T00:00:00.000Z","Bay","Gelding","PRE horse (Pura Raza Espanola) - Andalusier","Dressage","","20260119T121135_logfile.itlog","2026-01-19T19:11:35.549Z","In hand","Research",,,
6,"trot","right","hard",953.68,953.355,953.335,953.715,3841.305,3840.98,3840.96,3841.34,0.7069,47.424,0.365,0.33,0.34,0.305,0.325,0.38,0.345,0.405,289.4442,284.0042,206.5165,171.1169,51.773,48.1752,47.3868,42.3611,,,0,0,0,0,0.02,2.8294,-0.035,-4.9514,,,,,84.2412,86.5906,55.9969,50.0924,38.524,20.7619,21.4565,23.0381,25.6402,32.2494,28.6974,29.7761,-58.601,-54.3412,-27.2995,-20.3163,7.2359,15.4658,10.5689,12.9106,-31.2881,-5.2962,-10.8875,-10.1275,,,-0.2726,-15.398,-7.9958,0.2896,19.9487,5.5982,0.0579,7.7666,-2.7232,,,,,,53.0162,85.8681,70.2013,,,,"Duque","","N/A","2008-01-01T00:00:00.000Z","Bay","Gelding","PRE horse (Pura Raza Espanola) - Andalusier","Dressage","","20260119T121135_logfile.itlog","2026-01-19T19:11:35.549Z","In hand","Research",,,
6,"trot","right","hard",954.4,954.015,954.085,954.445,3842.025,3841.64,3841.71,3842.07,0.7212,47.607,0.37,0.385,0.32,0.3,0.355,0.33,0.41,0.425,303.7487,338.3904,174.1193,158.8729,50.5119,52.921,44.2907,42.7046,,,0,0,0,0,-0.07,-9.7054,-0.045,-6.2392,,,,,81.3002,82.1277,57.935,48.8223,34.6161,24.3423,23.1287,12.1687,25.5942,25.7842,37.9864,30.4464,-55.706,-56.3435,-19.9486,-18.3759,4.8188,18.1802,15.7206,10.3522,-29.7973,-6.1621,-7.4081,-1.8165,,,0.0413,-3.4135,4.9877,0.2001,11.6479,4.5748,-0.1571,-4.8565,-5.8448,,,,,,51.1723,81.7392,72.1071,,,,"Duque","","N/A","2008-01-01T00:00:00.000Z","Bay","Gelding","PRE horse (Pura Raza Espanola) - Andalusier","Dressage","","20260119T121135_logfile.itlog","2026-01-19T19:11:35.549Z","In hand","Research",,,
6,"trot","right","hard",955.14,954.755,954.8,955.125,3842.765,3842.38,3842.425,3842.75,0.7463,48.8935,0.375,0.395,0.33,0.36,0.37,0.355,0.395,0.38,273.3962,303.8581,183.6872,161.1954,50.3356,52.1452,44.4444,48.6486,,,0,0,0.005,0.67,-0.045,-6.0302,0.015,2.0101,,,,,79.9056,84.3125,58.0197,48.4039,40.5754,24.0822,20.9097,15.9131,24.3992,27.5275,35.6688,21.7522,-55.5063,-56.785,-22.351,-26.6517,6.529,18.917,13.2986,12.9944,-34.0465,-5.1652,-7.6111,-2.9187,,,-0.222,5.1083,-1.727,0.1822,20.1306,-2.2704,-0.1027,-14.127,1.5975,,,,,,51.285,90.2202,76.1834,,,,"Duque","","N/A","2008-01-01T00:00:00.000Z","Bay","Gelding","PRE horse (Pura Raza Espanola) - Andalusier","Dressage","","20260119T121135_logfile.itlog","2026-01-19T19:11:35.549Z","In hand","Research",,,
6,"trot","right","hard",955.885,955.52,955.56,955.865,3843.51,3843.145,3843.185,3843.49,0.7612,47.7597,0.39,0.365,0.32,0.38,0.37,0.37,0.43,0.38,275.7569,301.6338,177.0609,163.8465,50.9804,48.8294,42.6667,48.5623,,,0,0,0.005,0.6568,-0.04,-5.2545,0.02,2.6273,,,,,80.7901,81.9238,57.5796,49.4859,31.925,29.6163,21.729,21.9839,25.4228,27.6585,39.2061,25.6228,-55.3674,-54.2653,-18.3735,-23.8632,4.6513,23.5284,15.5252,16.4726,-27.2737,-6.0879,-6.2037,-5.5113,,,-0.0672,3.8563,-20.4371,0.1033,14.7137,-5.2227,0.0533,-5.9058,11.8548,,,,,,59.5832,86.8755,79.6924,,,,"Duque","","N/A","2008-01-01T00:00:00.000Z","Bay","Gelding","PRE horse (Pura Raza Espanola) - Andalusier","Dressage","","20260119T121135_logfile.itlog","2026-01-19T19:11:35.549Z","In hand","Research",,,
6,"trot","right","hard",956.655,956.28,956.31,956.67,3844.28,3843.905,3843.935,3844.295,0.7375,47.4272,0.375,0.37,0.33,0.325,0.38,0.395,0.43,0.425,255.0384,287.669,175.3322,149.8387,50.5051,49.1694,45.3608,44.6735,,,0.005,0.678,0,0,-0.03,-4.0678,-0.015,-2.0339,,,,,79.7176,83.4641,56.7856,53.0484,36.948,19.4004,21.358,12.0895,28.0307,31.4074,36.6687,31.313,-51.6869,-52.0566,-20.1168,-21.7354,6.9441,13.594,13.348,11.6853,-30.0039,-5.8064,-8.01,-0.4042,,,-0.3526,-5.8322,-4.2635,-0.0479,16.4185,-9.5696,0.1817,2.5826,8.887,,,,,,56.3531,91.2824,78.0966,,,,"Duque","","N/A","2008-01-01T00:00:00.000Z","Bay","Gelding","PRE horse (Pura Raza Espanola) - Andalusier","Dressage","","20260119T121135_logfile.itlog","2026-01-19T19:11:35.549Z","In hand","Research",,,
6,"trot","right","hard",957.385,957.02,957.005,957.375,3845.01,3844.645,3844.63,3845,0.7619,50.2087,0.4,0.395,0.375,0.36,0.355,0.37,0.365,0.38,264.8135,298.3843,187.5377,165.1966,52.8053,51.8033,48.7013,47.5248,,,0,0,0,0,0.015,1.9688,0.01,1.3126,,,,,76.2572,82.0562,54.4069,51.9134,41.1002,23.1956,19.7095,16.2019,23.2568,30.5685,27.0332,26.3784,-53.0005,-51.4877,-27.3736,-25.5349,5.7105,18.3309,9.3879,13.0301,-35.3897,-4.8647,-10.3216,-3.1718,,,-0.1211,0.6581,-20.5602,0.2695,23.0802,,0.048,7.6261,2.8183,,,,,,63.4674,86.9479,74.0654,,,,"Duque","","N/A","2008-01-01T00:00:00.000Z","Bay","Gelding","PRE horse (Pura Raza Espanola) - Andalusier","Dressage","","20260119T121135_logfile.itlog","2026-01-19T19:11:35.549Z","In hand","Research",,,
6,"trot","right","hard",958.145,957.78,957.805,958.15,3845.77,3845.405,3845.43,3845.775,0.7744,49.5362,0.41,0.395,0.35,0.38,0.36,0.365,0.425,0.415,266.5758,281.3032,161.6562,146.5098,52.5641,50.9677,46.5116,48.1013,,,0,0,0,0,-0.025,-3.2284,-0.005,-0.6457,,,,,79.7792,82.5483,57.6507,56.6359,44.7209,18.8817,24.7974,12.19,22.2452,29.2555,37.9741,30.4179,-57.534,-53.2928,-19.6765,-26.2181,5.1578,16.213,15.7253,12.0368,-39.5631,-2.6687,-9.0721,-0.1532,,,0.3808,7.0436,9.5003,0.185,19.1373,-1.4726,-0.2437,-13.3669,-0.8614,,,,,,63.947,92.9616,88.8245,,,,"Duque","","N/A","2008-01-01T00:00:00.000Z","Bay","Gelding","PRE horse (Pura Raza Espanola) - Andalusier","Dressage","","20260119T121135_logfile.itlog","2026-01-19T19:11:35.549Z","In hand","Research",,,
6,"trot","right","hard",958.935,958.57,958.535,958.935,3846.56,3846.195,3846.16,3846.56,0.7894,50.0314,0.41,0.38,0.41,0.38,0.38,0.395,0.38,0.405,279.1266,280.408,188.25,151.1012,51.4107,48.5623,51.8987,48.254,,,0,0,0,0,0.035,4.4339,0,0,,,,,77.354,83.2549,57.325,59.1673,40.5221,21.1156,24.3735,11.4465,22.8321,27.3722,29.9227,32.6061,-54.5219,-55.8827,-27.4024,-26.5612,5.8266,16.2193,12.431,10.4958,-34.6954,-4.8963,-11.9424,-0.9507,,,0.2939,12.7463,9.4625,0.2238,18.6108,-2.0915,-0.1583,2.9086,-9.8448,,,,,,71.3373,93.6956,95.5699,,,,"Duque","","N/A","2008-01-01T00:00:00.000Z","Bay","Gelding","PRE horse (Pura Raza Espanola) - Andalusier","Dressage","","20260119T121135_logfile.itlog","2026-01-19T19:11:35.549Z","In hand","Research",,,
6,"trot","right","hard",959.74,959.36,959.325,959.725,3847.365,3846.985,3846.95,3847.35,0.7831,48.5187,0.38,0.37,0.395,0.375,0.395,0.41,0.38,0.41,259.4755,279.8054,186.824,152.9144,49.0323,47.4359,49.375,48.2315,,,0,0,0.02,2.5539,0.035,4.4693,0.015,1.9154,,,,,74.5976,80.1848,60.0453,60.1984,39.1839,27.0452,20.6775,12.8317,21.286,29.6282,31.1389,34.2542,-53.3116,-50.5565,-28.9064,-25.9442,4.1057,19.6048,10.3497,9.6844,-35.0782,-7.4404,-10.3278,-3.1472,,,0.3282,10.8596,7.7525,0.2222,13.7423,5.7014,-0.2631,0.1379,-22.0753,,,,,,74.5465,87.8538,96.3108,,,,"Duque","","N/A","2008-01-01T00:00:00.000Z","Bay","Gelding","PRE horse (Pura Raza Espanola) - Andalusier","Dressage","","20260119T121135_logfile.itlog","2026-01-19T19:11:35.549Z","In hand","Research",,,
6,"trot","right","hard",960.515,960.14,960.15,960.495,3848.14,3847.765,3847.775,3848.12,0.7662,47.6625,0.385,0.37,0.345,0.36,0.395,0.41,0.43,0.395,252.9852,272.7077,175.3715,161.1659,50.9934,48.8449,44.8052,46.0064,,,0,0,0,0,-0.01,-1.3051,0.02,2.6101,,,,,87.5293,81.0764,58.8316,60.5891,29.5251,20.1664,20.8684,23.1202,32.1016,30.6282,36.2018,36.9231,-55.4276,-50.4481,-22.6297,-23.666,3.4786,15.4261,12.6528,12.9222,-26.0465,-4.7402,-8.2156,-10.198,,,0.4479,4.566,27.1541,0.038,8.7719,5.5011,-0.2305,4.1014,,,,,,,69.7939,84.5647,94.0904,,,,"Duque","","N/A","2008-01-01T00:00:00.000Z","Bay","Gelding","PRE horse (Pura Raza Espanola) - Andalusier","Dressage","","20260119T121135_logfile.itlog","2026-01-19T19:11:35.549Z","In hand","Research",,,
6,"trot","right","hard",961.245,960.875,960.915,961.305,3848.87,3848.5,3848.54,3848.93,0.7569,47.6964,0.4,0.39,0.34,0.315,0.345,0.365,0.42,0.45,279.5845,287.3854,181.8582,153.8357,52.9801,50.6494,44.4444,42.7119,,,0,0,0.015,1.9818,-0.04,-5.2849,-0.06,-7.9273,,,,,83.6985,81.2261,58.3615,56.4975,33.804,18.9064,18.3394,13.014,27.8769,28.1373,38.6863,36.7973,-55.8215,-53.0888,-19.6752,-19.7002,5.2286,15.4807,11.6864,10.6643,-28.5754,-3.4257,-6.6529,-2.3497,,,-0.1472,-12.2135,9.1943,0.0855,11.982,-10.5117,-0.161,1.4813,-17.565,,,,,,63.0631,82.2934,86.7965,,,,"Duque","","N/A","2008-01-01T00:00:00.000Z","Bay","Gelding","PRE horse (Pura Raza Espanola) - Andalusier","Dressage","","20260119T121135_logfile.itlog","2026-01-19T19:11:35.549Z","In hand","Research",,,
6,"trot","right","hard",962.01,961.66,961.685,962.015,3849.635,3849.285,3849.31,3849.64,0.7631,47.8292,0.395,0.37,0.33,0.365,0.365,0.395,0.43,0.395,271.6038,272.974,170.3112,150.9156,51.8033,48.366,43.2787,47.8689,,,0,0,0.02,2.6208,-0.025,-3.276,-0.005,-0.6552,,,,,75.0267,81.2596,59.0431,56.8784,36.2965,17.7252,14.1414,17.5053,22.0049,29.889,39.2477,28.3382,-53.0218,-51.3706,-19.7954,-28.5401,4.6135,12.8798,9.2626,8.3631,-31.683,-4.8455,-4.8788,-9.1422,,,-0.0204,-8.6993,6.8866,0.1714,14.5489,-2.7468,-0.2117,-4.235,-13.8189,,,,,,59.0655,81.3131,83.4866,,,,"Duque","","N/A","2008-01-01T00:00:00.000Z","Bay","Gelding","PRE horse (Pura Raza Espanola) - Andalusier","Dressage","","20260119T121135_logfile.itlog","2026-01-19T19:11:35.549Z","In hand","Research",,,
6,"trot","right","hard",962.775,962.425,962.45,962.78,3850.4,3850.05,3850.075,3850.405,0.7606,48.4744,0.4,0.37,0.335,0.37,0.37,0.395,0.435,0.4,255.6122,268.2231,166.1651,151.2902,52.2876,49.0066,44.0789,48.5246,,,0,0,0,0,-0.025,-3.2868,-0.005,-0.6574,,,,,77.279,77.9681,57.829,50.2618,32.7798,21.3675,21.881,16.9595,26.4575,28.9789,36.453,26.7343,-50.8215,-48.9891,-21.3761,-23.5274,4.4131,15.7068,15.4393,9.1006,-28.3667,-5.6607,-6.4417,-7.8589,,,-0.2386,-14.4007,0.3697,-0.0078,9.3482,-1.9718,0.038,3.1799,-10.3938,,,,,,59.046,78.0659,83.4659,,,,"Duque","","N/A","2008-01-01T00:00:00.000Z","Bay","Gelding","PRE horse (Pura Raza Espanola) - Andalusier","Dressage","","20260119T121135_logfile.itlog","2026-01-19T19:11:35.549Z","In hand","Research",,,
6,"trot","right","hard",963.535,963.17,963.2,963.535,3851.16,3850.795,3850.825,3851.16,0.76,48.5125,0.395,0.385,0.335,0.36,0.36,0.375,0.415,0.385,248.9718,273.6852,169.9396,156.8663,52.3179,50.1629,44.8161,46.7532,,,0,0,0.015,1.9737,-0.03,-3.9474,0,0,,,,,80.1157,79.8255,53.2445,46.3941,34.1859,18.1893,19.7947,21.5738,28.0882,29.2956,34.1225,23.5618,-52.0275,-50.53,-19.122,-22.8323,4.3691,15.6928,13.1243,12.6332,-29.8168,-2.4965,-6.6704,-8.9406,,,0.2614,6.428,8.5684,0.057,9.1317,-9.2707,0.1696,15.6634,1.121,,,,,,65.4639,76.3484,84.6955,,,,"Duque","","N/A","2008-01-01T00:00:00.000Z","Bay","Gelding","PRE horse (Pura Raza Espanola) - Andalusier","Dressage","","20260119T121135_logfile.itlog","2026-01-19T19:11:35.549Z","In hand","Research",,,
6,"trot","right","hard",964.29,963.945,963.945,964.33,3851.915,3851.57,3851.57,3851.955,0.7388,50.8134,0.405,0.39,0.355,0.345,0.36,0.39,0.41,0.435,256.2626,269.5896,159.5592,136.4908,52.5974,50.8143,55.4687,44.373,,,0,0,0,0,0,0,-0.04,-5.4146,,,,,81.0557,84.5962,46.3364,48.6272,35.3491,17.7042,15.6589,16.6015,25.7006,35.2478,23.9339,29.5182,-55.3551,-49.3485,-22.4025,-19.1089,6.1692,14.041,10.6596,10.7304,-29.1798,-3.6632,-4.9994,-5.8711,,,,19.4488,-6.6534,,12.716,-6.1839,,16.065,-7.8232,,,,,,68.3774,83.627,84.7028,,,,"Duque","","N/A","2008-01-01T00:00:00.000Z","Bay","Gelding","PRE horse (Pura Raza Espanola) - Andalusier","Dressage","","20260119T121135_logfile.itlog","2026-01-19T19:11:35.549Z","In hand","Research",,,
6,"trot","right","hard",965.065,964.7,964.46,965.105,3852.69,3852.325,3852.085,3852.73,0.7919,52.5209,0.385,0.37,0.605,0.325,0.37,0.365,0.16,0.43,263.7314,273.9979,244.5957,150.4671,50.1629,48.8449,67.5978,43.4783,,,0,0,0.03,3.7885,0.24,30.3078,-0.04,-5.0513,,,,,81.1219,80.8695,56.667,45.0113,29.2292,18.9695,26.1009,16.0522,27.1303,29.1344,13.9912,25.6901,-53.9916,-51.735,-42.6758,-19.3212,5.3876,13.3921,14.585,9.6885,-23.8416,-5.5774,-11.5159,-6.3637,,,0.3243,1.7146,24.0711,-0.2289,-12.6245,-0.3252,0.1502,-10.6121,18.4751,,,,,,71.6557,83.9291,89.9062,,,,"Duque","","N/A","2008-01-01T00:00:00.000Z","Bay","Gelding","PRE horse (Pura Raza Espanola) - Andalusier","Dressage","","20260119T121135_logfile.itlog","2026-01-19T19:11:35.549Z","In hand","Research",,,
6,"trot","right","hard",965.845,965.48,965.485,965.845,3853.47,3853.105,3853.11,3853.47,0.7606,46.525,0.365,0.36,0.345,0.345,0.395,0.41,0.42,0.415,245.7381,257.8055,166.0069,130.2649,48.8294,47.3684,44.9511,44.9511,,,0.005,0.6574,0.02,2.6294,-0.005,-0.6574,0,0,,,,,83.4667,81.665,52.473,44.3189,34.4779,20.6195,24.7421,19.3927,31.46,33.3441,31.5964,25.8392,-52.0068,-48.3208,-20.8766,-18.4797,8.1729,14.5095,18.0216,13.2665,-26.305,-6.1101,-6.7205,-6.1262,,,0.1303,-11.3709,13.8208,0.1165,8.491,2.1658,-0.2266,-8.6424,-12.8453,,,,,,72.6617,80.4428,85.7992,,,,"Duque","","N/A","2008-01-01T00:00:00.000Z","Bay","Gelding","PRE horse (Pura Raza Espanola) - Andalusier","Dressage","","20260119T121135_logfile.itlog","2026-01-19T19:11:35.549Z","In hand","Research",,,
6,"trot","right","hard",966.58,966.23,966.255,966.62,3854.205,3853.855,3853.88,3854.245,0.7581,46.6104,0.395,0.365,0.335,0.32,0.37,0.39,0.425,0.43,267.5286,266.6506,163.3773,134.3071,50.641,48.1848,44.5183,43.0976,,,0,0,0.015,1.9786,-0.025,-3.2976,-0.04,-5.2762,,,,,79.3535,81.0969,55.5401,44.4462,27.0481,20.2429,23.5854,16.2682,23.9944,31.7048,34.6367,26.7985,-55.3591,-49.3921,-20.9034,-17.6477,4.2294,14.72,16.6493,12.1844,-22.8187,-5.5228,-6.9361,-4.0838,,,0.4079,7.5345,23.5715,0.0835,7.5628,-0.3234,-0.0355,3.2007,-10.5523,,,,,,70.6942,79.3135,82.0821,,,,"Duque","","N/A","2008-01-01T00:00:00.000Z","Bay","Gelding","PRE horse (Pura Raza Espanola) - Andalusier","Dressage","","20260119T121135_logfile.itlog","2026-01-19T19:11:35.549Z","In hand","Research",,,
6,"trot","right","hard",967.375,966.99,967,967.355,3855,3854.615,3854.625,3854.98,0.7881,47.1029,0.385,0.38,0.35,0.37,0.4,0.395,0.41,0.415,232.8719,265.4857,171.4757,144.1119,48.4277,48.7179,45.0161,46.25,,,0,0,0.015,1.9033,-0.01,-1.2688,0.02,2.5377,,,,,82.3457,82.4165,56.1672,47.0732,24.7177,16.805,18.8699,21.462,27.9549,31.4334,36.519,25.4519,-54.3909,-50.9831,-19.6481,-21.6213,4.9463,13.153,12.4671,16.3197,-19.7714,-3.6521,-6.4027,-5.1422,,,0.2221,7.1068,12.0325,0.0592,10.9123,-7.2111,0.0291,9.6176,-2.1647,,,,,,66.3754,90.6888,86.9446,,,,"Duque","","N/A","2008-01-01T00:00:00.000Z","Bay","Gelding","PRE horse (Pura Raza Espanola) - Andalusier","Dressage","","20260119T121135_logfile.itlog","2026-01-19T19:11:35.549Z","In hand","Research",,,
6,"trot","right","hard",968.18,967.775,967.795,968.17,3855.805,3855.4,3855.42,3855.795,0.7694,45.828,0.36,0.375,0.335,0.34,0.42,0.405,0.445,0.445,239.6214,260.511,164.564,141.1593,47.6821,48.3871,43.0868,44.1558,,,0.02,2.5995,0.005,0.6499,-0.02,-2.5995,0.01,1.2998,,,,,79.1691,81.3689,55.355,47.6953,35.2578,16.0433,17.7506,11.6307,28.1014,30.4421,33.8375,27.6247,-51.0677,-50.9268,-21.5175,-20.0705,7.9778,12.1689,10.7137,11.8349,-27.28,-3.8744,-7.0369,0.2042,,,0.12,2.5528,1.1462,0.0786,10.5232,-3.3811,-0.0513,6.8917,-8.0687,,,,,,61.6047,89.0897,90.0563,,,,"Duque","","N/A","2008-01-01T00:00:00.000Z","Bay","Gelding","PRE horse (Pura Raza Espanola) - Andalusier","Dressage","","20260119T121135_logfile.itlog","2026-01-19T19:11:35.549Z","In hand","Research",,,
6,"trot","right","hard",968.91,968.545,968.57,968.925,3856.535,3856.17,3856.195,3856.55,0.7806,48.0484,0.405,0.39,0.345,0.36,0.37,0.395,0.44,0.415,259.9945,266.4096,160.8681,139.4992,52.09,50.1608,44.373,45.5696,,,0,0,0,0,-0.025,-3.2026,-0.015,-1.9215,,,,,76.3392,83.1365,53.4342,49.1855,36.4153,15.449,17.7223,19.6074,22.9159,31.5965,31.8833,28.1461,-53.4233,-51.54,-21.5509,-21.0395,7.6383,11.9737,10.797,13.9089,-28.777,-3.4753,-6.9254,-5.6985,,,-0.0742,-6.4143,3.7431,0.1049,14.3638,-1.524,-0.0444,4.4232,-13.5195,,,,,,61.5943,82.5676,87.9617,,,,"Duque","","N/A","2008-01-01T00:00:00.000Z","Bay","Gelding","PRE horse (Pura Raza Espanola) - Andalusier","Dressage","","20260119T121135_logfile.itlog","2026-01-19T19:11:35.549Z","In hand","Research",,,
6,"trot","right","hard",969.69,969.315,969.34,969.73,3857.315,3856.94,3856.965,3857.355,0.7869,48.0042,0.415,0.4,0.355,0.34,0.375,0.38,0.425,0.445,249.3525,275.2871,156.0403,136.1855,52.2013,51.9481,45.3674,42.5,,,0,0,0,0,-0.025,-3.1771,-0.04,-5.0834,,,,,72.5889,83.1561,53.3059,51.636,35.9685,16.0454,19.8712,21.1597,19.7942,31.8061,31.5316,32.3873,-52.7947,-51.35,-21.7743,-19.2487,3.1373,12.1204,12.5504,12.9172,-32.8311,-3.9249,-7.3208,-8.2425,,,0.2465,17.0837,0.4015,0.0767,11.3737,-8.8248,0.0901,9.9473,-1.9459,,,,,,75.5939,84.1361,82.8815,,,,"Duque","","N/A","2008-01-01T00:00:00.000Z","Bay","Gelding","PRE horse (Pura Raza Espanola) - Andalusier","Dressage","","20260119T121135_logfile.itlog","2026-01-19T19:11:35.549Z","In hand","Research",,,
6,"trot","right","hard",970.49,970.075,970.125,970.545,3858.115,3857.7,3857.75,3858.17,0.7419,49.2981,0.38,0.43,0.355,0.3,0.385,0.36,0.43,0.475,265.8092,284.1341,155.7913,130.6303,51.3514,57.3333,46.2541,42.2535,,,0,0,0,0,-0.05,-6.7397,-0.055,-7.4136,,,,,90.2858,81.1009,53.3382,56.3011,28.3726,18.0542,24.9553,9.7313,35.6254,30.7654,31.9103,34.0082,-54.6604,-50.3354,-21.4278,-22.2929,9.0739,13.057,17.1464,9.7655,-19.2986,-4.9971,-7.809,0.0342,,,,-34.8808,-17.2123,-0.5956,-6.0632,-7.1805,0.1792,-4.0477,1.5994,,,,,,,82.9576,86.5737,,,,"Duque","","N/A","2008-01-01T00:00:00.000Z","Bay","Gelding","PRE horse (Pura Raza Espanola) - Andalusier","Dressage","","20260119T121135_logfile.itlog","2026-01-19T19:11:35.549Z","In hand","Research",,,
6,"trot","right","hard",971.205,970.785,970.875,971.19,3858.83,3858.41,3858.5,3858.815,0.7744,50.6985,0.415,0.45,0.31,0.4,0.335,0.28,0.395,0.345,297.2113,353.9018,177.084,165.512,52.8662,57.3248,42.7586,49.8442,,,0,0,0,0,-0.09,-11.6223,0.015,1.937,,,,,76.4751,84.0134,58.1204,56.8572,38.609,24.2136,14.0536,21.656,20.8662,28.1041,37.9084,32.1589,-55.6089,-55.9093,-20.212,-24.6983,2.9823,19.8604,8.8457,13.7246,-35.6267,-4.3532,-5.2079,-7.9314,,,-0.8479,,,0.3733,,,-0.5181,,9.908,,,,,,,,87.786,,,,"Duque","","N/A","2008-01-01T00:00:00.000Z","Bay","Gelding","PRE horse (Pura Raza Espanola) - Andalusier","Dressage","","20260119T121135_logfile.itlog","2026-01-19T19:11:35.549Z","In hand","Research",,,
6,"trot","right","hard",972.025,971.625,971.62,972.05,3859.65,3859.25,3859.245,3859.675,0.7919,47.3586,0.38,0.395,0.385,0.34,0.405,0.39,0.435,0.46,241.1103,272.4775,163.2979,141.2568,49.3506,49.6855,46.8085,43.5897,,,0.005,0.6314,0.025,3.1571,0.005,0.6314,-0.025,-3.1571,,,,,80.578,78.1567,58.1765,60.5762,35.6384,14.1524,17.0835,13.7092,30.5396,27.4434,34.3815,39.2182,-50.0383,-50.7133,-23.795,-21.358,7.7349,9.7375,10.1971,10.4777,-27.9035,-4.4149,-6.8864,-3.2316,,,0.1851,-26.5618,20.7063,-0.0639,2.4592,-1.5344,-0.0337,-1.015,-4.4148,,,,,,92.3115,,86.7934,,,,"Duque","","N/A","2008-01-01T00:00:00.000Z","Bay","Gelding","PRE horse (Pura Raza Espanola) - Andalusier","Dressage","","20260119T121135_logfile.itlog","2026-01-19T19:11:35.549Z","In hand","Research",,,
6,"trot","right","hard",972.78,972.43,972.445,972.81,3860.405,3860.055,3860.07,3860.435,0.7719,46.7892,0.405,0.35,0.34,0.35,0.375,0.41,0.44,0.42,257.5216,245.7735,166.4854,149.803,51.9231,46.2046,44.0129,45.0161,,,0,0,0,0,-0.015,-1.9433,-0.03,-3.8866,,,,,71.4603,83.7355,59.1793,55.085,40.9312,24.5288,18.7408,18.1832,23.3321,29.0106,40.9332,32.7307,-48.1282,-54.7249,-18.246,-22.3543,4.7297,18.5007,13.1386,10.2133,-36.2015,-6.0281,-5.6022,-7.9699,,,0.1018,-5.8803,26.1527,0.2302,21.3542,-2.4644,-0.1801,-11.6401,-2.1256,,,,,,83.255,86.2643,87.501,,,,"Duque","","N/A","2008-01-01T00:00:00.000Z","Bay","Gelding","PRE horse (Pura Raza Espanola) - Andalusier","Dressage","","20260119T121135_logfile.itlog","2026-01-19T19:11:35.549Z","In hand","Research",,,
6,"trot","right","hard",973.56,973.185,973.21,973.595,3861.185,3860.81,3860.835,3861.22,0.7775,48.3672,0.405,0.4,0.355,0.345,0.375,0.405,0.425,0.435,239.1443,293.4597,171.9258,139.5908,52.2581,50.1567,45.6592,45.3947,,,0,0,0.01,1.2862,-0.025,-3.2154,-0.035,-4.5016,,,,,78.9246,80.4388,55.2216,58.1497,36.9015,21.144,21.0048,12.1199,25.5483,30.031,35.0498,35.4624,-53.3763,-50.4078,-20.1719,-22.6873,5.5148,16.9234,14.2716,8.0453,-31.3867,-4.2206,-6.7331,-4.0746,,,0.0373,8.2513,2.3299,0.0748,14.5322,-3.6739,-0.0104,1.3489,-6.4043,,,,,,66.8313,86.4378,86.8707,,,,"Duque","","N/A","2008-01-01T00:00:00.000Z","Bay","Gelding","PRE horse (Pura Raza Espanola) - Andalusier","Dressage","","20260119T121135_logfile.itlog","2026-01-19T19:11:35.549Z","In hand","Research",,,
6,"trot","right","hard",974.33,973.975,973.985,974.335,3861.955,3861.6,3861.61,3861.96,0.7812,48.5223,0.405,0.385,0.35,0.375,0.365,0.39,0.42,0.395,262.4065,265.0196,163.9052,148.998,52.2581,50.6579,44.4444,46.729,,,0,0,0,0,-0.01,-1.28,-0.005,-0.64,,,,,78.311,84.0148,57.2052,56.4767,40.9052,13.9649,15.6457,22.4139,24.5667,30.2047,36.196,28.944,-53.7443,-53.8102,-21.0092,-27.5328,5.0836,11.4913,9.2956,11.0323,-35.8215,-2.4736,-6.3501,-11.3817,,,-0.1184,-3.7114,-0.3075,-0.0043,9.844,,-0.0382,5.3113,-2.5052,,,,,,59.0994,90.8513,87.2945,,,,"Duque","","N/A","2008-01-01T00:00:00.000Z","Bay","Gelding","PRE horse (Pura Raza Espanola) - Andalusier","Dressage","","20260119T121135_logfile.itlog","2026-01-19T19:11:35.549Z","In hand","Research",,,
6,"trot","right","hard",975.11,974.72,974.79,975.17,3862.735,3862.345,3862.415,3862.795,0.7662,47.3971,0.4,0.415,0.32,0.32,0.375,0.36,0.455,0.46,266.3403,290.3054,162.3326,145.5054,51.7799,52.6984,43.686,41.4239,,,0,0,0,0,-0.07,-9.1354,-0.06,-7.8303,,,,,83.5199,82.4692,58.8465,51.3123,34.5689,19.2252,25.6244,19.9613,26.8711,26.5519,40.5092,32.5732,-56.6487,-55.9173,-18.3372,-18.7391,4.16,16.6807,18.977,10.0542,-30.4089,-2.5445,-6.6474,-9.9071,,,-0.1342,-21.0545,3.8896,0.0556,8.8122,-3.8062,0.0471,8.3134,-10.0365,,,,,,66.8695,81.9264,87.2816,,,,"Duque","","N/A","2008-01-01T00:00:00.000Z","Bay","Gelding","PRE horse (Pura Raza Espanola) - Andalusier","Dressage","","20260119T121135_logfile.itlog","2026-01-19T19:11:35.549Z","In hand","Research",,,
6,"trot","right","hard",975.88,975.52,975.48,975.935,3863.505,3863.145,3863.105,3863.56,0.7675,49.7681,0.405,0.39,0.41,0.325,0.37,0.385,0.37,0.445,271.3982,282.6025,187.4839,141.423,52.4272,51.3158,51.4107,43.9189,,,0,0,0,0,0.04,5.2117,-0.055,-7.1661,,,,,79.0482,80.49,53.5994,50.3289,32.9506,14.1396,23.0514,13.545,25.8513,30.3648,25.2039,30.6852,-53.1969,-50.1253,-28.3955,-19.6437,5.7708,11.4587,13.2402,10.2195,-27.1798,-2.6809,-9.8112,-3.3255,,,0.4574,8.6609,20.7132,-0.0596,-1.3045,-2.9832,-0.1573,1.3068,-6.8507,,,,,,65.5502,80.3962,83.8363,,,,"Duque","","N/A","2008-01-01T00:00:00.000Z","Bay","Gelding","PRE horse (Pura Raza Espanola) - Andalusier","Dressage","","20260119T121135_logfile.itlog","2026-01-19T19:11:35.549Z","In hand","Research",,,
6,"trot","right","hard",976.65,976.265,976.295,976.645,3864.275,3863.89,3863.92,3864.27,0.7706,48.4843,0.41,0.415,0.285,0.39,0.365,0.355,0.405,0.385,256.6426,276.8169,164.17,144.5034,52.2293,53.2051,39.4464,49.0566,,,0,0,0,0,-0.03,-3.8929,0.005,0.6488,,,,,78.7321,78.6789,55.8841,45.4525,25.6433,16.5401,20.9693,18.0957,26.167,26.2815,29.3087,22.0646,-52.5651,-52.3974,-26.5755,-23.3879,3.8122,14.2582,13.1656,9.1797,-21.831,-2.2819,-7.8037,-8.916,,,-0.1073,-29.3358,16.1262,0.2311,14.5397,0.9734,-0.4912,-9.1623,,,,,,,82.574,86.0615,92.2876,,,,"Duque","","N/A","2008-01-01T00:00:00.000Z","Bay","Gelding","PRE horse (Pura Raza Espanola) - Andalusier","Dressage","","20260119T121135_logfile.itlog","2026-01-19T19:11:35.549Z","In hand","Research",,,
6,"trot","right","hard",977.445,977.055,977.05,977.46,3865.07,3864.68,3864.675,3865.085,0.7969,48.9662,0.4,0.41,0.39,0.36,0.385,0.375,0.47,0.425,241.6771,264.2705,143.6582,136.1915,51.1182,51.8987,46.988,45.8599,,,0,0,0.005,0.6275,0.005,0.6275,-0.015,-1.8824,,,,,85.1924,81.0458,53.485,43.7664,29.1883,12.9554,24.0324,15.5255,32.9775,31.5492,31.3967,24.4671,-52.2149,-49.4967,-22.0883,-19.2993,6.2583,10.4937,15.1614,10.842,-22.9299,-2.4617,-8.871,-4.6835,,,0.5106,-19.4737,,0.1844,9.4523,7.3309,-0.4258,-12.8648,,,,,,,96.1923,86.0756,94.0154,,,,"Duque","","N/A","2008-01-01T00:00:00.000Z","Bay","Gelding","PRE horse (Pura Raza Espanola) - Andalusier","Dressage","","20260119T121135_logfile.itlog","2026-01-19T19:11:35.549Z","In hand","Research",,,
6,"trot","right","hard",978.225,977.85,977.85,978.245,3865.85,3865.475,3865.475,3865.87,0.7719,47.4669,0.385,0.375,0.37,0.335,0.38,0.385,0.41,0.425,264.9554,262.8389,158.2775,143.8005,49.5177,50,46.9841,43.3657,,,0,0,0,0,0,0,-0.02,-2.5911,,,,,83.6339,85.5466,57.6019,43.8809,22.9039,13.4062,19.6367,17.5123,28.2609,30.6216,35.1041,24.3604,-55.373,-54.925,-22.4978,-19.5204,4.1424,11.3067,13.1865,10.3177,-18.7615,-2.0995,-6.4502,-7.1946,,,0.5787,10.5269,,0.0979,7.7149,1.5758,-0.3464,-16.2824,-17.1796,,,,,,91.2264,77.145,97.7515,,,,"Duque","","N/A","2008-01-01T00:00:00.000Z","Bay","Gelding","PRE horse (Pura Raza Espanola) - Andalusier","Dressage","","20260119T121135_logfile.itlog","2026-01-19T19:11:35.549Z","In hand","Research",,,
6,"trot","right","hard",979.015,978.59,978.645,979.03,3866.64,3866.215,3866.27,3866.655,0.7794,47.7811,0.38,0.42,0.35,0.34,0.405,0.365,0.425,0.45,237.4437,297.9188,166.0578,132.0907,49.8361,52.8302,44.7284,43.7299,,,0.005,0.6415,0,0,-0.055,-7.0569,-0.015,-1.9246,,,,,81.9187,83.107,53.5586,44.0687,28.7114,14.7861,19.7557,14.4979,30.8318,28.501,32.0862,25.666,-51.0869,-54.6059,-21.4725,-18.4027,8.2841,10.9691,13.9737,9.9906,-20.4273,-3.817,-5.782,-4.5073,,,-0.1155,-6.2773,12.8174,0.0936,15.0323,-6.8877,-0.0683,3.93,-15.2513,,,,,,74.9542,85.1703,95.6294,,,,"Duque","","N/A","2008-01-01T00:00:00.000Z","Bay","Gelding","PRE horse (Pura Raza Espanola) - Andalusier","Dressage","","20260119T121135_logfile.itlog","2026-01-19T19:11:35.549Z","In hand","Research",,,
6,"trot","right","hard",979.755,979.395,979.435,979.795,3867.38,3867.02,3867.06,3867.42,0.7731,48.1558,0.4,0.415,0.34,0.335,0.36,0.385,0.44,0.425,260.132,269.4698,153.0473,132.2432,52.2876,52.5316,44.1558,43.6482,,,0,0,0.02,2.5869,-0.04,-5.1738,-0.04,-5.1738,,,,,81.2002,85.3975,55.0964,43.102,36.6233,19.5728,18.3074,20.9682,26.356,34.6149,36.3885,26.3299,-54.8442,-50.7826,-18.7079,-16.7721,7.1307,12.3857,13.3158,13.0013,-29.4927,-7.1871,-4.9916,-7.967,,,0.1323,10.3554,-1.5779,0.169,10.5133,0.6588,0.0138,11.0503,-15.3195,,,,,,66.2229,72.3649,83.7809,,,,"Duque","","N/A","2008-01-01T00:00:00.000Z","Bay","Gelding","PRE horse (Pura Raza Espanola) - Andalusier","Dressage","","20260119T121135_logfile.itlog","2026-01-19T19:11:35.549Z","In hand","Research",,,
6,"trot","right","hard",980.525,980.175,980.195,980.57,3868.15,3867.8,3867.82,3868.195,0.7756,47.9759,0.42,0.39,0.33,0.35,0.37,0.365,0.42,0.44,269.6062,281.836,161.7295,141.4336,52.1739,51.1475,43.4211,45.1613,,,0,0,0,0,-0.02,-2.5786,-0.045,-5.8018,,,,,83.8677,80.401,53.9191,42.0365,28.1597,17.8546,24.1533,10.8308,28.9842,32.8556,34.9758,25.0804,-54.8835,-47.5454,-18.9433,-16.9561,3.6967,14.3976,17.9601,11.1089,-24.463,-3.457,-6.1932,0.2781,,,0.3227,5.5278,4.6396,0.0127,8.2129,-7.6983,-0.0511,0.9241,-0.4212,,,,,,77.0274,84.6982,84.3555,,,,"Duque","","N/A","2008-01-01T00:00:00.000Z","Bay","Gelding","PRE horse (Pura Raza Espanola) - Andalusier","Dressage","","20260119T121135_logfile.itlog","2026-01-19T19:11:35.549Z","In hand","Research",,,
6,"trot","right","hard",981.345,980.945,980.965,981.33,3868.97,3868.57,3868.59,3868.955,0.7969,48.4649,0.395,0.4,0.365,0.385,0.4,0.38,0.44,0.41,250.9798,262.0734,159.934,142.6964,49.375,50,46.0568,48.4277,,,0,0,0.005,0.6275,-0.02,-2.5098,0.015,1.8824,,,,,78.0444,81.8855,57.0767,50.9435,28.1482,15.3039,22.2925,11.6049,24.0484,29.5863,37.2405,27.0377,-53.996,-52.2992,-19.8362,-23.9059,8.0406,11.9125,14.8132,12.1645,-20.1075,-3.3915,-7.4793,0.5596,,,0.0081,-9.1752,12.5655,0.1625,11.7821,-2.9679,0.0115,1.3803,-3.6884,,,,,,77.0439,82.7887,84.374,,,,"Duque","","N/A","2008-01-01T00:00:00.000Z","Bay","Gelding","PRE horse (Pura Raza Espanola) - Andalusier","Dressage","","20260119T121135_logfile.itlog","2026-01-19T19:11:35.549Z","In hand","Research",,,
6,"trot","right","hard",982.15,981.765,981.745,982.125,3869.775,3869.39,3869.37,3869.75,0.7662,47.2968,0.345,0.365,0.38,0.36,0.41,0.42,0.415,0.41,242.1333,247.2243,166.7906,149.581,46.4646,47.4026,48.7179,46.6019,,,0,0,0.015,1.9576,0.02,2.6101,0.025,3.2626,,,,,79.9592,82.8774,59.3304,50.984,36.4167,19.4145,22.7616,23.3551,28.2366,30.1589,34.452,26.3295,-51.7226,-52.7185,-24.8784,-24.6545,9.8455,11.9474,12.7458,14.5442,-26.5711,-7.4672,-10.0158,-8.811,,,-0.2982,-14.2684,2.2413,0.1474,9.8537,5.0739,0.156,7.8425,-4.0555,,,,,,71.4057,82.2238,79.7512,,,,"Duque","","N/A","2008-01-01T00:00:00.000Z","Bay","Gelding","PRE horse (Pura Raza Espanola) - Andalusier","Dressage","","20260119T121135_logfile.itlog","2026-01-19T19:11:35.549Z","In hand","Research",,,
6,"trot","right","hard",982.88,982.52,982.51,982.9,3870.505,3870.145,3870.135,3870.525,0.7163,46.0276,0.335,0.335,0.355,0.295,0.385,0.39,0.385,0.415,275.3246,272.8924,186.2047,166.5283,47.1831,46.2069,47.8114,42.9091,,,0.015,2.0942,0.03,4.1885,0.01,1.3962,-0.02,-2.7923,,,,,76.7058,79.0821,58.8105,51.6234,42.709,34.4738,26.9855,14.6557,24.9765,28.6936,33.2236,31.5127,-51.7293,-50.3885,-25.5869,-20.1107,7.2438,25.2498,15.8607,12.3775,-35.4652,-9.224,-11.1248,-2.2782,,,-0.0637,-15.7554,4.1438,0.2522,14.7282,4.7788,-0.1972,-5.6342,-2.5468,,,,,,71.2521,79.0853,74.4373,,,,"Duque","","N/A","2008-01-01T00:00:00.000Z","Bay","Gelding","PRE horse (Pura Raza Espanola) - Andalusier","Dressage","","20260119T121135_logfile.itlog","2026-01-19T19:11:35.549Z","In hand","Research",,,
6,"trot","right","hard",983.58,983.245,983.255,983.565,3871.205,3870.87,3870.88,3871.19,0.7362,48.5361,0.38,0.345,0.335,0.37,0.365,0.39,0.39,0.37,274.7701,287.5487,187.1925,160.5032,50.8361,47.2603,46.0481,50,,,0,0,0.01,1.3582,-0.01,-1.3582,0.015,2.0374,,,,,77.5682,82.5221,53.9099,58.0733,35.475,25.3395,26.9401,13.0806,22.0303,31.4021,32.9133,28.4788,-55.5379,-51.1199,-20.9966,-29.5946,6.0141,18.2925,18.3859,12.0651,-29.461,-7.047,-8.5542,-1.0155,,,-0.175,-1.7902,5.6573,0.1603,23.4655,-4.2205,-0.23,-11.9238,-4.2454,,,,,,70.5779,89.6169,85.5704,,,,"Duque","","N/A","2008-01-01T00:00:00.000Z","Bay","Gelding","PRE horse (Pura Raza Espanola) - Andalusier","Dressage","","20260119T121135_logfile.itlog","2026-01-19T19:11:35.549Z","In hand","Research",,,
6,"trot","right","hard",984.33,983.97,983.985,984.305,3871.955,3871.595,3871.61,3871.93,0.7575,48.9978,0.385,0.385,0.335,0.38,0.37,0.38,0.395,0.37,255.7449,290.8028,179.3073,168.5778,50.9934,50.6579,44.6667,49.6732,,,0,0,0.01,1.3201,-0.015,-1.9802,0.025,3.3003,,,,,77.5929,84.8618,60.0312,59.2887,46.1102,19.3768,16.765,12.6528,24.1469,30.078,37.8978,28.6625,-53.446,-54.7838,-22.1334,-30.6262,6.7247,15.1426,9.183,12.7874,-39.3855,-4.2342,-7.5821,0.1346,,,-0.7962,-27.6215,-18.8036,0.2616,,-15.3349,-0.213,10.2516,-22.7092,,,,,,81.4347,,87.6662,,,,"Duque","","N/A","2008-01-01T00:00:00.000Z","Bay","Gelding","PRE horse (Pura Raza Espanola) - Andalusier","Dressage","","20260119T121135_logfile.itlog","2026-01-19T19:11:35.549Z","In hand","Research",,,
6,"trot","right","hard",985.085,984.725,984.755,985.085,3872.71,3872.35,3872.38,3872.71,0.78,46.6635,0.39,0.355,0.335,0.375,0.37,0.37,0.435,0.4,275.7399,283.5608,173.5642,154.5621,50.3226,47.651,43.2258,45.4545,,,0,0,0.015,1.9231,-0.03,-3.8462,0,0,,,,,77.7198,78.6706,59.3506,54.368,42.1315,28.4814,18.905,21.9432,24.3924,28.8811,37.6853,29.2645,-53.3274,-49.7895,-21.6653,-25.1035,5.3023,21.6176,13.7961,14.095,-36.8292,-6.8638,-5.1088,-7.8482,,,-0.4898,-17.261,,0.1489,13.8326,-0.9166,-0.0466,2.4992,-8.4282,,,,,,88.9606,91.9125,87.6405,,,,"Duque","","N/A","2008-01-01T00:00:00.000Z","Bay","Gelding","PRE horse (Pura Raza Espanola) - Andalusier","Dressage","","20260119T121135_logfile.itlog","2026-01-19T19:11:35.549Z","In hand","Research",,,
6,"trot","right","hard",985.875,985.49,985.535,985.96,3873.5,3873.115,3873.16,3873.585,0.7462,43.2749,0.36,0.365,0.315,0.255,0.4,0.41,0.445,0.5,250.5871,269.0088,168.1046,141.5644,48.3221,47.0968,42.1405,35.5401,,,0.02,2.6801,0.03,4.0201,-0.045,-6.0302,-0.085,-11.3903,,,,,79.4788,80.7883,58.7447,57.7548,46.3612,24.3904,17.0024,17.6643,28.1617,28.4934,40.3631,46.5016,-51.3171,-52.2949,-18.3816,-11.2532,7.0661,17.96,12.3248,11.3303,-39.2951,-6.4303,-4.6776,-6.334,,,-0.0225,-2.6203,-8.3313,0.182,16.7205,0.991,-0.1473,-7.6084,-4.9702,,,,,,62.8263,86.257,84.5123,,,,"Duque","","N/A","2008-01-01T00:00:00.000Z","Bay","Gelding","PRE horse (Pura Raza Espanola) - Andalusier","Dressage","","20260119T121135_logfile.itlog","2026-01-19T19:11:35.549Z","In hand","Research",,,
6,"trot","right","hard",986.605,986.265,986.27,986.64,3874.23,3873.89,3873.895,3874.265,0.7619,45.3527,0.38,0.35,0.33,0.32,0.37,0.41,0.42,0.425,287.9289,268.9346,172.8006,156.88,50.6667,46.5116,43.8538,40.3785,,,0,0,0.025,3.2814,-0.005,-0.6563,-0.035,-4.5939,,,,,83.3309,80.5149,57.4936,55.604,38.9492,22.4992,20.6176,22.4103,28.8006,30.8708,37.2519,34.934,-54.5303,-49.6441,-20.2417,-20.67,4.9283,17.8093,13.8994,12.3481,-34.0209,-4.6899,-6.7182,-10.0621,,,-0.0277,-1.3762,6.1188,0.2745,16.2074,2.1584,-0.234,-6.3226,-12.1433,,,,,,58.0997,86.1944,83.8429,,,,"Duque","","N/A","2008-01-01T00:00:00.000Z","Bay","Gelding","PRE horse (Pura Raza Espanola) - Andalusier","Dressage","","20260119T121135_logfile.itlog","2026-01-19T19:11:35.549Z","In hand","Research",,,
6,"trot","right","hard",987.355,987.01,987.025,987.48,3874.98,3874.635,3874.65,3875.105,0.7669,45.3255,0.415,0.36,0.355,0.265,0.37,0.395,0.425,0.52,275.1246,267.9439,171.4396,134.0708,52.6984,47.0588,45.3674,36.1775,,,0,0,0.015,1.956,-0.015,-1.956,-0.125,-16.2999,,,,,81.9951,80.2092,58.2416,55.0786,39.7369,21.6249,20.3264,15.0527,25.8575,28.9476,36.9552,41.1495,-56.1376,-51.2616,-21.2864,-13.9291,5.9226,17.1789,13.6936,13.7843,-33.8143,-4.4461,-6.6329,-1.2684,,,0.4117,4.432,9.6025,0.153,10.4957,4.1531,-0.268,-15.8666,-6.556,,,,,,69.1371,86.1449,92.8624,,,,"Duque","","N/A","2008-01-01T00:00:00.000Z","Bay","Gelding","PRE horse (Pura Raza Espanola) - Andalusier","Dressage","","20260119T121135_logfile.itlog","2026-01-19T19:11:35.549Z","In hand","Research",,,
6,"trot","right","hard",988.145,987.785,987.81,988.16,3875.77,3875.41,3875.435,3875.785,0.7875,47.1222,0.405,0.365,0.345,0.37,0.375,0.415,0.43,0.415,266.598,260.6648,169.289,139.1919,50.7837,46.7949,44.6602,46.25,,,0,0,0.015,1.9048,-0.025,-3.1746,-0.015,-1.9048,,,,,81.2859,81.4511,57.4309,52.9556,29.9369,23.5352,19.5771,17.3766,24.9183,28.6483,36.6849,30.0733,-56.3677,-52.8028,-20.7459,-22.8823,3.9022,17.6117,13.7864,10.0345,-26.0346,-5.9235,-5.7907,-7.3422,,,0.0242,6.7932,11.8162,0.2014,19.7081,0.0431,-0.1929,-8.4315,-9.2417,,,,,,77.2071,87.8204,89.4757,,,,"Duque","","N/A","2008-01-01T00:00:00.000Z","Bay","Gelding","PRE horse (Pura Raza Espanola) - Andalusier","Dressage","","20260119T121135_logfile.itlog","2026-01-19T19:11:35.549Z","In hand","Research",,,
6,"trot","right","hard",988.96,988.565,988.58,988.975,3876.585,3876.19,3876.205,3876.6,0.7687,46.0197,0.365,0.37,0.35,0.33,0.41,0.415,0.425,0.445,239.1198,273.5599,166.9165,142.9176,48.3444,47.4359,45.1613,43.1373,,,0.025,3.252,0.015,1.9512,-0.015,-1.9512,-0.015,-1.9512,,,,,81.0606,79.0211,58.1825,51.6459,33.9233,23.1209,20.6959,18.3624,29.7945,28.4739,37.4701,31.453,-51.2661,-50.5472,-20.7124,-20.1929,5.8038,17.8214,14.8278,9.1424,-28.1194,-5.2995,-5.8681,-9.22,,,-0.3456,-25.1365,-11.5685,0.1239,19.1373,-5.3317,-0.051,2.6189,-9.6673,,,,,,71.9626,90.1717,86.749,,,,"Duque","","N/A","2008-01-01T00:00:00.000Z","Bay","Gelding","PRE horse (Pura Raza Espanola) - Andalusier","Dressage","","20260119T121135_logfile.itlog","2026-01-19T19:11:35.549Z","In hand","Research",,,
6,"trot","right","hard",989.695,989.34,989.355,989.73,3877.32,3876.965,3876.98,3877.355,0.7638,47.4853,0.39,0.375,0.345,0.34,0.37,0.405,0.425,0.425,262.0403,263.9231,166.8087,144.9523,51.1475,49.8339,44.6602,44.2997,,,0,0,0,0,-0.015,-1.964,-0.035,-4.5827,,,,,83.6881,81.5298,53.9043,46.6042,35.3471,13.6406,21.9916,17.3268,29.5227,30.2502,33.8306,28.9846,-54.1654,-51.2796,-20.0737,-17.6196,6.5625,11.4724,15.3732,10.9326,-28.7846,-2.1682,-6.6184,-6.3942,,,-0.1622,-23.5829,15.887,0.0459,10.1197,-3.9473,-0.15,-0.1421,-10.0446,,,,,,74.5059,83.7895,80.4809,,,,"Duque","","N/A","2008-01-01T00:00:00.000Z","Bay","Gelding","PRE horse (Pura Raza Espanola) - Andalusier","Dressage","","20260119T121135_logfile.itlog","2026-01-19T19:11:35.549Z","In hand","Research",,,
6,"trot","right","hard",990.46,990.065,990.13,990.5,3878.085,3877.69,3877.755,3878.125,0.7662,49.0078,0.4,0.435,0.335,0.335,0.375,0.35,0.43,0.43,268.703,288.3185,156.4738,137.8766,52.1173,54.717,44.0789,45.1178,,,0,0,0.01,1.3051,-0.065,-8.4829,-0.04,-5.2202,,,,,82.3628,83.1072,56.164,48.4887,35.1102,17.976,20.2531,13.8439,27.8641,30.308,36.0888,26.2693,-54.4987,-52.7992,-20.0752,-22.2194,6.0279,15.8026,14.913,8.1171,-29.0823,-2.1735,-5.3401,-5.7269,,,-0.1785,-14.1877,-0.4975,0.133,11.2786,-6.9033,-0.081,2.9866,-11.8599,,,,,,74.643,76.0375,80.4664,,,,"Duque","","N/A","2008-01-01T00:00:00.000Z","Bay","Gelding","PRE horse (Pura Raza Espanola) - Andalusier","Dressage","","20260119T121135_logfile.itlog","2026-01-19T19:11:35.549Z","In hand","Research",,,
6,"trot","right","hard",991.22,990.87,990.885,991.22,3878.845,3878.495,3878.51,3878.845,0.7812,48.6212,0.415,0.38,0.345,0.38,0.36,0.37,0.42,0.385,270.3515,266.9803,161.2183,151.2617,51.875,50,44.6602,47.9495,,,0,0,0.005,0.64,-0.015,-1.92,0,0,,,,,82.2014,82.8783,57.2174,43.788,22.5594,15.9958,19.1763,20.6466,24.4771,30.7101,35.1956,20.9118,-57.7244,-52.1682,-22.0217,-22.8762,3.1907,13.6088,12.6763,13.8266,-19.3687,-2.3869,-6.5001,-6.82,,,0.0513,-9.2405,15.1986,0.1429,13.9223,-3.6391,-0.2309,-12.3129,-4.469,,,,,,64.4887,87.0067,90.1663,,,,"Duque","","N/A","2008-01-01T00:00:00.000Z","Bay","Gelding","PRE horse (Pura Raza Espanola) - Andalusier","Dressage","","20260119T121135_logfile.itlog","2026-01-19T19:11:35.549Z","In hand","Research",,,
6,"trot","right","hard",992.045,991.64,991.665,992.04,3879.67,3879.265,3879.29,3879.665,0.7706,46.898,0.365,0.39,0.35,0.34,0.41,0.39,0.435,0.44,234.1214,268.8749,164.0357,136.5163,48.8294,50.1608,44.8718,43.7299,,,0.01,1.2976,0.005,0.6488,-0.025,-3.2441,0.005,0.6488,,,,,83.6104,82.0798,54.6511,44.9211,33.7466,12.1803,18.6425,17.6492,33.003,30.5601,34.7612,24.9586,-50.6074,-51.5198,-19.8899,-19.9625,9.6879,9.4859,13.475,11.3801,-24.0586,-2.6944,-5.1675,-6.2691,,,-0.1366,-5.2213,4.4157,0.1135,14.0953,-2.2841,-0.0135,6.5391,-11.4779,,,,,,61.1442,84.4274,87.6979,,,,"Duque","","N/A","2008-01-01T00:00:00.000Z","Bay","Gelding","PRE horse (Pura Raza Espanola) - Andalusier","Dressage","","20260119T121135_logfile.itlog","2026-01-19T19:11:35.549Z","In hand","Research",,,
6,"trot","right","hard",992.765,992.415,992.44,992.815,3880.39,3880.04,3880.065,3880.44,0.7506,46.7987,0.385,0.36,0.345,0.315,0.355,0.385,0.425,0.435,273.7755,270.9166,156.2022,139.361,51.6779,47.8405,45.3947,42.2819,,,0,0,0.025,3.3306,-0.025,-3.3306,-0.05,-6.6611,,,,,78.9141,82.5392,57.0851,45.4565,37.6133,26.0594,22.5479,21.6278,25.1232,32.3703,37.0743,28.5148,-53.7909,-50.1689,-20.0108,-16.9417,6.8907,18.4742,16.6401,13.2179,-30.7226,-7.5851,-5.9078,-8.4099,,,-0.2963,0.3298,-14.8888,0.148,16.146,-2.3691,0.028,6.1369,-8.4196,,,,,,69.6136,81.3486,79.1079,,,,"Duque","","N/A","2008-01-01T00:00:00.000Z","Bay","Gelding","PRE horse (Pura Raza Espanola) - Andalusier","Dressage","","20260119T121135_logfile.itlog","2026-01-19T19:11:35.549Z","In hand","Research",,,
6,"trot","right","hard",993.515,993.175,993.19,993.555,3881.14,3880.8,3880.815,3881.18,0.7606,46.8191,0.405,0.36,0.325,0.335,0.365,0.4,0.405,0.425,261.4298,269.6364,172.549,146.4409,52.5974,47.6821,43.771,43.2258,,,0,0,0.005,0.6574,-0.015,-1.9721,-0.04,-5.2588,,,,,83.368,82.0131,55.3443,41.7589,36.0421,16.2077,22.2699,21.7663,27.4834,32.4441,35.2354,24.2823,-55.8846,-49.5689,-20.1089,-17.4766,6.9962,11.9607,15.8724,15.7846,-29.0459,-4.2469,-6.3975,-5.9817,,,-0.3128,-15.8491,-12.8014,0.09,14.7371,-9.4991,-0.0798,0.1775,-2.0522,,,,,,71.7027,85.0707,76.2589,,,,"Duque","","N/A","2008-01-01T00:00:00.000Z","Bay","Gelding","PRE horse (Pura Raza Espanola) - Andalusier","Dressage","","20260119T121135_logfile.itlog","2026-01-19T19:11:35.549Z","In hand","Research",,,
6,"trot","right","hard",994.285,993.925,993.945,994.345,3881.91,3881.55,3881.57,3881.97,0.7638,47.1008,0.4,0.375,0.35,0.315,0.365,0.39,0.43,0.455,273.5461,265.3017,163.5054,139.9768,50.9554,50,45.3074,42.1405,,,0,0,0,0,-0.02,-2.6187,-0.06,-7.856,,,,,79.2557,81.9367,55.8492,47.9021,29.4768,13.3526,21.6849,12.2191,24.0387,29.3481,35.9306,28.8276,-55.217,-52.5886,-19.9186,-19.0745,5.1465,11.6345,15.4894,10.6237,-24.3302,-1.718,-6.1955,-1.5954,,,-0.4348,-30.5629,2.7173,0.0613,12.9702,-7.1596,-0.0549,-3.441,-4.3397,,,,,,67.9095,86.9088,79.6736,,,,"Duque","","N/A","2008-01-01T00:00:00.000Z","Bay","Gelding","PRE horse (Pura Raza Espanola) - Andalusier","Dressage","","20260119T121135_logfile.itlog","2026-01-19T19:11:35.549Z","In hand","Research",,,
6,"trot","right","hard",995.09,994.66,994.71,995.07,3882.715,3882.285,3882.335,3882.695,0.7975,50.1246,0.395,0.45,0.36,0.395,0.405,0.36,0.415,0.41,238.0049,284.6767,169.0641,146.9703,50.8039,55.2147,45.7143,48.7654,,,0,0,0,0,-0.05,-6.2696,0.02,2.5078,,,,,78.4922,78.9176,55.3697,48.2556,32.2448,16.1536,18.6522,17.2888,27.7536,28.5607,36.1806,24.7932,-50.7386,-50.3568,-19.1891,-23.4624,6.427,10.9179,13.2162,14.0714,-25.8178,-5.2357,-5.4361,-3.2173,,,-0.2339,-11.7202,-5.2822,0.0539,12.3348,-8.0794,-0.0414,-2.2566,2.1183,,,,,,70.2938,86.8497,79.115,,,,"Duque","","N/A","2008-01-01T00:00:00.000Z","Bay","Gelding","PRE horse (Pura Raza Espanola) - Andalusier","Dressage","","20260119T121135_logfile.itlog","2026-01-19T19:11:35.549Z","In hand","Research",,,
6,"trot","right","hard",995.845,995.48,995.51,995.885,3883.47,3883.105,3883.135,3883.51,0.7787,47.9742,0.41,0.39,0.35,0.345,0.36,0.37,0.44,0.42,256.1856,251.0022,156.6375,143.0671,51.735,50.4854,45.0161,44.6602,,,0,0,0.01,1.2841,-0.03,-3.8523,-0.04,-5.1364,,,,,79.2639,78.8177,55.2971,51.2107,29.9082,17.1197,19.5344,18.3502,24.8668,29.4988,36.1619,30.378,-54.397,-49.319,-19.1352,-20.8327,6.1234,12.2952,13.6628,11.966,-23.7848,-4.8245,-5.8717,-6.3841,,,0.0968,1.7701,1.4877,0.1573,10.8829,-2.6472,-0.1592,-2.0997,-7.4985,,,,,,58.9339,79.3042,81.4569,,,,"Duque","","N/A","2008-01-01T00:00:00.000Z","Bay","Gelding","PRE horse (Pura Raza Espanola) - Andalusier","Dressage","","20260119T121135_logfile.itlog","2026-01-19T19:11:35.549Z","In hand","Research",,,
6,"trot","right","hard",996.66,996.265,996.275,996.665,3884.285,3883.89,3883.9,3884.29,0.7825,46.634,0.37,0.385,0.37,0.335,0.405,0.395,0.415,0.435,244.5625,247.327,162.7514,141.929,46.8354,49.2013,47.1338,43.3657,,,0.01,1.278,0.02,2.5559,-0.01,-1.278,-0.005,-0.639,,,,,77.0047,80.0321,57.8163,51.9302,33.633,19.1405,20.0533,20.3824,25.1854,30.3845,35.9408,30.5952,-51.8194,-49.6475,-21.8755,-21.3349,5.9628,13.1,13.206,13.5386,-27.6703,-6.0405,-6.8473,-6.8438,,,-0.1547,5.3251,-5.2147,0.1332,13.4527,0.3126,0.0186,3.9396,-5.849,,,,,,69.4791,79.4761,86.8091,,,,"Duque","","N/A","2008-01-01T00:00:00.000Z","Bay","Gelding","PRE horse (Pura Raza Espanola) - Andalusier","Dressage","","20260119T121135_logfile.itlog","2026-01-19T19:11:35.549Z","In hand","Research",,,
6,"trot","right","hard",997.465,997.05,997.06,997.44,3885.09,3884.675,3884.685,3885.065,0.7612,47.4232,0.345,0.4,0.355,0.345,0.435,0.4,0.415,0.44,227.8128,258.7321,171.6741,140.6889,46,50.9554,47.4916,45.2459,,,0,0,0,0,-0.01,-1.3136,0.025,3.2841,,,,,80.9577,80.8309,57.2662,58.9949,37.3653,19.8216,25.3917,11.0452,29.26,31.6351,36.2365,34.3487,-51.6977,-49.1958,-21.0296,-24.6462,8.9033,14.5832,16.9992,10.6185,-28.4619,-5.2384,-8.3925,-0.4267,,,-0.505,-5.5289,-20.4745,0.1237,15.1465,-10.3865,0.1508,15.7299,-3.1553,,,,,,70.9406,91.2649,84.6716,,,,"Duque","","N/A","2008-01-01T00:00:00.000Z","Bay","Gelding","PRE horse (Pura Raza Espanola) - Andalusier","Dressage","","20260119T121135_logfile.itlog","2026-01-19T19:11:35.549Z","In hand","Research",,,
6,"trot","right","hard",998.185,997.82,997.785,998.18,3885.81,3885.445,3885.41,3885.805,0.8113,49.2124,0.415,0.38,0.405,0.395,0.375,0.37,0.37,0.395,264.7205,263.5656,192.7386,155.9099,52.8662,47.6489,50,46.3343,,,0,0,0.03,3.698,0.035,4.3143,0.005,0.6163,,,,,81.233,80.4632,55.2987,53.7958,37.0275,23.6523,21.2509,21.9308,27.7574,28.5278,27.2343,26.8798,-53.4756,-51.9354,-28.0643,-26.916,6.0773,16.6272,12.2951,14.5192,-30.9502,-7.0251,-8.9557,-7.4116,,,0.2304,-5.3324,-12.4498,0.0651,1.6711,0.1231,-0.1513,1.4667,-3.2107,,,,,,78.7568,90.5545,97.468,,,,"Duque","","N/A","2008-01-01T00:00:00.000Z","Bay","Gelding","PRE horse (Pura Raza Espanola) - Andalusier","Dressage","","20260119T121135_logfile.itlog","2026-01-19T19:11:35.549Z","In hand","Research",,,
6,"trot","right","hard",998.965,998.665,998.63,999.095,3886.59,3886.29,3886.255,3886.72,0.77,44.3301,0.42,0.33,0.36,0.26,0.365,0.465,0.44,0.52,265.4086,246.0818,158.2436,131.3992,53.5032,43.1373,45.4259,35.2542,,,0,0,0.015,1.9481,0.035,4.5455,-0.13,-16.8831,,,,,78.4413,77.961,54.2072,54.8613,34.6899,15.9348,22.402,12.6019,25.4184,34.1332,32.8028,43.6308,-53.0229,-43.8278,-21.4044,-11.2305,5.2179,12.1932,14.6637,11.2288,-29.472,-3.7416,-7.7383,-1.3731,,,0.3758,12.6473,26.7171,0.2388,13.7804,10.1178,-0.2488,-9.2183,-19.7733,,,,,,91.3935,89.7692,,,,,"Duque","","N/A","2008-01-01T00:00:00.000Z","Bay","Gelding","PRE horse (Pura Raza Espanola) - Andalusier","Dressage","","20260119T121135_logfile.itlog","2026-01-19T19:11:35.549Z","In hand","Research",,,
6,"trot","right","hard",999.75,999.4,999.415,999.79,3887.375,3887.025,3887.04,3887.415,0.8019,50.2864,0.46,0.415,0.36,0.38,0.365,0.405,0.425,0.435,258.8324,255.6447,161.18,131.0041,55.7576,51.875,45.7143,47.7987,,,0,0,0,0,-0.015,-1.8706,-0.04,-4.9883,,,,,75.1039,81.0032,52.1545,55.175,25.7084,16.6933,17.5138,15.3434,24.3713,32.7769,32.6819,32.78,-50.7326,-48.2264,-19.4725,-22.395,2.3842,12.3563,12.1529,13.3147,-23.3242,-4.3371,-5.3609,-2.0287,,,0.4776,,5.0914,0.2136,16.2818,5.1942,-0.0877,0.3052,-11.6677,,,,,,83.0101,84.7487,93.3981,,,,"Duque","","N/A","2008-01-01T00:00:00.000Z","Bay","Gelding","PRE horse (Pura Raza Espanola) - Andalusier","Dressage","","20260119T121135_logfile.itlog","2026-01-19T19:11:35.549Z","In hand","Research",,,
6,"trot","right","hard",1000.575,1000.18,1000.205,1000.565,3888.2,3887.805,3887.83,3888.19,0.7981,51.2514,0.415,0.445,0.375,0.4,0.365,0.365,0.43,0.395,229.2372,260.99,149.2015,134.8123,53.3762,55.9748,47.1698,48.4848,,,0,0,0,0,-0.025,-3.1323,0.01,1.2529,,,,,83.9491,77.1794,56.519,56.0611,32.8596,19.5181,21.6055,21.3457,30.2959,31.3521,36.0899,32.4121,-53.6533,-45.8273,-20.4291,-23.649,5.3468,13.7597,14.4679,11.331,-27.5128,-5.7585,-7.1376,-10.0147,,,0.137,-7.214,3.5767,0.0567,5.8623,-1.9528,-0.0972,2.11,-9.3689,,,,,,83.1229,75.7831,82.874,,,,"Duque","","N/A","2008-01-01T00:00:00.000Z","Bay","Gelding","PRE horse (Pura Raza Espanola) - Andalusier","Dressage","","20260119T121135_logfile.itlog","2026-01-19T19:11:35.549Z","In hand","Research",,,
6,"trot","right","hard",1001.35,1000.96,1000.99,1001.42,3888.975,3888.585,3888.615,3889.045,0.7975,49.7505,0.425,0.43,0.385,0.345,0.36,0.335,0.41,0.455,264.825,265.8587,168.0416,141.0479,53.6278,55.3055,46.8085,43.2602,,,0,0,0,0,-0.03,-3.7618,-0.07,-8.7774,,,,,81.3596,76.8861,56.7745,51.4552,32.1639,13.3767,17.2746,16.1081,26.7663,26.9008,33.1493,32.7212,-54.5933,-49.9853,-23.6252,-18.734,2.5558,11.9508,9.7093,12.3497,-29.6081,-1.4259,-7.5654,-3.7584,,,0.5231,0.5319,,0.1329,10.2694,-4.7936,-0.3641,-14.4748,-13.086,,,,,,82.4473,83.8871,,,,,"Duque","","N/A","2008-01-01T00:00:00.000Z","Bay","Gelding","PRE horse (Pura Raza Espanola) - Andalusier","Dressage","","20260119T121135_logfile.itlog","2026-01-19T19:11:35.549Z","In hand","Research",,,
6,"trot","right","hard",1002.15,1001.75,1001.84,1002.215,3889.775,3889.375,3889.465,3889.84,0.81,49.6443,0.485,0.44,0.335,0.355,0.375,0.36,0.465,0.45,254.3725,250.3774,159.6416,133.4577,57.0588,53.1722,42.5397,45.8065,,,0,0,0,0,-0.09,-11.1111,-0.065,-8.0247,,,,,77.9043,78.199,53.3308,52.9513,20.9933,9.8603,18.7195,18.3325,25.9729,25.6087,37.63,33.3629,-51.9315,-52.5903,-15.7007,-19.5884,5.243,9.1521,14.6662,15.7047,-15.7503,-0.7082,-4.0533,-2.6278,,,-0.2024,3.5799,16.8256,0.3065,17.9332,7.7739,-0.2863,-9.5059,-23.3129,,,,,,81.8237,85.159,96.98,,,,"Duque","","N/A","2008-01-01T00:00:00.000Z","Bay","Gelding","PRE horse (Pura Raza Espanola) - Andalusier","Dressage","","20260119T121135_logfile.itlog","2026-01-19T19:11:35.549Z","In hand","Research",,,
6,"trot","right","hard",1002.99,1002.605,1002.615,1002.96,3890.615,3890.23,3890.24,3890.585,0.7969,50.0525,0.39,0.42,0.375,0.41,0.355,0.415,0.44,0.39,244.3754,241.6218,151.3445,139.2288,51.3158,52.0124,46.729,50.1529,,,0,0,0.005,0.6275,-0.01,-1.2549,0.03,3.7647,,,,,77.1945,75.3118,58.7799,53.2996,30.8852,18.209,18.8399,19.409,28.4103,32.1617,39.3714,28.1651,-48.7842,-43.1501,-19.4085,-25.1345,4.9673,11.9972,13.705,8.9125,-25.9179,-6.2119,-5.1349,-10.4965,,,-0.1691,-6.0297,-20.2332,0.0367,6.6263,7.8266,-0.0578,0.863,-14.7593,,,,,,78.4127,80.9487,86.0085,,,,"Duque","","N/A","2008-01-01T00:00:00.000Z","Bay","Gelding","PRE horse (Pura Raza Espanola) - Andalusier","Dressage","","20260119T121135_logfile.itlog","2026-01-19T19:11:35.549Z","In hand","Research",,,
6,"trot","right","hard",1003.765,1003.385,1003.405,1003.795,3891.39,3891.01,3891.03,3891.42,0.7794,48.7883,0.41,0.4,0.36,0.35,0.385,0.36,0.415,0.425,230.8567,250.308,168.8854,150.3538,52.3962,52.459,45.5696,44.7284,,,0,0,0,0,-0.02,-2.5662,-0.03,-3.8492,,,,,83.1006,79.5652,52.0479,47.058,31.2222,12.8406,22.9617,17.4711,28.8884,30.2169,32.9628,26.7608,-54.2122,-49.3483,-19.0851,-20.2971,5.531,10.5696,15.8285,10.93,-25.6912,-2.271,-7.1332,-6.5411,,,-0.3011,-23.5501,4.5212,-0.0422,7.7148,-14.8858,0.053,9.6,3.0323,,,,,,73.7625,84.7207,94.0109,,,,"Duque","","N/A","2008-01-01T00:00:00.000Z","Bay","Gelding","PRE horse (Pura Raza Espanola) - Andalusier","Dressage","","20260119T121135_logfile.itlog","2026-01-19T19:11:35.549Z","In hand","Research",,,
6,"trot","right","hard",1004.535,1004.15,1004.21,1004.585,3892.16,3891.775,3891.835,3892.21,0.7856,49.5749,0.425,0.44,0.35,0.345,0.36,0.365,0.445,0.44,265.3016,260.2576,145.4553,131.8179,53.6278,54.4892,46.5116,43.6709,,,0,0,0,0,-0.06,-7.6372,-0.05,-6.3644,,,,,82.0056,83.7283,54.3802,48.0008,36.7652,16.4311,20.1153,18.9502,27.1359,31.3413,36.3168,26.2202,-54.8698,-52.387,-18.0634,-21.7807,6.2831,12.5907,15.5699,9.3402,-30.4821,-3.8404,-4.5454,-9.61,,,-0.0556,-9.5125,2.2419,0.071,7.7879,-4.9361,0.079,16.9748,-10.9934,,,,,,72.8874,76.1347,93.954,,,,"Duque","","N/A","2008-01-01T00:00:00.000Z","Bay","Gelding","PRE horse (Pura Raza Espanola) - Andalusier","Dressage","","20260119T121135_logfile.itlog","2026-01-19T19:11:35.549Z","In hand","Research",,,
6,"trot","right","hard",1005.335,1004.96,1004.92,1005.38,3892.96,3892.585,3892.545,3893.005,0.7813,48.7848,0.395,0.39,0.41,0.33,0.375,0.37,0.36,0.45,259.416,269.9955,171.0483,142.2804,50.3185,51.4851,50.6173,42.7184,,,0,0,0,0,0.04,5.12,-0.045,-5.76,,,,,79.7857,79.8642,57.3929,44.7694,24.6927,15.2084,21.4642,16.4619,24.8896,28.3452,28.0354,26.5728,-54.8961,-51.519,-29.3575,-18.1966,5.4472,12.3931,12.3412,11.2937,-19.2454,-2.8154,-9.123,-5.1682,,,-0.4121,-19.3584,-0.1189,0.1842,18.1091,-5.4492,-0.2853,-10.9952,-10.5969,,,,,,72.9897,89.5181,93.7604,,,,"Duque","","N/A","2008-01-01T00:00:00.000Z","Bay","Gelding","PRE horse (Pura Raza Espanola) - Andalusier","Dressage","","20260119T121135_logfile.itlog","2026-01-19T19:11:35.549Z","In hand","Research",,,
6,"trot","right","hard",1006.135,1005.715,1005.77,1006.145,3893.76,3893.34,3893.395,3893.77,0.7631,48.1661,0.365,0.41,0.355,0.34,0.405,0.365,0.44,0.435,237.0582,269.5605,167.0285,128.8111,48.9933,53.4202,45.8065,44.4444,,,0.01,1.3104,0,0,-0.055,-7.2072,-0.01,-1.3104,,,,,81.1547,82.1612,53.3098,45.5136,33.7004,15.437,22.6659,17.1255,31.573,29.4274,33.8024,27.5422,-49.5816,-52.7339,-19.5074,-17.9714,8.4139,10.9414,16.7494,11.6045,-25.2864,-4.4956,-5.9165,-5.521,,,-0.2707,-13.0643,-13.3837,0.1921,14.5347,4.6539,0.0396,8.8809,-14.3442,,,,,,75.0725,82.28,91.3052,,,,"Duque","","N/A","2008-01-01T00:00:00.000Z","Bay","Gelding","PRE horse (Pura Raza Espanola) - Andalusier","Dressage","","20260119T121135_logfile.itlog","2026-01-19T19:11:35.549Z","In hand","Research",,,
6,"trot","right","hard",1006.855,1006.475,1006.525,1006.9,3894.48,3894.1,3894.15,3894.525,0.7531,48.2778,0.39,0.395,0.34,0.33,0.355,0.35,0.4,0.415,267.5914,284.4415,164.8816,150.9374,51.8272,51.8033,45.3333,44.1472,,,0,0,0.01,1.3278,-0.05,-6.639,-0.045,-5.9751,,,,,77.9838,83.8531,55.8963,46.9272,33.099,21.3711,21.7939,15.3268,25.4768,28.55,35.2375,30.4888,-52.5069,-55.303,-20.6589,-16.4384,6.8537,15.226,14.8662,11.1915,-26.2453,-6.1451,-6.9277,-4.1353,,,0.0669,0.7467,2.7377,0.2177,19.0181,-2.4774,-0.2617,-3.6533,-11.7173,,,,,,60.5058,81.0535,91.6789,,,,"Duque","","N/A","2008-01-01T00:00:00.000Z","Bay","Gelding","PRE horse (Pura Raza Espanola) - Andalusier","Dressage","","20260119T121135_logfile.itlog","2026-01-19T19:11:35.549Z","In hand","Research",,,
6,"trot","right","hard",1007.615,1007.255,1007.285,1007.65,3895.24,3894.88,3894.91,3895.275,0.7706,47.1659,0.405,0.38,0.33,0.34,0.37,0.385,0.42,0.42,246.876,287.7553,165.3111,144.6971,51.5924,49.3506,43.4211,44.2997,,,0,0,0.01,1.2976,-0.03,-3.8929,-0.035,-4.5418,,,,,79.1025,83.0313,55.5229,48.9432,29.8146,20.2149,22.0546,17.6916,24.0697,30.8239,34.2129,30.4862,-55.0328,-52.2074,-21.31,-18.457,4.819,15.3706,15.0631,12.3888,-24.9956,-4.8443,-6.9915,-5.3027,,,-0.2955,-9.1147,-4.9119,0.1927,20.2571,-6.6892,-0.0183,14.4027,-16.1426,,,,,,74.1604,86.4779,93.2051,,,,"Duque","","N/A","2008-01-01T00:00:00.000Z","Bay","Gelding","PRE horse (Pura Raza Espanola) - Andalusier","Dressage","","20260119T121135_logfile.itlog","2026-01-19T19:11:35.549Z","In hand","Research",,,
6,"trot","right","hard",1008.41,1008.03,1008.055,1008.425,3896.035,3895.655,3895.68,3896.05,0.7675,46.1156,0.37,0.375,0.335,0.335,0.39,0.395,0.44,0.435,237.8913,270.1793,165.5842,150.645,49.1694,48.7013,43.3657,43.2258,,,0.005,0.6515,0.02,2.6059,-0.025,-3.2573,-0.015,-1.9544,,,,,76.3139,81.5208,56.7999,47.65,34.9957,13.5716,17.7245,18.1917,25.8278,30.5643,35.4905,29.0779,-50.4861,-50.9565,-21.3094,-18.5721,8.7859,9.4677,10.4771,13.008,-26.2098,-4.1039,-7.2474,-5.1837,,,-0.1248,-18.8355,-2.6039,0.0995,7.6123,-3.7077,-0.1167,11.4868,-18.7084,,,,,,77.1215,83.3518,95.4432,,,,"Duque","","N/A","2008-01-01T00:00:00.000Z","Bay","Gelding","PRE horse (Pura Raza Espanola) - Andalusier","Dressage","","20260119T121135_logfile.itlog","2026-01-19T19:11:35.549Z","In hand","Research",,,
6,"trot","right","hard",1009.155,1008.8,1008.825,1009.205,3896.78,3896.425,3896.45,3896.83,0.7675,46.9057,0.395,0.375,0.345,0.325,0.375,0.395,0.435,0.445,251.4043,264.31,163.381,138.3769,51.2987,49.1803,44.6602,42.4837,,,0,0,0.005,0.6515,-0.025,-3.2573,-0.05,-6.5147,,,,,77.7493,82.704,55.47,49.0546,37.3248,20.1313,21.5436,21.3597,24.9167,30.6377,34.3492,29.1879,-52.8326,-52.0663,-21.1208,-19.8667,7.7936,13.6028,14.7636,13.3371,-29.5312,-6.5285,-6.78,-8.0226,,,-0.0249,1.6505,10.8091,-0.0426,1.4178,3.9634,0.0851,14.7721,-16.6756,,,,,,69.2,78.5689,94.4584,,,,"Duque","","N/A","2008-01-01T00:00:00.000Z","Bay","Gelding","PRE horse (Pura Raza Espanola) - Andalusier","Dressage","","20260119T121135_logfile.itlog","2026-01-19T19:11:35.549Z","In hand","Research",,,
6,"trot","right","hard",1009.925,1009.555,1009.59,1009.965,3897.55,3897.18,3897.215,3897.59,0.7863,47.435,0.41,0.39,0.345,0.345,0.375,0.38,0.42,0.435,258.5872,283.339,165.7564,135.0393,52.7331,50,44.8052,42.2018,,,0,0,0.01,1.2719,-0.035,-4.4515,-0.04,-5.0874,,,,,80.2385,78.2798,54.6627,49.3007,34.7208,22.5298,19.902,22.1105,26.6649,28.2641,33.525,30.6325,-53.5736,-50.0157,-21.1377,-18.6681,6.5775,17.6688,12.4199,16.3595,-28.1433,-4.861,-7.482,-5.751,,,-0.2292,-0.6828,-19.4839,0.0973,13.0053,-9.8886,0.0585,9.0109,-4.7539,,,,,,74.827,86.5297,84.516,,,,"Duque","","N/A","2008-01-01T00:00:00.000Z","Bay","Gelding","PRE horse (Pura Raza Espanola) - Andalusier","Dressage","","20260119T121135_logfile.itlog","2026-01-19T19:11:35.549Z","In hand","Research",,,
6,"trot","right","hard",1010.695,1010.345,1010.365,1010.82,3898.32,3897.97,3897.99,3898.445,0.7744,45.9527,0.42,0.39,0.35,0.27,0.36,0.4,0.43,0.51,259.4088,256.9825,165.5595,128.6055,52.0124,49.5238,45.1613,37.1134,,,0,0,0.015,1.937,-0.02,-2.5827,-0.125,-16.1421,,,,,76.9089,79.1381,54.7118,51.0975,34.616,17.1503,19.5481,10.3662,24.2573,30.554,34.8746,39.7762,-52.6516,-48.5842,-19.8371,-11.3213,5.3192,13.5071,12.838,10.1377,-29.2968,-3.6432,-6.7101,-0.2285,,,0.3728,9.3974,4.6003,-0.0061,3.5784,-1.5597,0.0341,-1.9433,-0.5781,,,,,,74.9789,79.8547,81.1653,,,,"Duque","","N/A","2008-01-01T00:00:00.000Z","Bay","Gelding","PRE horse (Pura Raza Espanola) - Andalusier","Dressage","","20260119T121135_logfile.itlog","2026-01-19T19:11:35.549Z","In hand","Research",,,
6,"trot","right","hard",1011.53,1011.13,1011.135,1011.495,3899.155,3898.755,3898.76,3899.12,0.7937,49.4295,0.395,0.415,0.355,0.405,0.415,0.395,0.42,0.405,230.8486,258.742,161.3223,143.2535,49.8423,52.5316,46.1039,49.2401,,,0,0,0,0,-0.005,-0.6299,0.035,4.4094,,,,,78.3923,83.5715,58.466,56.035,36.5514,20.9414,19.8837,12.7379,25.2301,30.9127,37.0407,29.4403,-53.1622,-52.6588,-21.4252,-26.5946,5.0877,16.9177,11.2349,12.4388,-31.4637,-4.0237,-8.6487,-0.299,,,0.0338,2.4693,14.5253,0.0317,10.6943,-12.5725,-0.0819,-8.2391,7.4903,,,,,,71.8075,,85.9572,,,,"Duque","","N/A","2008-01-01T00:00:00.000Z","Bay","Gelding","PRE horse (Pura Raza Espanola) - Andalusier","Dressage","","20260119T121135_logfile.itlog","2026-01-19T19:11:35.549Z","In hand","Research",,,
6,"trot","right","hard",1012.305,1011.9,1011.9,1012.33,3899.93,3899.525,3899.525,3899.955,0.8088,51.1557,0.425,0.425,0.415,0.39,0.38,0.355,0.41,0.43,253.0321,285.7262,174.1651,140.6503,52.4691,52.795,50.4559,48.9028,,,0,0,0,0,0,0,-0.025,-3.0912,,,,,77.2465,78.9606,54.428,56.4494,37.0446,11.264,22.307,13.407,25.3821,25.5356,27.666,32.0384,-51.8645,-53.425,-26.762,-24.4111,4.9273,10.7244,10.7802,11.9771,-32.1173,-0.5397,-11.5268,-1.43,,,0.0161,3.8415,-7.5647,0.1232,12.2292,-4.5384,-0.1597,-9.5187,-0.0855,,,,,,77.8715,93.2907,95.9711,,,,"Duque","","N/A","2008-01-01T00:00:00.000Z","Bay","Gelding","PRE horse (Pura Raza Espanola) - Andalusier","Dressage","","20260119T121135_logfile.itlog","2026-01-19T19:11:35.549Z","In hand","Research",,,
6,"trot","right","hard",1013.12,1012.73,1012.72,1013.105,3900.745,3900.355,3900.345,3900.73,0.81,50.9393,0.405,0.425,0.41,0.41,0.39,0.405,0.405,0.385,245.9733,246.5296,165.0046,148.5332,51.4286,52.6316,50,49.697,,,0,0,0,0,0.01,1.2346,0.015,1.8519,,,,,77.6608,83.8085,57.5614,57.8733,29.7771,19.9984,23.5186,14.3899,22.3863,30.1303,33.3304,30.9981,-55.2745,-53.6782,-24.231,-26.8752,5.4611,14.4577,13.78,10.0384,-24.3159,-5.5408,-9.7386,-4.3515,,,-0.5086,-25.6114,-10.8306,0.3152,23.2548,8.688,-0.2301,-11.3653,-12.1023,,,,,,85.7826,91.8447,95.9791,,,,"Duque","","N/A","2008-01-01T00:00:00.000Z","Bay","Gelding","PRE horse (Pura Raza Espanola) - Andalusier","Dressage","","20260119T121135_logfile.itlog","2026-01-19T19:11:35.549Z","In hand","Research",,,
6,"trot","right","hard",1013.9,1013.515,1013.545,1013.96,3901.525,3901.14,3901.17,3901.585,0.805,50.6862,0.455,0.45,0.38,0.35,0.375,0.36,0.415,0.445,251.2582,280.564,171.8776,140.8239,54.491,55.5556,48.254,44.4444,,,0,0,0,0,-0.03,-3.7267,-0.06,-7.4534,,,,,79.6402,79.832,53.2809,56.9604,25.799,17.9018,23.9817,15.273,27.7855,30.4947,31.7459,38.9521,-51.8547,-49.3372,-21.535,-18.0083,0.4275,14.4632,16.2239,10.367,-25.3714,-3.4386,-7.7577,-4.906,,,-0.2595,-13.9392,-12.6101,0.0444,10.2703,0.2636,-0.0132,4.6841,-8.1033,,,,,,75.2187,86.426,86.2523,,,,"Duque","","N/A","2008-01-01T00:00:00.000Z","Bay","Gelding","PRE horse (Pura Raza Espanola) - Andalusier","Dressage","","20260119T121135_logfile.itlog","2026-01-19T19:11:35.549Z","In hand","Research",,,
6,"trot","right","hard",1014.74,1014.325,1014.325,1014.74,3902.365,3901.95,3901.95,3902.365,0.7819,48.2989,0.375,0.4,0.38,0.355,0.385,0.36,0.4,0.43,222.5796,268.6554,158.4895,146.2451,49.3421,51.1182,47.7987,44.9367,,,0.015,1.9185,0.015,1.9185,0,0,0,0,,,,,78.885,82.4955,57.9958,61.3943,41.1,16.9227,19.5181,17.7213,26.3134,30.5983,33.3323,35.5611,-52.5716,-51.8972,-24.6635,-25.8332,5.2706,13.7967,10.3875,10.6535,-35.8294,-3.1261,-9.1306,-7.0678,,,0.1545,5.6001,-0.6266,0.0803,11.5085,-10.8068,-0.0691,1.118,-4.3982,,,,,,73.9204,85.8455,82.9191,,,,"Duque","","N/A","2008-01-01T00:00:00.000Z","Bay","Gelding","PRE horse (Pura Raza Espanola) - Andalusier","Dressage","","20260119T121135_logfile.itlog","2026-01-19T19:11:35.549Z","In hand","Research",,,
6,"trot","right","hard",1015.5,1015.13,1015.135,1015.535,3903.125,3902.755,3902.76,3903.16,0.7706,46.3833,0.375,0.37,0.36,0.325,0.385,0.405,0.43,0.44,255.162,252.5169,163.5259,155.6291,48.8599,47.8964,46.1538,42.623,,,0,0,0.025,3.2441,-0.005,-0.6488,-0.035,-4.5418,,,,,79.3411,82.5819,61.5206,54.7095,32.1361,22.7661,23.0351,22.0169,24.8615,30.0152,37.1932,32.7548,-54.4796,-52.5667,-24.3273,-21.9547,4.6531,17.6101,13.3114,11.3156,-27.483,-5.156,-9.7238,-10.7012,,,-0.3574,-8.3598,2.7169,0.1601,15.3311,-2.9801,-0.0183,5.8272,-10.5267,,,,,,72.9611,87.7779,83.2859,,,,"Duque","","N/A","2008-01-01T00:00:00.000Z","Bay","Gelding","PRE horse (Pura Raza Espanola) - Andalusier","Dressage","","20260119T121135_logfile.itlog","2026-01-19T19:11:35.549Z","In hand","Research",,,
6,"trot","right","hard",1016.275,1015.9,1015.905,1016.295,3903.9,3903.525,3903.53,3903.92,0.7419,45.6544,0.345,0.35,0.35,0.31,0.4,0.4,0.41,0.435,246.5823,270.9098,181.9643,151.6637,47.2603,46.8227,46.3576,42.1769,,,0.02,2.6959,0.025,3.3698,-0.005,-0.674,-0.02,-2.6959,,,,,77.2815,80.8082,58.8015,52.0482,37.9096,22.8298,21.4914,20.8779,27.7464,30.8707,35.8117,31.6445,-49.5351,-49.9375,-22.9899,-20.4037,6.7516,15.4441,14.278,10.882,-31.158,-7.3857,-7.2134,-9.9959,,,-0.1662,-3.5247,-17.4853,0.0514,9.81,-0.6335,0.0294,7.6552,-6.1342,,,,,,69.1665,85.4038,79.9617,,,,"Duque","","N/A","2008-01-01T00:00:00.000Z","Bay","Gelding","PRE horse (Pura Raza Espanola) - Andalusier","Dressage","","20260119T121135_logfile.itlog","2026-01-19T19:11:35.549Z","In hand","Research",,,
6,"trot","right","hard",1016.99,1016.645,1016.655,1017.02,3904.615,3904.27,3904.28,3904.645,0.7438,46.199,0.375,0.35,0.33,0.32,0.37,0.395,0.4,0.415,256.8067,266.1518,176.5243,149.4679,49.6689,47.138,44.7458,43.2432,,,0,0,0.02,2.6891,-0.01,-1.3445,-0.03,-4.0336,,,,,82.7436,79.0494,57.0994,47.0486,32.0474,27.2272,23.4236,21.8079,28.6913,30.4357,36.7094,27.4773,-54.0523,-48.6137,-20.39,-19.5713,5.2703,18.331,16.3306,12.1069,-26.7771,-8.8962,-7.093,-9.7009,,,-0.1737,-4.2838,0.0111,0.1839,16.1567,-5.6957,-0.115,0.4298,-9.3767,,,,,,55.9244,84.337,76.2417,,,,"Duque","","N/A","2008-01-01T00:00:00.000Z","Bay","Gelding","PRE horse (Pura Raza Espanola) - Andalusier","Dressage","","20260119T121135_logfile.itlog","2026-01-19T19:11:35.549Z","In hand","Research",,,
6,"trot","right","hard",1017.755,1017.385,1017.4,1017.765,3905.38,3905.01,3905.025,3905.39,0.7456,45.7953,0.35,0.36,0.335,0.32,0.39,0.39,0.415,0.425,257.4218,262.9584,170.3524,139.3429,48.11,48.1605,44.6667,42.2442,,,0.01,1.3412,0.025,3.3529,-0.015,-2.0117,-0.01,-1.3412,,,,,80.1999,82.6975,57.5801,47.3913,31.9476,21.5661,24.443,24.0359,30.0805,32.5762,35.3782,27.9617,-50.1194,-50.1213,-22.2019,-19.4296,5.2942,15.7927,17.3127,13.4005,-26.6533,-5.7734,-7.1303,-10.6354,,,0.1139,-1.5532,-2.721,0.146,12.4249,-0.4044,-0.1192,-1.6252,-6.3812,,,,,,62.6246,82.6036,79.012,,,,"Duque","","N/A","2008-01-01T00:00:00.000Z","Bay","Gelding","PRE horse (Pura Raza Espanola) - Andalusier","Dressage","","20260119T121135_logfile.itlog","2026-01-19T19:11:35.549Z","In hand","Research",,,
6,"trot","right","hard",1018.47,1018.13,1018.15,1018.535,3906.095,3905.755,3905.775,3906.16,0.7419,46.1656,0.385,0.355,0.33,0.3,0.365,0.385,0.415,0.45,250.0897,275.3613,174.4475,151.626,51.3333,48.7973,43.8538,40.678,,,0,0,0,0,-0.02,-2.6959,-0.065,-8.7616,,,,,81.4575,83.6885,58.3961,48.3802,34.1083,16.8457,21.5837,17.8305,24.608,28.3518,36.6277,31.157,-56.8495,-55.3366,-21.7684,-17.2232,6.1659,13.0898,14.7709,12.7897,-27.9425,-3.7559,-6.8129,-5.0408,,,0.2021,0.9883,13.0681,0.0768,11.0174,-3.6877,-0.0341,0.4537,-4.178,,,,,,63.6205,86.7595,78.9884,,,,"Duque","","N/A","2008-01-01T00:00:00.000Z","Bay","Gelding","PRE horse (Pura Raza Espanola) - Andalusier","Dressage","","20260119T121135_logfile.itlog","2026-01-19T19:11:35.549Z","In hand","Research",,,
6,"trot","right","hard",1019.22,1018.845,1018.91,1019.26,3906.845,3906.47,3906.535,3906.885,0.7463,46.8737,0.385,0.385,0.315,0.315,0.365,0.36,0.43,0.425,271.2086,300.9062,170.4157,141.8124,51.6779,50.8251,42.4242,42.5676,,,0,0,0.01,1.34,-0.065,-8.7102,-0.04,-5.3601,,,,,82.3941,81.6955,53.2125,49.0692,33.9258,20.5824,22.2811,19.7206,27.1622,27.8083,34.876,29.3514,-55.232,-53.8872,-18.3365,-19.7177,7.4326,15.0335,16.8587,9.8945,-26.4932,-5.5489,-5.4224,-9.8261,,,-0.1088,1.9292,1.435,0.1447,15.8249,-3.4334,-0.0056,5.4471,-6.1457,,,,,,60.3063,83.3313,77.1772,,,,"Duque","","N/A","2008-01-01T00:00:00.000Z","Bay","Gelding","PRE horse (Pura Raza Espanola) - Andalusier","Dressage","","20260119T121135_logfile.itlog","2026-01-19T19:11:35.549Z","In hand","Research",,,
6,"trot","right","hard",1019.96,1019.615,1019.65,1020,3907.585,3907.24,3907.275,3907.625,0.7431,46.5702,0.39,0.35,0.32,0.325,0.355,0.385,0.425,0.425,272.1851,276.722,165.0543,147.1576,51.8272,46.9799,42.953,44.5205,,,0,0,0.02,2.6913,-0.035,-4.7098,-0.04,-5.3827,,,,,80.9743,82.0766,56.0608,47.5667,34.3679,20.1962,23.9325,12.4676,28.2973,29.7882,37.235,28.1418,-52.6769,-52.2884,-18.8258,-19.425,6.1895,14.0752,17.4953,10.8067,-28.1784,-6.121,-6.4371,-1.6609,,,-0.0705,-0.4375,-5.0717,0.2465,20.6608,-3.0043,-0.311,-5.1924,-12.5946,,,,,,60.7679,87.9348,86.3942,,,,"Duque","","N/A","2008-01-01T00:00:00.000Z","Bay","Gelding","PRE horse (Pura Raza Espanola) - Andalusier","Dressage","","20260119T121135_logfile.itlog","2026-01-19T19:11:35.549Z","In hand","Research",,,
6,"trot","right","hard",1020.72,1020.37,1020.395,1020.71,3908.345,3907.995,3908.02,3908.335,0.7775,47.5631,0.4,0.38,0.325,0.375,0.37,0.405,0.425,0.385,252.5205,273.3612,164.3261,154.9077,51.2821,49.1909,42.9043,46.875,,,0,0,0.01,1.2862,-0.025,-3.2154,0.01,1.2862,,,,,81.9822,82.0844,58.881,48.2148,31.6738,22.6099,18.6082,23.8984,27.9229,31.3369,38.2121,24.8859,-54.0593,-50.7475,-20.6689,-23.329,5.1546,16.5839,12.2318,16.2513,-26.5192,-6.026,-6.3764,-7.6471,,,-0.4116,-8.753,-15.3638,0.2855,25.1376,-0.5638,-0.1993,4.9438,-21.4885,,,,,,78.4224,92.1981,87.4563,,,,"Duque","","N/A","2008-01-01T00:00:00.000Z","Bay","Gelding","PRE horse (Pura Raza Espanola) - Andalusier","Dressage","","20260119T121135_logfile.itlog","2026-01-19T19:11:35.549Z","In hand","Research",,,
6,"trot","right","hard",1021.51,1021.13,1021.16,1021.55,3909.135,3908.755,3908.785,3909.175,0.7669,45.6674,0.385,0.37,0.325,0.32,0.39,0.38,0.44,0.465,245.462,270.3203,168.5139,143.2615,50.3268,48.8449,42.2078,41.2903,,,0.01,1.304,0,0,-0.03,-3.912,-0.04,-5.216,,,,,76.395,79.902,55.9548,47.2093,34.9072,20.488,21.9831,19.1932,25.8605,29.5236,34.7701,30.9357,-50.5344,-50.3785,-21.1847,-16.2737,6.6451,15.2247,14.4128,13.5767,-28.2622,-5.2633,-7.5703,-5.6166,,,-0.2854,-18.5231,-13.4731,0.1831,17.4433,-0.5899,-0.2298,-1.6434,-18.1687,,,,,,70.7126,91.0989,89.4627,,,,"Duque","","N/A","2008-01-01T00:00:00.000Z","Bay","Gelding","PRE horse (Pura Raza Espanola) - Andalusier","Dressage","","20260119T121135_logfile.itlog","2026-01-19T19:11:35.549Z","In hand","Research",,,
6,"trot","right","hard",1022.265,1021.895,1021.935,1022.315,3909.89,3909.52,3909.56,3909.94,0.785,47.8789,0.42,0.395,0.34,0.35,0.37,0.395,0.45,0.445,245.9329,261.1659,161.0718,136.3093,52.0124,50,43.4505,46.0526,,,0,0,0,0,-0.04,-5.0955,-0.05,-6.3694,,,,,72.8723,78.5356,53.0512,49.9971,32.5689,17.7389,21.8086,9.3758,22.5945,28.8423,32.522,30.5748,-50.2778,-49.6933,-20.5293,-19.4223,4.4447,14.7418,15.3925,9.3366,-28.1243,-2.9971,-6.4162,-0.0392,,,-0.1107,0.2404,-6.0778,0.1965,17.8086,0.4438,-0.1728,-1.5212,-14.4471,,,,,,73.3767,86.931,88.6557,,,,"Duque","","N/A","2008-01-01T00:00:00.000Z","Bay","Gelding","PRE horse (Pura Raza Espanola) - Andalusier","Dressage","","20260119T121135_logfile.itlog","2026-01-19T19:11:35.549Z","In hand","Research",,,
6,"trot","right","hard",1023.09,1022.685,1022.71,1023.04,3910.715,3910.31,3910.335,3910.665,0.7963,48.9585,0.385,0.405,0.355,0.415,0.405,0.395,0.435,0.375,223.9333,257.1254,155.9834,145.0349,49.6774,50.4673,45.0794,50.6098,,,0,0,0.015,1.8838,-0.025,-3.1397,0.05,6.2794,,,,,77.6926,78.0126,56.6376,49.0611,33.9087,16.0691,18.9215,20.3596,27.3883,27.9339,34.1264,23.612,-50.3042,-50.0787,-22.5112,-25.449,7.0023,11.7762,11.4887,15.3579,-26.9064,-4.2929,-7.4329,-5.0017,,,-0.265,-4.818,-10.2507,0.1117,10.8838,-0.11,-0.0858,3.8628,-14.2582,,,,,,73.4005,83.3991,87.8034,,,,"Duque","","N/A","2008-01-01T00:00:00.000Z","Bay","Gelding","PRE horse (Pura Raza Espanola) - Andalusier","Dressage","","20260119T121135_logfile.itlog","2026-01-19T19:11:35.549Z","In hand","Research",,,
6,"trot","right","hard",1023.85,1023.49,1023.495,1023.89,3911.475,3911.115,3911.12,3911.515,0.785,47.4447,0.41,0.38,0.36,0.34,0.375,0.4,0.43,0.435,248.1269,252.8501,157.8987,138.4805,51.5723,49.1909,45.4259,43.5897,,,0,0,0,0,-0.005,-0.6369,-0.04,-5.0955,,,,,78.3997,80.8822,53.6556,51.5094,32.7673,17.1482,19.1259,18.6611,23.8082,31.1926,31.8252,31.4501,-54.5915,-49.6896,-21.8304,-20.0593,4.788,14.433,11.6615,12.8549,-27.9793,-2.7152,-7.4644,-5.8062,,,-0.5507,-23.0046,-8.6333,0.0221,10.4027,-3.8763,0.0398,2.3787,-4.3434,,,,,,87.3925,85.9404,86.7441,,,,"Duque","","N/A","2008-01-01T00:00:00.000Z","Bay","Gelding","PRE horse (Pura Raza Espanola) - Andalusier","Dressage","","20260119T121135_logfile.itlog","2026-01-19T19:11:35.549Z","In hand","Research",,,
6,"trot","right","hard",1024.655,1024.255,1024.29,1024.675,3912.28,3911.88,3911.915,3912.3,0.8012,48.782,0.415,0.43,0.355,0.365,0.395,0.385,0.435,0.445,241.4656,265.3397,158.1625,131.5011,50.7645,52.9231,44.795,46.6454,,,0,0,0,0,-0.035,-4.3682,-0.02,-2.4961,,,,,76.1854,82.0598,55.721,59.9058,38.3709,18.9139,16.135,9.0244,23.9301,30.9259,36.7195,35.7418,-52.2554,-51.1339,-19.0016,-24.164,6.1449,14.865,10.8315,8.709,-32.226,-4.0489,-5.3035,-0.3154,,,-0.6598,,-30.821,0.2343,25.029,-12.5128,-0.004,10.5751,-1.0885,,,,,,,,93.4023,,,,"Duque","","N/A","2008-01-01T00:00:00.000Z","Bay","Gelding","PRE horse (Pura Raza Espanola) - Andalusier","Dressage","","20260119T121135_logfile.itlog","2026-01-19T19:11:35.549Z","In hand","Research",,,
6,"trot","right","hard",1025.48,1025.065,1025.085,1025.43,3913.105,3912.69,3912.71,3913.055,0.7869,47.504,0.35,0.395,0.365,0.385,0.41,0.38,0.44,0.39,248.8883,257.6313,159.0892,160.4765,46.8227,50.3185,46.3492,46.5257,,,0,0,0.025,3.1771,-0.02,-2.5417,0.05,6.3542,,,,,81.9568,79.4222,61.8775,55.4576,32.8988,18.2459,19.2006,25.8686,29.0764,27.5209,37.7558,26.2144,-52.8803,-51.9013,-24.1217,-29.2431,7.6311,11.5292,10.6202,13.8285,-25.2678,-6.7167,-8.5804,-12.04,,,-0.1562,-22.6971,-8.5887,0.0616,2.5431,5.1449,-0.0368,11.857,-19.8951,,,,,,83.5258,89.819,93.3753,,,,"Duque","","N/A","2008-01-01T00:00:00.000Z","Bay","Gelding","PRE horse (Pura Raza Espanola) - Andalusier","Dressage","","20260119T121135_logfile.itlog","2026-01-19T19:11:35.549Z","In hand","Research",,,
6,"trot","right","hard",1026.215,1025.86,1025.855,1026.31,3913.84,3913.485,3913.48,3913.935,0.7306,44.0525,0.355,0.345,0.345,0.245,0.385,0.4,0.405,0.495,264.3485,250.1472,182.6653,143.5644,48.2993,47.5862,45.6954,34.629,,,0.01,1.3687,0,0,0.005,0.6843,-0.095,-13.0026,,,,,72.5923,83.4245,59.6563,55.0964,34.51,17.6482,19.7851,17.3181,23.9305,32.7862,34.2453,44.637,-48.6618,-50.6383,-25.4109,-10.4594,5.5599,14.3601,12.1429,10.4409,-28.9501,-3.288,-7.6423,-6.8773,,,0.2352,-1.8071,23.1736,0.1844,14.0276,3.8338,-0.3167,-12.947,-12.3492,,,,,,77.1384,84.0813,89.8539,,,,"Duque","","N/A","2008-01-01T00:00:00.000Z","Bay","Gelding","PRE horse (Pura Raza Espanola) - Andalusier","Dressage","","20260119T121135_logfile.itlog","2026-01-19T19:11:35.549Z","In hand","Research",,,
6,"trot","right","hard",1026.945,1026.565,1026.615,1026.985,3914.57,3914.19,3914.24,3914.61,0.7625,47.6626,0.395,0.395,0.335,0.33,0.375,0.36,0.415,0.43,233.6584,291.6255,172.583,148.9922,50.641,51.634,44.6667,43.7086,,,0,0,0,0,-0.05,-6.5574,-0.04,-5.2459,,,,,80.9224,83.7019,57.0186,53.8569,38.2291,20.8583,20.1308,19.0482,26.8292,29.8212,35.5116,31.9834,-54.0932,-53.8806,-21.507,-21.8735,5.4172,16.5113,14.1247,9.9426,-32.8119,-4.347,-6.006,-9.1056,,,-0.655,-26.565,-6.1639,0.1918,19.4174,-3.3235,-0.0487,5.5922,-14.9264,,,,,,87.9189,83.3923,87.1525,,,,"Duque","","N/A","2008-01-01T00:00:00.000Z","Bay","Gelding","PRE horse (Pura Raza Espanola) - Andalusier","Dressage","","20260119T121135_logfile.itlog","2026-01-19T19:11:35.549Z","In hand","Research",,,
6,"trot","right","hard",1027.735,1027.34,1027.365,1027.735,3915.36,3914.965,3914.99,3915.36,0.7619,46.1045,0.355,0.375,0.335,0.34,0.395,0.38,0.415,0.42,258.6805,276.4746,166.2434,151.5983,47.0199,49.0196,44.0789,44.2997,,,0.02,2.6251,0.025,3.2814,-0.025,-3.2814,0,0,,,,,81.6583,83.4889,60.9808,54.9442,37.891,17.8142,21.5393,19.2255,28.5395,30.8216,38.8914,33.6884,-53.1188,-52.6673,-22.0893,-21.2558,5.1542,14.0799,14.9016,11.7872,-32.7368,-3.7343,-6.6376,-7.4383,,,-0.6008,-35.6285,-21.4156,0.1993,20.0307,-6.2037,-0.2226,-7.564,-8.1758,,,,,,85.6398,90.0778,84.7918,,,,"Duque","","N/A","2008-01-01T00:00:00.000Z","Bay","Gelding","PRE horse (Pura Raza Espanola) - Andalusier","Dressage","","20260119T121135_logfile.itlog","2026-01-19T19:11:35.549Z","In hand","Research",,,
6,"trot","right","hard",1028.495,1028.115,1028.135,1028.51,3916.12,3915.74,3915.76,3916.135,0.7456,45.4543,0.355,0.355,0.33,0.315,0.405,0.4,0.435,0.435,254.0803,262.0281,175.7482,151.7408,48.1356,47.973,43.7086,42,,,0.025,3.3529,0,0,-0.02,-2.6823,-0.015,-2.0117,,,,,81.8878,87.6352,60.9411,54.869,35.1273,16.5116,22.4118,22.0205,29.624,33.6753,37.7681,33.388,-52.2637,-53.9598,-23.173,-21.481,5.4635,12.7365,15.7628,13.1808,-29.6639,-3.7751,-6.649,-8.8397,,,-0.3293,-11.964,-14.7067,0.0622,12.061,-3.5271,0.1254,10.3232,-6.092,,,,,,73.4087,85.3085,84.8031,,,,"Duque","","N/A","2008-01-01T00:00:00.000Z","Bay","Gelding","PRE horse (Pura Raza Espanola) - Andalusier","Dressage","","20260119T121135_logfile.itlog","2026-01-19T19:11:35.549Z","In hand","Research",,,
6,"trot","right","hard",1029.21,1028.84,1028.88,1029.26,3916.835,3916.465,3916.505,3916.885,0.7431,46.404,0.375,0.37,0.33,0.305,0.36,0.37,0.415,0.435,266.9822,296.6427,182.0915,158.7508,50.6757,49.0066,44.2953,41.6382,,,0,0,0.025,3.3642,-0.04,-5.3827,-0.05,-6.7283,,,,,77.6253,82.3246,57.0767,52.5039,37.509,19.9556,20.1648,19.7226,23.6546,28.0914,34.8241,31.3135,-53.9707,-54.2332,-22.2526,-21.1904,6.2066,14.3975,13.8998,10.5479,-31.3024,-5.5581,-6.265,-9.1747,,,-0.0761,-7.0754,-2.2739,0.1383,9.0883,-3.3874,-0.1392,3.7184,-7.3933,,,,,,59.7129,84.1823,85.9561,,,,"Duque","","N/A","2008-01-01T00:00:00.000Z","Bay","Gelding","PRE horse (Pura Raza Espanola) - Andalusier","Dressage","","20260119T121135_logfile.itlog","2026-01-19T19:11:35.549Z","In hand","Research",,,
6,"trot","right","hard",1029.955,1029.61,1029.625,1029.985,3917.58,3917.235,3917.25,3917.61,0.7406,46.0811,0.365,0.35,0.33,0.32,0.37,0.4,0.415,0.42,264.4735,268.4141,169.5087,146.2096,48.6667,48.11,44.5946,42.953,,,0,0,0,0,-0.015,-2.0253,-0.03,-4.0506,,,,,79.4632,80.8073,56.9806,49.0851,32.5172,19.2904,23.6495,19.9153,25.8074,30.7494,35.0726,30.6125,-53.6558,-50.0579,-21.908,-18.4726,4.9286,14.2331,17.117,11.9063,-27.5886,-5.0574,-6.5325,-8.009,,,-0.2934,-3.5594,-2.3005,0.251,16.7826,7.7876,-0.2672,-6.6397,-19.8176,,,,,,61.0439,84.2271,82.9847,,,,"Duque","","N/A","2008-01-01T00:00:00.000Z","Bay","Gelding","PRE horse (Pura Raza Espanola) - Andalusier","Dressage","","20260119T121135_logfile.itlog","2026-01-19T19:11:35.549Z","In hand","Research",,,
6,"trot","right","hard",1030.72,1030.315,1030.36,1030.735,3918.345,3917.94,3917.985,3918.36,0.7519,46.4563,0.35,0.39,0.34,0.315,0.4,0.355,0.405,0.43,240.5156,283.39,173.7555,140.2563,47.7816,52.1739,45.4849,40.3846,,,0.015,1.995,0,0,-0.045,-5.985,-0.015,-1.995,,,,,81.8311,82.555,56.364,51.3339,36.1152,17.8184,21.3721,22.8602,29.2552,28.8186,35.8969,29.5001,-52.5758,-53.7364,-20.4671,-21.8338,8.1362,12.3014,15.5255,13.8227,-27.9791,-5.517,-5.8466,-9.0375,,,-0.1658,-6.939,-14.895,0.1469,12.9903,-3.1389,-0.1383,-6.5909,-6.1099,,,,,,62.0938,81.841,79.3913,,,,"Duque","","N/A","2008-01-01T00:00:00.000Z","Bay","Gelding","PRE horse (Pura Raza Espanola) - Andalusier","Dressage","","20260119T121135_logfile.itlog","2026-01-19T19:11:35.549Z","In hand","Research",,,
6,"trot","right","hard",1031.435,1031.065,1031.11,1031.55,3919.06,3918.69,3918.735,3919.175,0.7325,45.2342,0.375,0.38,0.33,0.245,0.365,0.36,0.41,0.5,277.2024,283.8858,168.9482,146.2027,50.6757,50.6667,44.5946,35,,,0,0,0.015,2.0478,-0.045,-6.1433,-0.115,-15.6997,,,,,79.7805,84.1742,59.8642,50.441,37.6879,21.758,21.63,13.4207,23.8288,27.5353,37.7063,38.0893,-55.9517,-56.6389,-22.1579,-12.3517,7.8297,15.8668,14.8871,9.9068,-29.8582,-5.8912,-6.743,-3.5139,,,0.096,-10.1404,15.8093,0.061,16.1838,-5.4576,-0.1766,-11.6675,-2.9945,,,,,,57.3724,93.718,78.1704,,,,"Duque","","N/A","2008-01-01T00:00:00.000Z","Bay","Gelding","PRE horse (Pura Raza Espanola) - Andalusier","Dressage","","20260119T121135_logfile.itlog","2026-01-19T19:11:35.549Z","In hand","Research",,,
6,"trot","right","hard",1032.175,1031.825,1031.85,1032.205,3919.8,3919.45,3919.475,3919.83,0.7244,46.0765,0.36,0.35,0.325,0.3,0.365,0.38,0.41,0.41,276.7932,294.9905,180.1801,161.6716,50,48.11,44.6735,41.5225,,,0,0,0.015,2.0708,-0.025,-3.4513,-0.03,-4.1415,,,,,82.693,81.2984,53.7742,49.8118,35.9232,24.1032,23.0136,21.1359,27.8207,28.8916,31.9839,31.7665,-54.8723,-52.4067,-21.7903,-18.0453,6.3884,16.5506,16.0419,12.0903,-29.5348,-7.5526,-6.9717,-9.0456,,,0.3273,13.8539,7.3634,0.0692,10.682,-5.8919,0.0976,16.5562,-10.4686,,,,,,57.2359,85.2591,78.1614,,,,"Duque","","N/A","2008-01-01T00:00:00.000Z","Bay","Gelding","PRE horse (Pura Raza Espanola) - Andalusier","Dressage","","20260119T121135_logfile.itlog","2026-01-19T19:11:35.549Z","In hand","Research",,,
6,"trot","right","hard",1032.89,1032.55,1032.57,1032.94,3920.515,3920.175,3920.195,3920.565,0.7481,46.9459,0.395,0.355,0.335,0.32,0.355,0.375,0.395,0.435,285.2653,291.9862,176.5179,144.4307,52.3179,47.8114,45.2703,42.3841,,,0,0,0.02,2.6734,-0.02,-2.6734,-0.05,-6.6834,,,,,79.9113,79.2908,54.3411,49.208,34.7698,27.9622,21.1618,21.3249,24.5281,28.8952,33.3385,31.8355,-55.3832,-50.3956,-21.0025,-17.3724,6.0444,21.6909,14.5356,12.5828,-28.7255,-6.2713,-6.6262,-8.7421,,,0.3378,14.146,-1.3954,0.0761,5.689,-6.633,-0.044,9.5612,-7.1529,,,,,,66.1508,79.9162,83.8342,,,,"Duque","","N/A","2008-01-01T00:00:00.000Z","Bay","Gelding","PRE horse (Pura Raza Espanola) - Andalusier","Dressage","","20260119T121135_logfile.itlog","2026-01-19T19:11:35.549Z","In hand","Research",,,
6,"trot","right","hard",1033.65,1033.305,1033.32,1033.695,3921.275,3920.93,3920.945,3921.32,0.7806,46.142,0.405,0.365,0.335,0.335,0.365,0.4,0.415,0.435,262.0162,271.1268,166.3626,148.2668,51.4286,47.557,44.2244,41.358,,,0,0,0.02,2.562,-0.015,-1.9215,-0.045,-5.7646,,,,,81.2768,77.9478,58.2688,47.7895,34.3508,21.9753,20.1215,21.8924,25.7921,28.8599,38.0097,29.545,-55.4846,-49.0879,-20.2591,-18.2444,4.5726,15.9989,12.8239,13.8068,-29.7782,-5.9763,-7.2976,-8.0856,,,0.0659,-4.0642,12.3824,0.1111,9.5383,-1.2211,-0.1541,1.5255,-11.9678,,,,,,68.9703,85.9597,85.0065,,,,"Duque","","N/A","2008-01-01T00:00:00.000Z","Bay","Gelding","PRE horse (Pura Raza Espanola) - Andalusier","Dressage","","20260119T121135_logfile.itlog","2026-01-19T19:11:35.549Z","In hand","Research",,,
6,"trot","right","hard",1034.455,1034.075,1034.085,1034.545,3922.08,3921.7,3921.71,3922.17,0.7675,43.8989,0.375,0.365,0.345,0.265,0.4,0.405,0.43,0.515,244.9758,253.713,169.8748,136.0112,49.1803,46.7949,43.8095,35.8108,,,0.015,1.9544,0.035,4.5603,-0.01,-1.3029,-0.09,-11.7264,,,,,78.6407,78.4858,60.0748,48.1286,38.5191,25.232,18.6892,17.4136,25.8914,28.984,37.8394,38.3549,-52.7493,-49.5018,-22.2355,-9.7736,7.4256,18.8236,12.2995,11.0845,-31.0935,-6.4084,-6.3897,-6.3291,,,-0.1087,-0.4151,-6.3449,0.0966,10.6507,-1.4844,-0.0832,-3.0234,-5.0168,,,,,,70.4346,88.9075,88.0621,,,,"Duque","","N/A","2008-01-01T00:00:00.000Z","Bay","Gelding","PRE horse (Pura Raza Espanola) - Andalusier","Dressage","","20260119T121135_logfile.itlog","2026-01-19T19:11:35.549Z","In hand","Research",,,
6,"trot","right","hard",1035.205,1034.865,1034.885,1035.245,3922.83,3922.49,3922.51,3922.87,0.7813,45.1539,0.39,0.35,0.33,0.34,0.375,0.425,0.455,0.435,260.7684,250.6356,165.2569,146.0259,50.1608,45.7516,42.8571,41.8462,,,0,0,0.025,3.2,-0.02,-2.56,-0.04,-5.12,,,,,78.6489,79.5192,55.7455,47.9877,31.7114,23.8434,20.4445,19.7098,26.0467,30.7288,36.9769,31.348,-52.6022,-48.7904,-18.7685,-16.6398,5.4487,17.6097,14.9739,14.7984,-26.2627,-6.2338,-5.4706,-4.9114,,,0.0922,7.6955,-5.4757,0.0759,6.1418,1.973,-0.0535,4.3758,-8.3904,,,,,,71.0363,79.4322,85.9521,,,,"Duque","","N/A","2008-01-01T00:00:00.000Z","Bay","Gelding","PRE horse (Pura Raza Espanola) - Andalusier","Dressage","","20260119T121135_logfile.itlog","2026-01-19T19:11:35.549Z","In hand","Research",,,
6,"trot","right","hard",1035.995,1035.62,1035.64,1036.095,3923.62,3923.245,3923.265,3923.72,0.7681,45.2885,0.39,0.38,0.35,0.275,0.4,0.405,0.425,0.51,232.9518,265.702,165.3155,132.5615,50.1608,48.5623,45.0161,37.415,,,0,0,0.015,1.9528,-0.02,-2.6037,-0.1,-13.0187,,,,,77.7775,79.1506,54.946,51.2527,35.9793,19.2109,21.932,9.4723,27.1904,29.7211,35.0694,39.8015,-50.5871,-49.4295,-19.8767,-11.4513,6.7718,14.6627,14.8973,9.2166,-29.2074,-4.5482,-7.0346,-0.2557,,,0.1339,-8.4142,4.2519,0.1537,15.5449,-3.1309,-0.2343,-11.2486,-8.3388,,,,,,83.8446,88.4609,94.4079,,,,"Duque","","N/A","2008-01-01T00:00:00.000Z","Bay","Gelding","PRE horse (Pura Raza Espanola) - Andalusier","Dressage","","20260119T121135_logfile.itlog","2026-01-19T19:11:35.549Z","In hand","Research",,,
6,"trot","right","hard",1036.76,1036.4,1036.42,1036.78,3924.385,3924.025,3924.045,3924.405,0.7906,49.1424,0.42,0.41,0.35,0.375,0.375,0.4,0.43,0.41,248.7406,251.8789,157.1739,139.8427,52.1739,51.25,44.4444,48.7013,,,0,0,0.01,1.2648,-0.02,-2.5296,-0.02,-2.5296,,,,,76.6633,81.3949,55.8073,53.2944,35.353,15.9711,18.7396,17.9734,23.4015,33.8324,36.9731,27.8305,-53.2618,-47.5625,-18.8342,-25.464,4.6526,11.705,12.9212,15.8403,-30.7005,-4.2661,-5.8184,-2.1332,,,-0.3771,-17.2154,20.5052,0.1519,20.0533,-3.7568,-0.234,-4.6628,-15.3862,,,,,,89.1279,91.0418,93.0043,,,,"Duque","","N/A","2008-01-01T00:00:00.000Z","Bay","Gelding","PRE horse (Pura Raza Espanola) - Andalusier","Dressage","","20260119T121135_logfile.itlog","2026-01-19T19:11:35.549Z","In hand","Research",,,
6,"trot","right","hard",1037.575,1037.19,1037.215,1037.535,3925.2,3924.815,3924.84,3925.16,0.7969,50.8004,0.435,0.415,0.35,0.42,0.395,0.38,0.445,0.38,241.4534,254.4068,157.7226,147.3365,54.5455,52.0376,44.4444,52.1739,,,0,0,0,0,-0.025,-3.1373,0.04,5.0196,,,,,83.464,78.4832,55.1809,52.4069,26.6929,18.809,20.2537,12.4893,30.867,31.8045,35.107,27.2321,-52.597,-46.6787,-20.0738,-25.1748,2.1338,16.379,13.7303,12.3074,-24.5592,-2.43,-6.5234,-0.1819,,,-0.5244,-22.9784,-28.0285,-0.0039,5.4974,-8.9428,0.149,15.7972,-13.1484,,,,,,90.024,87.8993,90.6754,,,,"Duque","","N/A","2008-01-01T00:00:00.000Z","Bay","Gelding","PRE horse (Pura Raza Espanola) - Andalusier","Dressage","","20260119T121135_logfile.itlog","2026-01-19T19:11:35.549Z","In hand","Research",,,
6,"trot","right","hard",1038.34,1037.99,1037.995,1038.345,3925.965,3925.615,3925.62,3925.97,0.8063,50.9374,0.45,0.415,0.355,0.425,0.33,0.385,0.43,0.39,265.4777,244.306,157.2883,139.9381,54.878,51.3932,45.8065,51.6717,,,0,0,0,0,-0.005,-0.6202,-0.005,-0.6202,,,,,79.0546,78.5101,57.4105,58.5491,28.8471,9.7136,22.7164,14.0619,24.0625,31.0892,34.2664,31.0366,-54.9921,-47.4209,-23.1441,-27.5125,6.9336,9.3115,13.9512,12.5179,-21.9136,-0.4021,-8.7652,-1.5439,,,0.2266,0.1176,-1.0303,-0.0894,-0.2068,-7.9069,-0.0176,-3.6463,6.5439,,,,,,71.2934,90.023,88.2971,,,,"Duque","","N/A","2008-01-01T00:00:00.000Z","Bay","Gelding","PRE horse (Pura Raza Espanola) - Andalusier","Dressage","","20260119T121135_logfile.itlog","2026-01-19T19:11:35.549Z","In hand","Research",,,
6,"trot","right","hard",1039.2,1038.805,1038.76,1039.175,3926.825,3926.43,3926.385,3926.8,0.7994,47.842,0.355,0.375,0.425,0.375,0.41,0.4,0.41,0.405,237.6013,233.2397,162.9685,150.4064,46.4052,49.0196,50.8982,45.045,,,0,0,0.005,0.6255,0.045,5.6294,0.025,3.1274,,,,,79.2075,84.1627,60.4306,57.5768,31.6874,15.1913,17.9748,25.6298,27.9544,30.261,31.267,30.047,-51.2532,-53.9017,-29.1636,-27.5299,6.2672,9.3214,9.9426,11.1558,-25.4203,-5.8699,-8.0322,-14.4739,,,0.263,-0.1035,14.6519,0.1281,7.4177,1.5207,-0.0791,6.7461,-9.0531,,,,,,76.9409,83.0153,89.8929,,,,"Duque","","N/A","2008-01-01T00:00:00.000Z","Bay","Gelding","PRE horse (Pura Raza Espanola) - Andalusier","Dressage","","20260119T121135_logfile.itlog","2026-01-19T19:11:35.549Z","In hand","Research",,,
6,"trot","right","hard",1039.965,1039.56,1039.595,1040.06,3927.59,3927.185,3927.22,3927.685,0.7731,44.2609,0.37,0.39,0.35,0.26,0.41,0.38,0.41,0.51,228.4291,271.9286,174.9834,149.0217,47.5884,50.1608,45.3074,33.9869,,,0.015,1.9402,0.01,1.2935,-0.035,-4.5271,-0.095,-12.2878,,,,,80.0736,83.0885,57.1839,53.3131,36.2583,18.2263,23.3697,17.7096,28.7041,28.4395,33.7552,43.1621,-51.3695,-54.6489,-23.4287,-10.151,6.6505,12.8632,16.374,9.8236,-29.6078,-5.363,-6.9957,-7.8861,,,0.4245,10.9477,26.7499,0.0547,4.2127,2.1207,-0.192,-6.3017,-8.7764,,,,,,86.4897,80.4418,,,,,"Duque","","N/A","2008-01-01T00:00:00.000Z","Bay","Gelding","PRE horse (Pura Raza Espanola) - Andalusier","Dressage","","20260119T121135_logfile.itlog","2026-01-19T19:11:35.549Z","In hand","Research",,,
6,"trot","right","hard",1040.74,1040.345,1040.38,1040.82,3928.365,3927.97,3928.005,3928.445,0.7675,43.6207,0.36,0.38,0.335,0.265,0.405,0.395,0.435,0.5,253.8509,272.9862,164.9762,134.5207,46.9055,49.0323,43.7908,34.7541,,,0.015,1.9544,0.02,2.6059,-0.035,-4.5603,-0.08,-10.4235,,,,,81.5699,82.0036,58.9105,55.7018,30.2954,21.3146,26.7731,18.7601,25.6873,31.0059,36.2518,44.574,-55.8826,-50.9977,-22.6588,-11.1278,3.5002,16.5868,19.1251,9.9025,-26.7952,-4.7278,-7.648,-8.8576,,,0.0207,2.678,14.6289,0.345,,1.013,-0.2496,-10.6704,-18.029,,,,,,72.666,87.7567,94.8516,,,,"Duque","","N/A","2008-01-01T00:00:00.000Z","Bay","Gelding","PRE horse (Pura Raza Espanola) - Andalusier","Dressage","","20260119T121135_logfile.itlog","2026-01-19T19:11:35.549Z","In hand","Research",,,
6,"trot","right","hard",1041.51,1041.12,1041.14,1041.58,3929.135,3928.745,3928.765,3929.205,0.7463,43.8164,0.34,0.375,0.335,0.26,0.41,0.395,0.425,0.495,257.8957,259.7942,177.5033,150.8536,46.2585,49.0196,44.3709,35.6164,,,0.015,2.0101,0.03,4.0201,-0.02,-2.6801,-0.07,-9.3802,,,,,86.196,85.0816,57.4718,56.1086,37.3546,15.1017,21.221,15.5337,32.3659,32.9402,33.7516,44.6519,-53.8301,-52.1413,-23.7202,-11.4568,6.1099,11.0379,13.9939,9.7239,-31.2447,-4.0638,-7.2271,-5.8098,,,0.2372,-0.6764,4.9586,0.0902,11.2631,-2.154,-0.159,2.2309,-9.6151,,,,,,77.1812,84.1665,86.6998,,,,"Duque","","N/A","2008-01-01T00:00:00.000Z","Bay","Gelding","PRE horse (Pura Raza Espanola) - Andalusier","Dressage","","20260119T121135_logfile.itlog","2026-01-19T19:11:35.549Z","In hand","Research",,,
6,"trot","right","hard",1042.23,1041.88,1041.89,1042.285,3929.855,3929.505,3929.515,3929.91,0.7594,46.0525,0.39,0.36,0.34,0.31,0.38,0.385,0.415,0.445,280.0256,267.5402,170.1439,157.716,50.4854,47.3684,44.8845,41.4716,,,0,0,0.03,3.9506,-0.01,-1.3169,-0.055,-7.2428,,,,,79.0707,77.9237,60.3938,49.2988,27.5418,26.9878,24.4911,19.0047,24.3966,29.5094,37.615,30.6652,-54.6741,-48.4144,-22.7789,-18.6336,4.5704,20.1466,17.2907,10.8514,-22.9714,-6.8412,-7.2005,-8.1534,,,-0.3208,-16.7129,6.8131,0.1679,11.6851,-3.6759,-0.2146,-4.7535,-18.1394,,,,,,77.1849,85.7659,91.1551,,,,"Duque","","N/A","2008-01-01T00:00:00.000Z","Bay","Gelding","PRE horse (Pura Raza Espanola) - Andalusier","Dressage","","20260119T121135_logfile.itlog","2026-01-19T19:11:35.549Z","In hand","Research",,,
6,"trot","right","hard",1043.005,1042.655,1042.65,1043.025,3930.63,3930.28,3930.275,3930.65,0.7562,46.4548,0.37,0.37,0.34,0.325,0.385,0.415,0.42,0.43,246.1381,251.6839,180.3417,140.9217,48.366,49.6644,44.8845,42.9043,,,0,0,0,0,0.005,0.6612,-0.02,-2.6446,,,,,77.2369,79.2287,56.7164,47.1595,29.8614,16.8499,21.1415,18.3122,26.7356,33.5211,36.287,29.1887,-50.5014,-45.7077,-20.4294,-17.9707,4.3141,9.7953,14.4291,11.0538,-25.5473,-7.0546,-6.7123,-7.2584,,,0.1187,-3.3378,5.6119,0.1036,9.325,5.3868,-0.2909,-12.1361,-14.5726,,,,,,63.6878,83.6849,85.9035,,,,"Duque","","N/A","2008-01-01T00:00:00.000Z","Bay","Gelding","PRE horse (Pura Raza Espanola) - Andalusier","Dressage","","20260119T121135_logfile.itlog","2026-01-19T19:11:35.549Z","In hand","Research",,,
6,"trot","right","hard",1043.78,1043.36,1043.405,1043.785,3931.405,3930.985,3931.03,3931.41,0.7625,47.87,0.385,0.4,0.345,0.33,0.405,0.335,0.415,0.435,232.2833,275.9959,170.9409,136.6804,50.9934,52.1173,44.8052,43.5644,,,0.02,2.623,0,0,-0.045,-5.9016,-0.005,-0.6557,,,,,85.5584,77.244,54.3156,47.3628,22.1287,22.8442,22.9618,18.4926,32.9665,27.4462,32.5827,29.0086,-52.5919,-49.7978,-21.733,-18.3542,3.6111,17.0259,16.0025,11.6627,-18.5176,-5.8183,-6.9593,-6.8299,,,-0.4941,-18.7691,-3.3184,0.0215,8.1748,-9.0943,-0.0439,-0.4248,-4.0383,,,,,,67.0276,85.536,78.8196,,,,"Duque","","N/A","2008-01-01T00:00:00.000Z","Bay","Gelding","PRE horse (Pura Raza Espanola) - Andalusier","Dressage","","20260119T121135_logfile.itlog","2026-01-19T19:11:35.549Z","In hand","Research",,,
6,"trot","right","hard",1044.5,1044.16,1044.185,1044.535,3932.125,3931.785,3931.81,3932.16,0.7619,47.7694,0.4,0.365,0.34,0.35,0.335,0.4,0.435,0.42,275.7827,257.2846,162.1034,145.8637,52.9801,48.3444,44.7368,45.0161,,,0,0,0.005,0.6563,-0.025,-3.2814,-0.035,-4.5939,,,,,81.6637,83.5752,58.0379,48.9534,36.3797,14.7767,18.7586,21.0231,25.4238,31.3893,38.3733,24.8459,-56.2399,-52.1859,-19.6646,-24.1075,7.1498,10.6579,12.7798,13.8012,-29.2298,-4.1188,-5.9788,-7.2219,,,0.2688,2.9618,-6.0428,-0.0437,5.2056,-3.4023,0.0501,3.0936,-1.8089,,,,,,75.9415,77.8005,77.3085,,,,"Duque","","N/A","2008-01-01T00:00:00.000Z","Bay","Gelding","PRE horse (Pura Raza Espanola) - Andalusier","Dressage","","20260119T121135_logfile.itlog","2026-01-19T19:11:35.549Z","In hand","Research",,,
6,"trot","right","hard",1045.275,1044.905,1044.93,1045.32,3932.9,3932.53,3932.555,3932.945,0.7531,46.62,0.38,0.375,0.34,0.31,0.375,0.38,0.405,0.435,262.2469,279.3274,175.6246,144.772,50.8361,48.8599,45.0331,41.7508,,,0,0,0.03,3.9834,-0.025,-3.3195,-0.045,-5.9751,,,,,81.465,76.9431,53.9782,48.3969,33.7014,24.7017,20.269,20.0971,27.3464,26.2335,32.272,30.6439,-54.1187,-50.7096,-21.7062,-17.753,6.9581,18.6275,14.0285,12.4708,-26.7433,-6.0742,-6.2405,-7.6263,,,-0.2522,-13.6087,14.8161,0.1435,15.9462,-10.2331,-0.0508,-1.7869,-0.0585,,,,,,79.9429,88.2053,76.8582,,,,"Duque","","N/A","2008-01-01T00:00:00.000Z","Bay","Gelding","PRE horse (Pura Raza Espanola) - Andalusier","Dressage","","20260119T121135_logfile.itlog","2026-01-19T19:11:35.549Z","In hand","Research",,,
6,"trot","right","hard",1046.015,1045.685,1045.695,1046.06,3933.64,3933.31,3933.32,3933.685,0.7475,47.1665,0.395,0.35,0.34,0.325,0.36,0.405,0.425,0.43,267.5649,254.744,164.0147,136.2938,52.4917,47.9452,45.1827,43.0464,,,0,0,0,0,-0.01,-1.3378,-0.045,-6.0201,,,,,78.8784,79.9045,53.7481,48.3221,39.7133,20.2127,21.6805,20.0863,24.6229,31.7581,33.2718,29.7561,-54.2555,-48.1464,-20.4763,-18.5661,7.3372,13.4796,15.2019,14.0558,-32.3761,-6.733,-6.4786,-6.0305,,,-0.315,-14.6966,-9.5131,0.1466,14.3649,-0.096,-0.0938,-1.0478,-5.8169,,,,,,72.8553,80.7485,74.5355,,,,"Duque","","N/A","2008-01-01T00:00:00.000Z","Bay","Gelding","PRE horse (Pura Raza Espanola) - Andalusier","Dressage","","20260119T121135_logfile.itlog","2026-01-19T19:11:35.549Z","In hand","Research",,,
6,"trot","right","hard",1046.765,1046.39,1046.435,1046.815,3934.39,3934.015,3934.06,3934.44,0.7662,47.3742,0.395,0.395,0.34,0.32,0.355,0.355,0.4,0.43,273.7177,287.2954,166.5017,150.3809,51.9737,51.634,45.6376,40.2516,,,0,0,0.01,1.3051,-0.045,-5.8728,-0.05,-6.5253,,,,,80.5766,77.9418,56.647,49.2185,34.4032,23.8222,19.6125,19.8957,25.5637,27.0956,37.1568,32.5105,-55.0129,-50.8462,-19.4901,-16.708,4.143,19.6138,12.6887,13.1764,-30.2602,-4.2085,-6.9238,-6.7193,,,0.1134,-14.4042,8.2394,0.1583,11.4834,-1.6207,-0.3639,-12.6387,-12.923,,,,,,77.6034,79.4353,86.2466,,,,"Duque","","N/A","2008-01-01T00:00:00.000Z","Bay","Gelding","PRE horse (Pura Raza Espanola) - Andalusier","Dressage","","20260119T121135_logfile.itlog","2026-01-19T19:11:35.549Z","In hand","Research",,,
6,"trot","right","hard",1047.535,1047.17,1047.185,1047.655,3935.16,3934.795,3934.81,3935.28,0.7744,45.1141,0.4,0.38,0.355,0.265,0.375,0.385,0.41,0.52,253.9462,267.0206,168.0666,132.6578,51.2821,48.5623,45.5128,35.0993,,,0,0,0.035,4.5198,-0.015,-1.937,-0.12,-15.4964,,,,,78.7356,79.4922,57.512,49.0615,37.528,20.4666,17.2481,16.7786,23.8106,27.5838,36.0711,38.5365,-54.925,-51.9084,-21.441,-10.525,8.31,16.2889,11.1684,12.1641,-29.2181,-4.1778,-6.0797,-4.6145,,,0.134,-6.7908,16.1809,0.1745,16.4179,-6.0555,-0.2095,-15.5534,-5.2331,,,,,,77.7247,94.6343,93.8392,,,,"Duque","","N/A","2008-01-01T00:00:00.000Z","Bay","Gelding","PRE horse (Pura Raza Espanola) - Andalusier","Dressage","","20260119T121135_logfile.itlog","2026-01-19T19:11:35.549Z","In hand","Research",,,
6,"trot","right","hard",1048.32,1047.97,1047.98,1048.38,3935.945,3935.595,3935.605,3936.005,0.8019,46.5983,0.44,0.375,0.35,0.33,0.385,0.42,0.44,0.46,257.3483,247.6968,165.2166,133.4183,53.6585,47.9233,44.4444,40.367,,,0,0,0,0,-0.01,-1.2471,-0.06,-7.4825,,,,,80.2676,80.1667,56.9127,49.3798,29.0081,18.3858,20.4538,22.5511,27.4419,28.5526,36.7315,32.9622,-52.8257,-51.6141,-20.1812,-16.4176,5.5564,13.7311,14.2604,12.6547,-23.4517,-4.6547,-6.1934,-9.8964,,,0.3556,10.9591,14.7312,0.0999,5.7254,5.7482,-0.2172,-11.3222,-5.8292,,,,,,85.2346,91.197,94.0666,,,,"Duque","","N/A","2008-01-01T00:00:00.000Z","Bay","Gelding","PRE horse (Pura Raza Espanola) - Andalusier","Dressage","","20260119T121135_logfile.itlog","2026-01-19T19:11:35.549Z","In hand","Research",,,
6,"trot","right","hard",1049.135,1048.74,1048.765,1049.225,3936.76,3936.365,3936.39,3936.85,0.7794,45.6298,0.385,0.395,0.36,0.285,0.375,0.395,0.435,0.515,254.5406,262.7666,164.4977,129.0948,49.359,49.8423,45.5696,37.7483,,,0,0,0.015,1.9246,-0.025,-3.2077,-0.09,-11.5477,,,,,78.6566,77.8679,56.8143,52.1277,28.2286,20.8252,22.6554,13.5274,24.6181,29.3276,35.1484,41.417,-54.0385,-48.5403,-21.6659,-10.7107,5.5437,16.5713,14.5287,9.7809,-22.6849,-4.2539,-8.1267,-3.7465,,,0.4326,16.5891,23.9732,0.0956,11.2785,0.4922,-0.3013,-14.624,-13.3601,,,,,,82.5286,87.7182,92.0129,,,,"Duque","","N/A","2008-01-01T00:00:00.000Z","Bay","Gelding","PRE horse (Pura Raza Espanola) - Andalusier","Dressage","","20260119T121135_logfile.itlog","2026-01-19T19:11:35.549Z","In hand","Research",,,
6,"trot","right","hard",1049.935,1049.535,1049.55,1049.935,3937.56,3937.16,3937.175,3937.56,0.7688,47.9435,0.36,0.405,0.36,0.35,0.415,0.4,0.425,0.425,238.603,248.2244,165.7208,151.8736,47.0588,51.7572,46.7532,46.2046,,,0,0,0,0,-0.015,-1.9512,0,0,,,,,77.5664,81.467,57.3166,56.1684,34.9323,17.548,20.8585,12.7754,26.2626,32.8821,35.8771,33.0385,-51.3038,-48.5849,-21.4395,-23.1299,7.2616,11.8762,13.0469,8.591,-27.6708,-5.6718,-7.8115,-4.1844,,,-0.3498,-12.666,1.5079,0.016,17.418,-4.7514,0.035,3.8609,-10.0973,,,,,,75.485,85.6862,87.6665,,,,"Duque","","N/A","2008-01-01T00:00:00.000Z","Bay","Gelding","PRE horse (Pura Raza Espanola) - Andalusier","Dressage","","20260119T121135_logfile.itlog","2026-01-19T19:11:35.549Z","In hand","Research",,,
6,"trot","right","hard",1050.69,1050.295,1050.305,1050.675,3938.315,3937.92,3937.93,3938.3,0.7537,47.6055,0.36,0.37,0.35,0.355,0.395,0.355,0.395,0.39,251.9109,275.2868,174.0933,162.7403,47.2131,49.6644,46.0526,47.4916,,,0.01,1.3267,0.01,1.3267,-0.01,-1.3267,0.015,1.99,,,,,79.1804,83.8603,60.4279,57.0909,40.6732,21.774,18.9352,13.9596,27.953,30.9988,38.3076,32.1605,-51.2274,-52.8615,-22.1203,-24.9304,5.9359,16.7269,11.6591,9.5984,-34.7372,-5.0471,-7.2761,-4.3612,,,-0.5136,-24.006,-10.5859,0.1726,16.0354,-14.0737,-0.0509,13.7165,-9.3833,,,,,,73.9916,82.4949,84.8031,,,,"Duque","","N/A","2008-01-01T00:00:00.000Z","Bay","Gelding","PRE horse (Pura Raza Espanola) - Andalusier","Dressage","","20260119T121135_logfile.itlog","2026-01-19T19:11:35.549Z","In hand","Research",,,
6,"trot","right","hard",1051.46,1051.06,1051.08,1051.425,3939.085,3938.685,3938.705,3939.05,0.7575,46.3663,0.335,0.365,0.345,0.36,0.41,0.395,0.425,0.395,254.1285,272.6406,174.2429,160.1416,45.8904,48.0263,45.3947,46.1538,,,0,0,0.025,3.3003,-0.02,-2.6403,0.035,4.6205,,,,,76.5643,84.3603,61.6168,52.842,37.5403,17.9546,21.0575,25.8635,26.061,30.8513,39.3265,28.911,-50.5033,-53.509,-22.2903,-23.931,6.7657,14.7678,13.7157,15.6656,-30.7745,-3.1868,-7.3418,-10.1979,,,-0.5576,-18.5092,-13.5721,0.1922,19.1079,-3.6356,-0.1626,-2.8377,-14.7888,,,,,,68.2857,92.6439,86.0401,,,,"Duque","","N/A","2008-01-01T00:00:00.000Z","Bay","Gelding","PRE horse (Pura Raza Espanola) - Andalusier","Dressage","","20260119T121135_logfile.itlog","2026-01-19T19:11:35.549Z","In hand","Research",,,
6,"trot","right","hard",1052.175,1051.82,1051.83,1052.23,3939.8,3939.445,3939.455,3939.855,0.7556,45.9633,0.385,0.355,0.345,0.305,0.38,0.395,0.405,0.445,253.6488,272.6963,184.9227,156.5599,50.4918,47.1761,45.2459,40.9396,,,0,0,0.015,1.9851,-0.01,-1.3234,-0.055,-7.2787,,,,,78.2374,84.4791,61.4404,57.5304,36.7961,16.1327,21.6843,19.6766,22.5948,32.0482,37.8353,37.2807,-55.6426,-52.4308,-23.605,-20.2498,6.1934,12.084,14.5053,12.1647,-30.6027,-4.0487,-7.179,-7.5119,,,-0.5201,-10.2605,-26.7413,0.2438,,-4.1953,-0.1631,-4.638,-5.7849,,,,,,74.4565,,88.0506,,,,"Duque","","N/A","2008-01-01T00:00:00.000Z","Bay","Gelding","PRE horse (Pura Raza Espanola) - Andalusier","Dressage","","20260119T121135_logfile.itlog","2026-01-19T19:11:35.549Z","In hand","Research",,,
6,"trot","right","hard",1052.935,1052.575,1052.605,1052.97,3940.56,3940.2,3940.23,3940.595,0.7763,45.9394,0.375,0.39,0.335,0.325,0.375,0.4,0.43,0.435,258.6772,267.2138,177.1563,156.0952,49.1803,50,44.0789,40.4984,,,0,0,0.035,4.5089,-0.03,-3.8647,-0.035,-4.5089,,,,,77.3516,85.1226,58.9168,54.2777,42.5557,21.2334,21.4001,23.6261,25.7451,32.8505,36.6912,31.2222,-51.6065,-52.2721,-22.2255,-23.0555,6.6818,14.9683,15.8487,11.2636,-35.874,-6.2651,-5.5514,-12.3625,,,0.0523,3.2527,-21.9979,0.1589,12.4014,-1.7284,0.018,11.5966,-10.8906,,,,,,66.3542,88.6493,88.0607,,,,"Duque","","N/A","2008-01-01T00:00:00.000Z","Bay","Gelding","PRE horse (Pura Raza Espanola) - Andalusier","Dressage","","20260119T121135_logfile.itlog","2026-01-19T19:11:35.549Z","In hand","Research",,,
6,"trot","right","hard",1053.71,1053.345,1053.36,1053.815,3941.335,3940.97,3940.985,3941.44,0.7487,44.1165,0.37,0.36,0.345,0.25,0.4,0.38,0.42,0.52,247.76,272.3756,171.0736,147.9395,48.6842,47.8405,45.098,34.8432,,,0.005,0.6678,0.03,4.0067,-0.015,-2.0033,-0.105,-14.0234,,,,,79.4144,83.4511,62.1185,51.5636,37.6476,23.287,28.0507,12.522,26.7841,29.006,39.7117,40.3968,-52.6303,-54.4451,-22.4068,-11.1669,5.4377,17.3733,19.8499,11.1755,-32.2099,-5.9137,-8.2008,-1.3465,,,0.1893,-1.7912,16.5785,0.108,11.6106,-0.5604,-0.2383,-15.6538,-6.7306,,,,,,63.5067,88.4089,91.1883,,,,"Duque","","N/A","2008-01-01T00:00:00.000Z","Bay","Gelding","PRE horse (Pura Raza Espanola) - Andalusier","Dressage","","20260119T121135_logfile.itlog","2026-01-19T19:11:35.549Z","In hand","Research",,,
6,"trot","right","hard",1054.46,1054.11,1054.125,1054.48,3942.085,3941.735,3941.75,3942.105,0.7619,47.5703,0.385,0.36,0.35,0.355,0.38,0.405,0.42,0.415,257.0295,276.5298,185.3163,143.7967,49.6774,47.6821,45.9016,47.0199,,,0,0,0.01,1.3126,-0.015,-1.9688,-0.02,-2.6251,,,,,83.0359,82.39,58.847,56.3559,34.3738,18.8342,23.1676,13.9528,25.9013,31.3394,36.6365,30.4241,-57.1345,-51.0506,-22.2105,-25.9319,4.1299,13.786,16.7348,10.6114,-30.2439,-5.0482,-6.4328,-3.3414,,,0.1521,7.7278,0.7099,0.1685,16.773,0.1642,-0.0593,-3.8807,-3.8413,,,,,,67.6163,82.8948,88.9794,,,,"Duque","","N/A","2008-01-01T00:00:00.000Z","Bay","Gelding","PRE horse (Pura Raza Espanola) - Andalusier","Dressage","","20260119T121135_logfile.itlog","2026-01-19T19:11:35.549Z","In hand","Research",,,
6,"trot","right","hard",1055.245,1054.855,1054.88,1055.22,3942.87,3942.48,3942.505,3942.845,0.7512,46.9181,0.35,0.365,0.335,0.36,0.4,0.385,0.405,0.385,255.7722,276.5875,175.2443,163.0232,47.619,47.8689,44.8161,47.3684,,,0,0,0.035,4.6589,-0.025,-3.3278,0.025,3.3278,,,,,81.3066,78.4941,59.6708,52.7627,31.1768,25.8337,22.2724,20.4844,27.5855,26.5096,34.8574,26.9138,-53.7211,-51.9845,-24.8134,-25.8489,5.4844,18.4083,15.0848,13.7147,-25.6924,-7.4255,-7.1875,-6.7697,,,0.0374,3.969,3.1539,0.1306,14.625,-4.6917,-0.0694,1.8667,-3.5758,,,,,,65.0442,82.6594,81.0746,,,,"Duque","","N/A","2008-01-01T00:00:00.000Z","Bay","Gelding","PRE horse (Pura Raza Espanola) - Andalusier","Dressage","","20260119T121135_logfile.itlog","2026-01-19T19:11:35.549Z","In hand","Research",,,
6,"trot","right","hard",1055.965,1055.63,1055.635,1055.995,3943.59,3943.255,3943.26,3943.62,0.7469,46.5106,0.375,0.345,0.34,0.33,0.37,0.41,0.42,0.415,263.0471,259.4784,172.8508,149.6245,49.1803,45.6954,45.3333,45.8333,,,0,0,0.035,4.6862,-0.005,-0.6695,-0.03,-4.0167,,,,,81.1543,77.2255,56.2845,52.0811,36.7591,25.835,22.5219,12.057,26.2803,29.5521,34.8232,28.6624,-54.8741,-47.6734,-21.4613,-23.4187,5.5637,16.8054,15.9848,9.4063,-31.1954,-9.0296,-6.5371,-2.6506,,,-0.2661,-8.603,-3.8238,0.2807,18.1976,0.6532,-0.1726,-0.0536,-15.2841,,,,,,72.5498,82.3305,77.9116,,,,"Duque","","N/A","2008-01-01T00:00:00.000Z","Bay","Gelding","PRE horse (Pura Raza Espanola) - Andalusier","Dressage","","20260119T121135_logfile.itlog","2026-01-19T19:11:35.549Z","In hand","Research",,,
6,"trot","right","hard",1056.745,1056.385,1056.375,1056.69,3944.37,3944.01,3944,3944.315,0.75,46.5198,0.35,0.355,0.335,0.355,0.405,0.41,0.4,0.365,260.7226,255.1663,174.0324,157.0256,46.6667,48.2993,45.8904,45.2229,,,0,0,0,0,0.01,1.3333,0.055,7.3333,,,,,84.9457,79.065,60.5381,51.7278,18.1734,30.5595,24.8944,33.0978,33.4374,33.129,36.7515,24.3103,-51.5082,-45.936,-23.7865,-27.4175,0.9441,18.5947,17.508,18.9996,-17.2293,-11.9648,-7.3864,-14.0982,,,-0.6967,-33.0809,-16.3131,0.0578,8.2775,2.9039,0.0313,1.6205,-7.5652,,,,,,82.8424,78.8072,73.5747,,,,"Duque","","N/A","2008-01-01T00:00:00.000Z","Bay","Gelding","PRE horse (Pura Raza Espanola) - Andalusier","Dressage","","20260119T121135_logfile.itlog","2026-01-19T19:11:35.549Z","In hand","Research",,,
6,"trot","right","hard",1057.49,1057.09,1057.1,1057.54,3945.115,3944.715,3944.725,3945.165,0.7006,43.3318,0.305,0.34,0.33,0.24,0.395,0.35,0.39,0.495,239.8756,291.7329,192.5095,155.2502,44.6886,48.7455,45.3608,34.5324,,,0.06,8.5638,0,0,-0.01,-1.4273,-0.05,-7.1365,,,,,81.1991,79.8589,58.1534,54.5094,34.2955,25.0239,23.3004,17.1938,29.5658,28.8025,34.875,43.3525,-51.6332,-51.0564,-23.2784,-11.1569,8.9165,18.6239,14.8629,12.5429,-25.379,-6.4001,-8.4375,-4.6509,,,-0.5747,-31.9464,-16.0223,0.115,17.528,-11.5729,-0.0748,-8.6248,6.8712,,,,,,75.3151,93.0168,78.3622,,,,"Duque","","N/A","2008-01-01T00:00:00.000Z","Bay","Gelding","PRE horse (Pura Raza Espanola) - Andalusier","Dressage","","20260119T121135_logfile.itlog","2026-01-19T19:11:35.549Z","In hand","Research",,,
6,"trot","right","hard",1058.155,1057.795,1057.835,1058.195,3945.78,3945.42,3945.46,3945.82,0.7119,45.9819,0.355,0.35,0.315,0.29,0.36,0.365,0.405,0.415,283.2016,294.6476,180.3964,162.9408,50,48.4429,44.0559,41.4286,,,0.005,0.7024,0.015,2.1071,-0.04,-5.619,-0.04,-5.619,,,,,80.955,76.7306,58.2393,53.7019,37.7576,32.1054,19.1883,21.651,25.7151,25.0108,31.3559,33.9091,-55.24,-51.7198,-26.8834,-19.7928,5.9185,23.48,12.9103,12.3649,-31.8391,-8.6255,-6.278,-9.2861,,,-0.2904,-12.0149,-4.7554,0.1887,18.8847,-2.7434,0.0063,6.0074,-7.2472,,,,,,54.9444,84.8044,74.6255,,,,"Duque","","N/A","2008-01-01T00:00:00.000Z","Bay","Gelding","PRE horse (Pura Raza Espanola) - Andalusier","Dressage","","20260119T121135_logfile.itlog","2026-01-19T19:11:35.549Z","In hand","Research",,,
6,"trot","right","hard",1058.86,1058.525,1058.545,1058.89,3946.485,3946.15,3946.17,3946.515,0.7225,46.0305,0.365,0.335,0.315,0.315,0.35,0.38,0.395,0.405,289.9909,285.9065,181.0238,161.5813,50.519,46.6899,44.0559,42.8571,,,0,0,0.02,2.7682,-0.02,-2.7682,-0.03,-4.1522,,,,,80.6222,78.5598,57.1281,52.7109,32.0831,28.8518,25.1191,23.1339,25.2029,28.6169,36.0749,33.0928,-55.4193,-49.9428,-21.0532,-19.618,5.8569,21.7533,16.6248,14.0406,-26.2262,-7.0985,-8.4943,-9.0933,,,-0.164,-9.9151,-1.1778,0.2744,21.2885,-1.3183,-0.3016,-4.2214,-10.2219,,,,,,57.1187,85.5074,79.7892,,,,"Duque","","N/A","2008-01-01T00:00:00.000Z","Bay","Gelding","PRE horse (Pura Raza Espanola) - Andalusier","Dressage","","20260119T121135_logfile.itlog","2026-01-19T19:11:35.549Z","In hand","Research",,,
6,"trot","right","hard",1059.59,1059.245,1059.265,1059.64,3947.215,3946.87,3946.89,3947.265,0.7556,45.5591,0.38,0.355,0.325,0.315,0.365,0.385,0.405,0.435,258.6206,282.6909,179.3998,155.5224,50.6667,47.651,43.9189,40,,,0,0,0.025,3.3085,-0.02,-2.6468,-0.05,-6.617,,,,,81.0912,79.8166,57.8722,53.2703,35.03,22.4562,22.0375,21.6101,25.7417,29.2083,35.8914,33.7509,-55.3496,-50.6083,-21.9808,-19.5195,5.6035,17.7562,13.8186,13.7682,-29.4265,-4.7,-8.2189,-7.842,,,-0.3194,-15.539,-3.6112,0.1409,15.5759,-3.9469,-0.1321,5.8487,-14.3599,,,,,,70.7673,87.6841,84.6953,,,,"Duque","","N/A","2008-01-01T00:00:00.000Z","Bay","Gelding","PRE horse (Pura Raza Espanola) - Andalusier","Dressage","","20260119T121135_logfile.itlog","2026-01-19T19:11:35.549Z","In hand","Research",,,
6,"trot","right","hard",1060.345,1059.995,1060.015,1060.465,3947.97,3947.62,3947.64,3948.09,0.7644,44.9849,0.405,0.36,0.34,0.27,0.375,0.395,0.425,0.51,255.0456,268.7412,173.2259,143.4227,52.09,48.4848,44.2997,35.0649,,,0,0,0,0,-0.02,-2.6165,-0.12,-15.6991,,,,,73.0777,79.0328,58.5282,50.2704,38.2713,20.4622,16.7599,18.2768,20.5478,28.6183,36.8458,40.4295,-52.5299,-50.4144,-21.6824,-9.841,8.4671,16.4335,11.7255,10.7811,-29.8042,-4.0286,-5.0344,-7.4957,,,-0.4731,-23.2878,-14.3435,-0.0365,11.2086,-8.7287,-0.0578,1.5294,-8.187,,,,,,81.6051,94.1799,84.6774,,,,"Duque","","N/A","2008-01-01T00:00:00.000Z","Bay","Gelding","PRE horse (Pura Raza Espanola) - Andalusier","Dressage","","20260119T121135_logfile.itlog","2026-01-19T19:11:35.549Z","In hand","Research",,,
6,"trot","right","hard",1061.12,1060.725,1060.785,1061.225,3948.745,3948.35,3948.41,3948.85,0.7638,45.8473,0.395,0.405,0.335,0.27,0.37,0.37,0.43,0.49,245.9654,277.9219,170.2915,138.4223,51.634,51.1041,43.7908,36.8601,,,0,0,0.02,2.6187,-0.06,-7.856,-0.105,-13.748,,,,,75.5526,76.783,54.5353,47.7785,40.0982,27.4908,23.7244,19.7868,23.7035,26.2447,32.8614,38.2439,-51.8491,-50.5382,-21.6739,-9.5346,7.3589,21.1208,16.0032,11.8014,-32.7393,-6.3699,-7.7212,-7.9854,,,-0.2941,-14.1657,-16.9086,0.0876,16.5933,-11.0989,-0.109,-1.4863,-5.1581,,,,,,83.313,88.1545,85.1701,,,,"Duque","","N/A","2008-01-01T00:00:00.000Z","Bay","Gelding","PRE horse (Pura Raza Espanola) - Andalusier","Dressage","","20260119T121135_logfile.itlog","2026-01-19T19:11:35.549Z","In hand","Research",,,
6,"trot","right","hard",1061.885,1061.535,1061.55,1061.93,3949.51,3949.16,3949.175,3949.555,0.7625,47.0473,0.395,0.37,0.34,0.33,0.37,0.405,0.43,0.435,256.6261,254.773,163.3538,147.2997,51.1327,49.3333,44.4444,43.2787,,,0,0,0,0,-0.015,-1.9672,-0.045,-5.9016,,,,,82.284,79.4465,56.7427,50.4929,31.185,15.0757,20.8153,20.5581,27.3745,30.4161,35.3214,31.0275,-54.9095,-49.0305,-21.4213,-19.4653,6.1115,14.4123,12.9046,13.7846,-25.0735,-0.6634,-7.9107,-6.7735,,,-0.1623,-14.1104,2.8979,-0.056,6.2381,-9.4322,-0.0402,7.0237,-10.4592,,,,,,65.5863,85.4215,85.1889,,,,"Duque","","N/A","2008-01-01T00:00:00.000Z","Bay","Gelding","PRE horse (Pura Raza Espanola) - Andalusier","Dressage","","20260119T121135_logfile.itlog","2026-01-19T19:11:35.549Z","In hand","Research",,,
6,"trot","right","hard",1062.665,1062.26,1062.31,1062.69,3950.29,3949.885,3949.935,3950.315,0.755,47.9743,0.375,0.405,0.345,0.325,0.385,0.355,0.42,0.43,256.7834,274.4924,169.8464,150.3846,50.3356,52.09,44.9511,44.5205,,,0,0,0.015,1.9868,-0.05,-6.6225,-0.025,-3.3113,,,,,77.1268,83.9307,54.7028,51.5562,39.609,18.0259,15.8612,13.0146,26.351,28.9058,33.4907,29.0085,-50.7758,-55.0249,-21.2121,-22.5477,6.9776,13.7654,9.4367,10.0824,-32.6313,-4.2606,-6.4244,-2.9322,,,0.1886,-3.98,9.5152,0.2572,14.3753,-1.9913,-0.245,-4.4462,-13.1437,,,,,,72.7159,84.5587,90.5187,,,,"Duque","","N/A","2008-01-01T00:00:00.000Z","Bay","Gelding","PRE horse (Pura Raza Espanola) - Andalusier","Dressage","","20260119T121135_logfile.itlog","2026-01-19T19:11:35.549Z","In hand","Research",,,
6,"trot","right","hard",1063.395,1063.055,1063.08,1063.395,3951.02,3950.68,3950.705,3951.02,0.7831,49.4627,0.425,0.375,0.345,0.405,0.355,0.39,0.425,0.38,270.1533,269.5031,159.4498,143.6699,53.7975,48.8599,44.0895,51.1041,,,0,0,0.005,0.6385,-0.025,-3.1923,0,0,,,,,77.0497,90.1718,60.9973,54.9574,43.6808,16.7404,20.5301,13.2278,19.9678,31.1195,38.846,25.5968,-57.0819,-59.0523,-22.1513,-29.3606,5.2542,15.0873,13.5875,11.4897,-38.4266,-1.6531,-6.9425,-1.7381,,,0.16,10.765,12.095,0.1603,16.6563,3.5766,-0.1591,-5.3984,-13.1226,,,,,,75.8577,89.944,90.5325,,,,"Duque","","N/A","2008-01-01T00:00:00.000Z","Bay","Gelding","PRE horse (Pura Raza Espanola) - Andalusier","Dressage","","20260119T121135_logfile.itlog","2026-01-19T19:11:35.549Z","In hand","Research",,,
6,"trot","right","hard",1064.195,1063.825,1063.875,1064.195,3951.82,3951.45,3951.5,3951.82,0.7887,48.1456,0.41,0.39,0.325,0.395,0.375,0.395,0.45,0.395,266.9547,302.2046,176.2104,157.5294,51.5723,49.5238,41.8006,49.6855,,,0,0,0.01,1.2678,-0.05,-6.3391,0,0,,,,,74.4942,85.6474,57.759,54.1767,38.3136,12.4691,20.3217,14.355,18.3343,32.5768,38.3108,26.8537,-56.16,-53.0706,-19.4481,-27.323,3.2681,11.8274,14.3442,11.8924,-35.0455,-0.6417,-5.9775,-2.4627,,,0.0497,13.9829,-9.4401,-0.0006,17.3384,-14.5265,-0.0333,4.3918,-5.8103,,,,,,70.9295,,86.7629,,,,"Duque","","N/A","2008-01-01T00:00:00.000Z","Bay","Gelding","PRE horse (Pura Raza Espanola) - Andalusier","Dressage","","20260119T121135_logfile.itlog","2026-01-19T19:11:35.549Z","In hand","Research",,,
7,"walk","right","soft",1067.415,1067.845,1067.1,1067.535,3955.04,3955.47,3954.725,3955.16,0.9388,58.7329,0.51,0.595,0.49,0.615,0.345,0.33,0.405,0.37,251.9617,260.1023,171.4373,163.7462,57.7904,61.4987,54.902,60.7407,,,,,,,,,-0.12,-12.783,0.315,33.5553,0.31,33.0226,77.4549,78.1046,66.6698,69.4388,15.5306,21.8943,14.5609,23.9882,36.521,36.1825,32.26,35.1008,-40.9338,-41.922,-34.4098,-34.3381,0.3337,13.6213,10.1551,15.1166,-15.1969,-8.273,-4.4058,-8.8715,,,-0.2378,-56.262,-36.4661,-0.7797,,4.2146,-0.4607,,-10.6751,,,,,,165.7934,49.5663,97.0026,,,,"Duque","","N/A","2008-01-01T00:00:00.000Z","Bay","Gelding","PRE horse (Pura Raza Espanola) - Andalusier","Dressage","","20260119T121135_logfile.itlog","2026-01-19T19:11:35.549Z","In hand","Research",,,
7,"walk","right","soft",1068.325,1068.855,1067.99,1068.575,3955.95,3956.48,3955.615,3956.2,1.1431,62.8617,0.685,0.755,0.7,0.735,0.4,0.415,0.4,0.425,187.334,222.4456,167.8871,163.3293,62.4146,64.8069,61.1354,63.0901,,,,,,,-0.145,-12.6845,-0.25,-21.8699,0.335,29.3056,0.28,24.4943,75.9107,74.7861,63.2558,60.683,8.5186,11.3172,20.6584,15.7647,35.9379,34.8878,26.245,30.379,-39.9728,-39.8983,-37.0108,-30.304,0.1466,7.7398,7.4072,11.9078,-8.372,-3.5774,-13.2512,-3.8569,,,0.2512,82.7559,46.5401,-0.3602,9.8661,-7.5419,-0.1863,-14.5811,6.1295,,,,,,190.7299,50.7168,111.149,,,,"Duque","","N/A","2008-01-01T00:00:00.000Z","Bay","Gelding","PRE horse (Pura Raza Espanola) - Andalusier","Dressage","","20260119T121135_logfile.itlog","2026-01-19T19:11:35.549Z","In hand","Research",,,
7,"walk","right","soft",1069.435,1070.015,1069.18,1069.745,3957.06,3957.64,3956.805,3957.37,1.2213,62.3973,0.755,0.805,0.7,0.79,0.425,0.405,0.49,0.435,176.0753,200.1426,138.3665,127.0251,62.6556,64.7887,59.1966,62.9482,,,,,,,-0.325,-26.6121,-0.31,-25.3838,0.255,20.8802,0.27,22.1085,75.4045,62.7314,62.075,58.1443,6.6941,11.7669,17.6151,17.2334,33.0671,22.9889,30.0212,29.4833,-42.3374,-39.7425,-32.0538,-28.661,1.1008,9.7739,8.6906,11.7427,-5.5933,-1.993,-8.9245,-5.4907,,,0.235,42.5628,14.1945,-0.1907,5.8379,6.6096,0.0215,-7.0034,-8.98,,,,,,134.9219,56.5549,98.8231,,,,"Duque","","N/A","2008-01-01T00:00:00.000Z","Bay","Gelding","PRE horse (Pura Raza Espanola) - Andalusier","Dressage","","20260119T121135_logfile.itlog","2026-01-19T19:11:35.549Z","In hand","Research",,,
7,"walk","right","soft",1070.665,1071.29,1070.355,1071.03,3958.29,3958.915,3957.98,3958.655,1.3556,64.1499,0.825,0.94,0.82,0.895,0.475,0.47,0.475,0.495,160.3484,162.5875,136.6706,105.8231,62.1469,68.4882,60.5166,65.4479,,,,,,,-0.34,-25.0807,-0.365,-26.9249,0.31,22.8677,0.26,19.1793,68.5523,71.7291,59.8547,53.4201,10.9066,15.6631,9.2645,11.9524,28.626,32.8549,29.0063,27.2976,-39.9263,-38.8742,-30.8483,-26.1225,1.5656,14.8071,6.4593,8.5039,-9.3409,-0.856,-2.8052,-3.4486,,,-0.4484,-18.2453,22.0374,-0.2202,4.1154,11.9056,-0.0043,-8.8252,-8.4933,,,,,,127.5546,54.5024,85.2473,,,,"Duque","","N/A","2008-01-01T00:00:00.000Z","Bay","Gelding","PRE horse (Pura Raza Espanola) - Andalusier","Dressage","","20260119T121135_logfile.itlog","2026-01-19T19:11:35.549Z","In hand","Research",,,
7,"walk","right","soft",1072.02,1072.625,1071.77,1072.375,3959.645,3960.25,3959.395,3960,1.29,63.6827,0.77,0.865,0.79,0.86,0.53,0.395,0.595,0.45,134.74,202.5134,106.6101,114.6267,60.274,67.8431,60.076,66.5377,,,,,,,-0.48,-37.2093,-0.355,-27.5194,0.25,19.3798,0.25,19.3798,72.5413,77.2393,61.0062,53.0373,15.3966,17.0345,21.4437,13.6193,29.6421,33.7724,32.8766,21.7843,-42.8992,-43.4669,-28.1296,-31.253,5.6086,9.4527,12.06,9.9945,-9.788,-7.5819,-9.3837,-3.6248,,,-0.3142,-53.9846,-28.0687,-0.8049,,12.1368,-0.2935,-20.1784,4.1168,,,,,,127.5722,,82.7738,,,,"Duque","","N/A","2008-01-01T00:00:00.000Z","Bay","Gelding","PRE horse (Pura Raza Espanola) - Andalusier","Dressage","","20260119T121135_logfile.itlog","2026-01-19T19:11:35.549Z","In hand","Research",,,
7,"walk","right","soft",1073.275,1073.915,1073.015,1073.65,3960.9,3961.54,3960.64,3961.275,1.3081,65.7131,0.845,0.93,0.805,0.86,0.485,0.425,0.455,0.415,158.8143,204.815,142.2119,124.2926,64.0152,68.2569,63.2613,67.319,,,,,,,-0.39,-29.8137,-0.375,-28.667,0.26,19.8758,0.265,20.258,72.0309,75.4088,58.4664,51.9011,10.6412,6.2286,16.3865,12.6945,31.1179,32.8854,28.7206,26.238,-40.913,-42.5235,-29.7459,-25.6631,-1.3175,5.6696,8.5336,11.0762,-11.9587,-0.559,-7.8529,-1.6183,,,-0.097,32.4362,39.2859,-0.0654,4.7279,16.8609,-0.42,-24.3407,5.7901,,,,,,104.0665,,71.7385,,,,"Duque","","N/A","2008-01-01T00:00:00.000Z","Bay","Gelding","PRE horse (Pura Raza Espanola) - Andalusier","Dressage","","20260119T121135_logfile.itlog","2026-01-19T19:11:35.549Z","In hand","Research",,,
7,"walk","right","soft",1074.585,1075.285,1074.3,1074.93,3962.21,3962.91,3961.925,3962.555,1.3331,65.7156,0.92,0.885,0.825,0.875,0.465,0.44,0.48,0.42,153.6282,193.4947,127.0076,120.4712,66.426,67.0455,62.9771,66.4137,,,,,,,-0.385,-28.8795,-0.345,-25.879,0.285,21.3783,0.355,26.6292,77.0045,71.3841,56.7686,55.0836,9.0819,11.0966,15.1832,11.5781,34.6354,31.7723,28.1143,25.8013,-42.3692,-39.6117,-28.6542,-29.2823,4.0741,6.5101,7.4666,10.3414,-5.0078,-4.5865,-7.7166,-1.2367,,,0.3058,38.7521,8.9019,-0.0232,-2.0845,5.0652,-0.1083,-9.9692,-3.7166,,,,,,106.5225,45.7199,61.4671,,,,"Duque","","N/A","2008-01-01T00:00:00.000Z","Bay","Gelding","PRE horse (Pura Raza Espanola) - Andalusier","Dressage","","20260119T121135_logfile.itlog","2026-01-19T19:11:35.549Z","In hand","Research",,,
7,"walk","right","soft",1075.97,1076.6,1075.615,1076.27,3963.595,3964.225,3963.24,3963.895,1.2862,64.3751,0.84,0.825,0.815,0.83,0.465,0.43,0.49,0.465,165.5449,191.8295,120.7101,110.7107,65.625,65.8683,61.1632,64.8437,,,,,,,-0.33,-25.656,-0.3,-23.3236,0.355,27.5996,0.33,25.656,69.3053,73.1902,58.6135,57.1877,12.7101,14.2439,7.6684,11.2756,29.0442,33.8904,26.7598,29.1707,-40.2611,-39.2998,-31.8537,-28.0171,2.877,8.2853,4.9245,8.3359,-9.8331,-5.9587,-2.7439,-2.9397,,,0.3239,30.5789,-5.2702,-0.392,5.6097,3.0583,-0.1504,-10.4938,-0.7486,,,,,,122.9507,37.2919,71.4381,,,,"Duque","","N/A","2008-01-01T00:00:00.000Z","Bay","Gelding","PRE horse (Pura Raza Espanola) - Andalusier","Dressage","","20260119T121135_logfile.itlog","2026-01-19T19:11:35.549Z","In hand","Research",,,
7,"walk","right","soft",1077.225,1077.85,1076.975,1077.535,3964.85,3965.475,3964.6,3965.16,1.2619,63.8316,0.82,0.86,0.7,0.845,0.415,0.425,0.545,0.435,168.0895,194.6293,115.6701,124.3713,65.0794,67.7165,57.0265,65.5039,,,,,,,-0.375,-29.7177,-0.31,-24.5666,0.25,19.8118,0.315,24.9629,78.6028,73.5974,61.7293,51.3755,9.7407,13.1738,12.7613,14.1753,34.4422,33.2818,32.535,22.5386,-44.1606,-40.3156,-29.1943,-28.8369,0.3505,11.4901,7.58,10.5032,-9.3902,-1.6836,-5.1813,-3.6721,,,0.0103,3.0687,1.8671,-0.3596,8.7425,5.163,-0.1876,-19.3641,-5.8542,,,,,,119.0748,48.8284,86.5462,,,,"Duque","","N/A","2008-01-01T00:00:00.000Z","Bay","Gelding","PRE horse (Pura Raza Espanola) - Andalusier","Dressage","","20260119T121135_logfile.itlog","2026-01-19T19:11:35.549Z","In hand","Research",,,
7,"walk","right","soft",1078.51,1079.105,1078.185,1078.835,3966.135,3966.73,3965.81,3966.46,1.2619,63.4242,0.805,0.83,0.78,0.785,0.465,0.395,0.51,0.455,176.0684,204.0858,121.9356,114.1462,63.6364,66.5331,60.3482,63.1791,,,,,,,-0.335,-26.5478,-0.325,-25.7553,0.325,25.7553,0.27,21.3967,74.8815,72.5397,59.1413,55.4287,13.5974,13.3188,25.122,16.8118,32.7352,29.0003,27.7598,28.9788,-42.1463,-43.5394,-31.3814,-26.4498,2.5686,8.423,12.7788,13.7071,-11.0288,-4.8958,-12.3431,-3.1048,,,-0.3946,-19.6669,24.5526,-0.6547,13.8213,15.6566,-0.2223,-29.2953,-11.1345,,,,,,125.9657,52.7965,92.8449,,,,"Duque","","N/A","2008-01-01T00:00:00.000Z","Bay","Gelding","PRE horse (Pura Raza Espanola) - Andalusier","Dressage","","20260119T121135_logfile.itlog","2026-01-19T19:11:35.549Z","In hand","Research",,,
7,"walk","right","soft",1079.77,1080.375,1079.48,1080.08,3967.395,3968,3967.105,3967.705,1.2294,62.2181,0.79,0.8,0.705,0.765,0.455,0.44,0.515,0.46,168.9362,194.5021,125.9748,118.7021,64.3585,64.3863,57.551,62.5767,,,,,,,-0.375,-30.5033,-0.31,-25.2161,0.29,23.5892,0.295,23.9959,80.8128,74.5167,65.7161,59.2716,11.904,12.9071,17.4295,16.3157,37.0728,35.6089,34.3593,30.3253,-43.74,-38.9078,-31.3569,-28.9463,0.5837,9.8052,8.8227,11.7776,-11.3203,-3.102,-8.6068,-4.5381,,,0.4198,20.1847,-48.6873,-0.2677,3.7939,14.9953,-0.4669,,-5.0703,,,,,,164.0641,51.0198,101.9678,,,,"Duque","","N/A","2008-01-01T00:00:00.000Z","Bay","Gelding","PRE horse (Pura Raza Espanola) - Andalusier","Dressage","","20260119T121135_logfile.itlog","2026-01-19T19:11:35.549Z","In hand","Research",,,
7,"walk","right","soft",1080.98,1081.62,1080.71,1081.3,3968.605,3969.245,3968.335,3968.925,1.285,64.4536,0.86,0.87,0.73,0.855,0.42,0.445,0.525,0.455,191.6775,192.6,129.4141,122.4242,67.1875,66.7946,57.9365,65.896,,,,,,,-0.335,-26.07,-0.32,-24.9027,0.27,21.0117,0.32,24.9027,76.2012,71.9682,64.1071,52.5081,12.0164,14.1432,16.218,13.5475,33.1,32.3589,32.6634,23.3971,-43.1013,-39.6093,-31.4437,-29.111,0.9427,10.6835,8.6247,10.8513,-11.0738,-3.4596,-7.5933,-2.6962,,,0.1227,56.031,39.7288,0.0695,2.9181,4.3535,-0.2762,-35.2358,-7.2487,,,,,,172.555,44.0125,108.5815,,,,"Duque","","N/A","2008-01-01T00:00:00.000Z","Bay","Gelding","PRE horse (Pura Raza Espanola) - Andalusier","Dressage","","20260119T121135_logfile.itlog","2026-01-19T19:11:35.549Z","In hand","Research",,,
7,"walk","right","soft",1082.26,1082.91,1081.975,1082.585,3969.885,3970.535,3969.6,3970.21,1.2625,64.4894,0.835,0.825,0.775,0.82,0.42,0.42,0.535,0.43,181.7216,190.2166,119.3725,119.6366,65.2344,67.0732,60.3113,65.3386,,,,,,,-0.355,-28.1188,-0.325,-25.7426,0.285,22.5743,0.325,25.7426,77.3835,76.9132,58.5175,53.6715,13.3334,12.0414,25.1944,16.377,33.0179,34.6113,29.0271,24.7988,-44.3656,-42.3019,-29.4904,-28.8727,1.8199,8.2282,11.8671,11.8639,-11.5135,-3.8132,-13.3273,-4.5132,,,0.3365,33.4535,-3.1479,-0.2565,3.3813,-2.8385,-0.101,-16.4877,-8.871,,,,,,108.7745,43.0164,84.2545,,,,"Duque","","N/A","2008-01-01T00:00:00.000Z","Bay","Gelding","PRE horse (Pura Raza Espanola) - Andalusier","Dressage","","20260119T121135_logfile.itlog","2026-01-19T19:11:35.549Z","In hand","Research",,,
7,"walk","right","soft",1083.565,1084.125,1083.235,1083.845,3971.19,3971.75,3970.86,3971.47,1.2094,63.2572,0.775,0.785,0.73,0.77,0.47,0.39,0.485,0.44,171.0479,220.7575,132.4632,115.7136,63.0081,65.2807,60.7069,64.0333,,,,,,,-0.325,-26.8734,-0.28,-23.1525,0.33,27.2868,0.28,23.1525,78.6351,79.2795,62.1725,56.683,15.9709,13.7489,22.8371,14.4559,33.8792,33.7336,30.6475,28.4584,-44.7559,-45.5459,-31.525,-28.2246,3.7662,8.8283,11.4086,10.687,-12.2048,-4.9206,-11.4285,-3.7689,,,0.1115,14.8993,3.0872,-0.2479,-4.1583,9.0961,-0.4514,-32.6502,1.4221,,,,,,139.932,45.3646,88.6302,,,,"Duque","","N/A","2008-01-01T00:00:00.000Z","Bay","Gelding","PRE horse (Pura Raza Espanola) - Andalusier","Dressage","","20260119T121135_logfile.itlog","2026-01-19T19:11:35.549Z","In hand","Research",,,
7,"walk","right","soft",1084.78,1085.355,1084.425,1085.04,3972.405,3972.98,3972.05,3972.665,1.2213,63.3298,0.73,0.815,0.75,0.8,0.44,0.445,0.46,0.425,184.7017,216.5509,142.408,125.6251,61.3445,64.9402,61.7284,65.3061,,,,,,,-0.3,-24.565,-0.26,-21.2897,0.355,29.0686,0.315,25.7932,84.1036,75.8903,65.214,57.1357,15.0687,16.1121,19.5115,10.8826,35.5051,33.9559,30.9726,28.1005,-48.5985,-41.9344,-34.2414,-29.0352,1.116,10.4604,9.6182,9.5229,-13.9527,-5.6517,-9.8933,-1.3597,,,-0.1497,18.6692,39.6239,-0.2436,0.4947,9.7436,-0.315,-37.3777,-10.4499,,,,,,182.6736,47.2576,96.9057,,,,"Duque","","N/A","2008-01-01T00:00:00.000Z","Bay","Gelding","PRE horse (Pura Raza Espanola) - Andalusier","Dressage","","20260119T121135_logfile.itlog","2026-01-19T19:11:35.549Z","In hand","Research",,,
7,"walk","right","soft",1085.99,1086.605,1085.645,1086.265,3973.615,3974.23,3973.27,3973.89,1.2362,63.7112,0.775,0.81,0.765,0.8,0.48,0.435,0.47,0.425,186.9001,207.7492,143.8051,127.7122,62,65.8537,61.8182,65.1731,,,,,,,-0.29,-23.458,-0.275,-22.2447,0.345,27.907,0.34,27.5025,77.0159,77.2832,64.8892,61.3767,16.1203,15.8945,17.4878,17.3065,30.6633,34.9457,30.0653,29.6112,-46.3526,-42.3375,-34.8239,-31.7655,1.7366,9.7104,9.3779,12.3425,-14.3837,-6.1841,-8.1099,-4.964,,,-0.2896,35.8074,78.2997,-0.2467,6.6322,13.495,-0.2904,-33.1648,-9.0144,,,,,,182.5321,47.2821,94.2903,,,,"Duque","","N/A","2008-01-01T00:00:00.000Z","Bay","Gelding","PRE horse (Pura Raza Espanola) - Andalusier","Dressage","","20260119T121135_logfile.itlog","2026-01-19T19:11:35.549Z","In hand","Research",,,
7,"walk","right","soft",1087.235,1087.82,1086.885,1087.495,3974.86,3975.445,3974.51,3975.12,1.2212,63.3554,0.74,0.81,0.76,0.785,0.47,0.405,0.475,0.43,180.971,214.7725,133.9889,138.3462,61.0309,66.2577,61.7886,64.3443,,,,,,,-0.28,-22.9273,-0.26,-21.2897,0.35,28.6592,0.325,26.6121,85.1291,76.2696,63.0153,58.7212,13.5192,16.0469,25.4299,14.46,37.829,29.0487,29.508,26.8911,-47.3,-47.2209,-33.5074,-31.8302,2.2136,8.5667,10.4868,12.2667,-11.3056,-7.4802,-14.9431,-2.1933,,,0.0902,49.4181,37.0353,-0.6857,17.0001,2.7834,-0.1926,-17.0911,1.9746,,,,,,174.3465,54.2773,98.9689,,,,"Duque","","N/A","2008-01-01T00:00:00.000Z","Bay","Gelding","PRE horse (Pura Raza Espanola) - Andalusier","Dressage","","20260119T121135_logfile.itlog","2026-01-19T19:11:35.549Z","In hand","Research",,,
7,"walk","right","soft",1088.45,1089.05,1088.11,1088.72,3976.075,3976.675,3975.735,3976.345,1.2156,63.3441,0.775,0.79,0.745,0.77,0.475,0.42,0.465,0.44,193.24,223.2568,146.1098,123.874,62.753,65.2893,61.6977,63.6364,,,,,,,-0.29,-23.856,-0.27,-22.2108,0.34,27.9692,0.33,27.1465,79.3157,78.3178,66.2212,62.3108,11.0865,13.0287,16.0661,14.124,32.598,36.5546,31.9469,30.1412,-46.7178,-41.7632,-34.2743,-32.1696,1.1148,10.3865,7.6116,9.5718,-9.9717,-2.6422,-8.4545,-4.5522,,,0.398,61.4611,-9.1675,-0.6896,8.6508,,-0.3658,-30.7969,4.3611,,,,,,180.3485,54.2623,96.1061,,,,"Duque","","N/A","2008-01-01T00:00:00.000Z","Bay","Gelding","PRE horse (Pura Raza Espanola) - Andalusier","Dressage","","20260119T121135_logfile.itlog","2026-01-19T19:11:35.549Z","In hand","Research",,,
7,"walk","right","soft",1089.67,1090.26,1089.315,1089.93,3977.295,3977.885,3976.94,3977.555,1.2287,64.3921,0.785,0.815,0.765,0.8,0.445,0.42,0.46,0.44,188.6184,216.6247,148.5351,139.1166,64.0816,65.9919,62.3218,65.1731,,,,,,,-0.265,-21.5666,-0.26,-21.1597,0.355,28.8911,0.33,26.8566,73.761,75.1611,61.2281,58.1064,11.2711,11.7877,18.1371,17.0162,31.6177,29.4124,27.9904,25.9616,-42.1434,-45.7488,-33.2376,-32.1448,3.2605,8.0837,8.1615,12.3337,-8.0106,-3.704,-9.9756,-4.6826,,,0.4985,14.4793,-57.9218,-0.5977,11.7129,17.1997,-0.1447,-6.5276,5.1541,,,,,,161.4473,53.3485,80.7375,,,,"Duque","","N/A","2008-01-01T00:00:00.000Z","Bay","Gelding","PRE horse (Pura Raza Espanola) - Andalusier","Dressage","","20260119T121135_logfile.itlog","2026-01-19T19:11:35.549Z","In hand","Research",,,
7,"walk","right","soft",1090.89,1091.495,1090.545,1091.145,3978.515,3979.12,3978.17,3978.77,1.2113,64.5063,0.79,0.775,0.76,0.8,0.435,0.42,0.465,0.415,171.1719,205.7231,133.5776,127.6241,65.1546,65.2632,62.1677,65.4397,,,,,,,-0.285,-23.5294,-0.255,-21.0526,0.345,28.483,0.35,28.8958,77.1455,82.0299,67.6242,61.6561,12.3652,18.0401,8.1297,15.7288,33.5252,38.6484,32.1385,27.6954,-43.6203,-43.3815,-35.4857,-33.9607,1.6298,10.4291,3.6322,9.8299,-10.7353,-7.611,-4.4975,-5.8989,,,0.1981,-25.3992,-46.9917,-0.5783,12.1762,,-0.4185,-31.5919,9.022,,,,,,158.215,53.3398,105.6171,,,,"Duque","","N/A","2008-01-01T00:00:00.000Z","Bay","Gelding","PRE horse (Pura Raza Espanola) - Andalusier","Dressage","","20260119T121135_logfile.itlog","2026-01-19T19:11:35.549Z","In hand","Research",,,
7,"walk","right","soft",1092.09,1092.675,1091.765,1092.375,3979.715,3980.3,3979.39,3980,1.2175,63.8431,0.765,0.83,0.735,0.78,0.41,0.405,0.46,0.43,189.1985,229.4544,142.5774,140.5245,63.6175,67.0707,60.6186,64.0657,,,,,,,-0.27,-22.1766,-0.285,-23.4086,0.325,26.694,0.3,24.6407,75.898,74.7578,67.4674,59.9703,8.5894,12.4674,17.8569,15.9111,33.2578,34.6006,31.801,27.4895,-42.6402,-40.1572,-35.6664,-32.4808,0.9635,8.8069,8.3183,11.2277,-7.626,-3.6605,-9.5386,-4.6833,,,-0.3369,22.6373,70.8704,-0.5224,16.94,7.0323,-0.2554,-32.2979,-5.2747,,,,,,166.7681,61.1206,116.066,,,,"Duque","","N/A","2008-01-01T00:00:00.000Z","Bay","Gelding","PRE horse (Pura Raza Espanola) - Andalusier","Dressage","","20260119T121135_logfile.itlog","2026-01-19T19:11:35.549Z","In hand","Research",,,
7,"walk","right","soft",1093.32,1093.915,1092.995,1093.6,3980.945,3981.54,3980.62,3981.225,1.2325,63.5032,0.77,0.825,0.74,0.795,0.465,0.41,0.495,0.445,167.1911,201.6508,139.2421,131.1484,63.2444,67.3469,59.4378,63.9839,,,,,,,-0.32,-25.9635,-0.28,-22.7181,0.325,26.3692,0.315,25.5578,72.1067,72.5277,61.8789,57.5232,9.8574,14.4126,16.8477,16.2396,30.5362,32.7043,28.3924,26.2214,-41.5705,-39.8233,-33.4864,-31.3018,0.6513,8.8033,8.8149,12.6491,-9.2061,-5.6094,-8.0328,-3.5905,,,0.4897,36.3488,-39.09,-0.5657,13.6708,20.4335,-0.1078,-21.9594,-11.4302,,,,,,154.065,61.1198,109.0718,,,,"Duque","","N/A","2008-01-01T00:00:00.000Z","Bay","Gelding","PRE horse (Pura Raza Espanola) - Andalusier","Dressage","","20260119T121135_logfile.itlog","2026-01-19T19:11:35.549Z","In hand","Research",,,
7,"walk","right","soft",1094.52,1095.13,1094.25,1094.845,3982.145,3982.755,3981.875,3982.47,1.2438,63.24,0.805,0.83,0.725,0.785,0.43,0.39,0.515,0.45,178.1894,202.0381,123.2553,121.018,65.3144,67.4797,58.2329,61.9329,,,,,,,-0.335,-26.9347,-0.325,-26.1307,0.27,21.7085,0.285,22.9146,74.9042,76.0677,63.6795,54.0467,8.7377,14.4657,11.6926,21.4762,32.8181,35.9062,30.8302,24.7344,-42.0861,-40.1616,-32.8493,-29.3123,0.132,11.1678,6.9726,13.7148,-8.6058,-3.2978,-4.7201,-7.7614,,,-0.0829,-24.0825,-16.7029,-0.5457,20.3822,9.426,-0.1002,-21.3706,-12.3463,,,,,,129.9515,56.7713,102.3753,,,,"Duque","","N/A","2008-01-01T00:00:00.000Z","Bay","Gelding","PRE horse (Pura Raza Espanola) - Andalusier","Dressage","","20260119T121135_logfile.itlog","2026-01-19T19:11:35.549Z","In hand","Research",,,
7,"walk","right","soft",1095.75,1096.37,1095.5,1096.145,3983.375,3983.995,3983.125,3983.77,1.235,62.9415,0.825,0.83,0.72,0.735,0.425,0.41,0.525,0.515,176.3684,203.6216,124.1025,113.9548,65.8683,67.0707,57.8313,60.9959,,,,,,,-0.37,-29.9595,-0.395,-31.9838,0.25,20.2429,0.225,18.2186,79.4915,75.2378,62.1413,53.7505,8.9433,14.4359,17.6804,17.6413,36.71,33.4358,30.0434,26.3826,-42.7815,-41.802,-32.0979,-27.3679,0.4683,10.6601,9.3537,12.9685,-8.4749,-3.7757,-8.3267,-4.6727,,,0.5877,37.2115,-51.6236,-0.142,8.9028,1.6693,-0.1949,-22.6344,-5.4857,,,,,,151.1454,56.7459,93.4711,,,,"Duque","","N/A","2008-01-01T00:00:00.000Z","Bay","Gelding","PRE horse (Pura Raza Espanola) - Andalusier","Dressage","","20260119T121135_logfile.itlog","2026-01-19T19:11:35.549Z","In hand","Research",,,
7,"walk","right","soft",1097.005,1097.605,1096.745,1097.305,3984.63,3985.23,3984.37,3984.93,1.2456,63.594,0.8,0.83,0.715,0.825,0.43,0.405,0.525,0.425,178.4288,209.1438,124.7934,129.9176,64.6465,65.6126,58.2485,65.8683,,,,,,,-0.375,-30.1054,-0.3,-24.0843,0.26,20.8731,0.3,24.0843,77.1523,72.9175,63.2169,58.727,12.5366,10.0661,25.0612,14.0329,35.6638,32.4837,32.5798,28.7204,-41.4885,-40.4338,-30.6372,-30.0066,2.1403,7.4613,13.2492,12.1904,-10.3963,-2.6048,-11.812,-1.8425,,,0.4949,53.4421,-12.2107,-0.279,7.7796,0.6858,-0.31,-29.0754,0.1722,,,,,,155.5302,47.0583,94.3382,,,,"Duque","","N/A","2008-01-01T00:00:00.000Z","Bay","Gelding","PRE horse (Pura Raza Espanola) - Andalusier","Dressage","","20260119T121135_logfile.itlog","2026-01-19T19:11:35.549Z","In hand","Research",,,
7,"walk","right","soft",1098.25,1098.9,1097.96,1098.56,3985.875,3986.525,3985.585,3986.185,1.2525,62.3633,0.825,0.785,0.725,0.79,0.445,0.465,0.5,0.43,167.5003,180.0174,139.6827,132.1423,65.2174,63.6917,58.7045,61.8395,,,,,,,-0.355,-28.3433,-0.31,-24.7505,0.29,23.1537,0.34,27.1457,78.7039,71.9919,62.361,56.4623,9.3273,13.6675,11.5909,20.6134,34.1809,36.4941,30.0501,27.8184,-44.523,-35.4978,-32.311,-28.6439,3.1968,8.7844,5.2693,12.7386,-6.1305,-4.8831,-6.3217,-7.8747,,,0.4052,47.2043,-10.7164,0.1314,-5.2246,9.377,-0.3107,-28.5624,-4.0041,,,,,,143.9907,42.2448,87.758,,,,"Duque","","N/A","2008-01-01T00:00:00.000Z","Bay","Gelding","PRE horse (Pura Raza Espanola) - Andalusier","Dressage","","20260119T121135_logfile.itlog","2026-01-19T19:11:35.549Z","In hand","Research",,,
7,"walk","right","soft",1099.51,1100.115,1099.205,1099.895,3987.135,3987.74,3986.83,3987.52,1.2275,62.3978,0.805,0.815,0.76,0.685,0.435,0.43,0.52,0.545,182.9022,186.8463,126.3595,109.2666,65.5804,66.1258,60.0791,57.8059,,,,,,,-0.305,-24.8473,-0.385,-31.3646,0.305,24.8473,0.22,17.9226,78.2357,72.8587,60.1617,55.3331,11.1863,13.0492,19.0562,15.9791,34.8267,33.3905,29.2283,28.6409,-43.409,-39.4681,-30.9334,-26.6923,4.0724,7.7294,10.9759,12.7051,-7.1139,-5.3198,-8.0803,-3.274,,,-0.0515,14.0779,19.9028,-0.4429,11.6634,-1.405,-0.1251,-10.4019,0.7031,,,,,,128.5723,51.7417,88.7818,,,,"Duque","","N/A","2008-01-01T00:00:00.000Z","Bay","Gelding","PRE horse (Pura Raza Espanola) - Andalusier","Dressage","","20260119T121135_logfile.itlog","2026-01-19T19:11:35.549Z","In hand","Research",,,
7,"walk","right","soft",1100.725,1101.335,1100.455,1101.035,3988.35,3988.96,3988.08,3988.66,1.2256,63.2366,0.805,0.81,0.715,0.77,0.41,0.405,0.49,0.455,187.5387,197.8978,124.2822,112.9199,65.3144,66.2577,58.1301,63.2444,,,,,,,-0.34,-27.7409,-0.31,-25.2932,0.27,22.0296,0.3,24.4773,78.7705,73.0334,64.0936,60.4421,11.889,13.975,8.687,16.1656,34.3832,33.5638,32.2412,30.2154,-44.3874,-39.4696,-31.8523,-30.2267,1.9931,10.1171,5.3517,10.8642,-9.8958,-3.858,-3.3353,-5.3013,,,-0.0721,29.787,37.7673,-0.307,12.3449,7.2149,-0.3369,-32.9905,-5.1392,,,,,,168.1454,53.8519,99.2882,,,,"Duque","","N/A","2008-01-01T00:00:00.000Z","Bay","Gelding","PRE horse (Pura Raza Espanola) - Andalusier","Dressage","","20260119T121135_logfile.itlog","2026-01-19T19:11:35.549Z","In hand","Research",,,
7,"walk","right","soft",1101.975,1102.565,1101.71,1102.245,3989.6,3990.19,3989.335,3989.87,1.2406,62.596,0.795,0.84,0.675,0.8,0.445,0.42,0.54,0.44,179.4998,195.5841,123.2304,129.524,64.3725,66.4032,56.3674,63.2411,,,,,,,-0.375,-30.2267,-0.27,-21.7632,0.265,21.3602,0.32,25.7935,81.8608,78.4292,62.7422,53.8501,13.9044,16.0529,22.673,21.3948,36.8247,37.2635,33.1601,23.7732,-45.0361,-41.1658,-29.5821,-30.0768,2.57,10.5095,13.1439,14.3188,-11.3344,-5.5434,-9.5291,-7.076,,,0.6553,64.8571,-41.2153,-0.3358,5.619,10.6573,-0.2412,-33.2676,-8.8247,,,,,,187.4372,47.2847,112.7093,,,,"Duque","","N/A","2008-01-01T00:00:00.000Z","Bay","Gelding","PRE horse (Pura Raza Espanola) - Andalusier","Dressage","","20260119T121135_logfile.itlog","2026-01-19T19:11:35.549Z","In hand","Research",,,
7,"walk","right","soft",1103.205,1103.835,1102.89,1103.535,3990.83,3991.46,3990.515,3991.16,1.2263,63.1289,0.8,0.795,0.755,0.745,0.435,0.43,0.505,0.49,190.2869,207.6726,130.4323,107.0001,65.0407,66.25,60.1594,61.0656,,,,,,,-0.325,-26.5036,-0.33,-26.9113,0.315,25.6881,0.3,24.4648,78.0131,74.003,63.2439,57.6117,12.8275,13.5913,20.2047,17.2219,34.2595,32.0162,29.3213,27.6267,-43.7537,-41.9869,-33.9226,-29.9851,2.0739,9.2424,10.8537,12.8973,-10.7536,-4.3489,-9.351,-4.3245,,,0.2488,56.1795,26.3242,-0.4723,17.0061,6.5548,-0.2326,-35.8333,-14.6129,,,,,,154.8571,48.3685,105.8565,,,,"Duque","","N/A","2008-01-01T00:00:00.000Z","Bay","Gelding","PRE horse (Pura Raza Espanola) - Andalusier","Dressage","","20260119T121135_logfile.itlog","2026-01-19T19:11:35.549Z","In hand","Research",,,
7,"walk","right","soft",1104.43,1105.01,1104.14,1104.74,3992.055,3992.635,3991.765,3992.365,1.21,63.5153,0.8,0.825,0.71,0.74,0.425,0.38,0.495,0.46,186.9707,216.7234,135.2516,125.431,65.8436,67.623,58.7992,61.7954,,,,,,,-0.305,-25.2066,-0.31,-25.6198,0.29,23.9669,0.27,22.314,73.1818,73.9989,62.3563,60.038,13.2211,14.1163,18.1599,13.6609,30.1029,33.4896,31.5044,32.2822,-43.0789,-40.5093,-30.8519,-27.7558,3.0422,9.5032,9.4238,11.323,-10.1789,-4.6132,-8.7362,-2.3378,,,0.0558,43.9431,36.9175,-0.6745,16.4443,11.0031,-0.0935,-7.4467,0.5971,,,,,,162.7934,48.2065,86.025,,,,"Duque","","N/A","2008-01-01T00:00:00.000Z","Bay","Gelding","PRE horse (Pura Raza Espanola) - Andalusier","Dressage","","20260119T121135_logfile.itlog","2026-01-19T19:11:35.549Z","In hand","Research",,,
7,"walk","right","soft",1105.635,1106.245,1105.35,1105.935,3993.26,3993.87,3992.975,3993.56,1.2256,63.1395,0.805,0.81,0.705,0.775,0.405,0.41,0.5,0.455,188.1915,204.4091,132.0485,125.0339,66.3918,65.4545,57.3171,63.3947,,,,,,,-0.34,-27.7409,-0.3,-24.4773,0.285,23.2534,0.31,25.2932,78.2302,74.1913,64.1724,57.7335,10.8198,12.7789,9.271,12.3292,33.7055,34.8481,30.7367,27.1108,-44.5247,-39.3432,-33.4356,-30.6227,1.2358,9.7723,5.3378,9.5023,-9.584,-3.0067,-3.9332,-2.8269,,,0.2574,50.3146,17.6611,-0.5779,14.5974,12.0725,-0.2613,-28.305,-3.002,,,,,,144.5238,45.379,104.8418,,,,"Duque","","N/A","2008-01-01T00:00:00.000Z","Bay","Gelding","PRE horse (Pura Raza Espanola) - Andalusier","Dressage","","20260119T121135_logfile.itlog","2026-01-19T19:11:35.549Z","In hand","Research",,,
7,"walk","right","soft",1106.85,1107.5,1106.605,1107.15,3994.475,3995.125,3994.23,3994.775,1.205,62.2317,0.8,0.76,0.675,0.765,0.41,0.445,0.55,0.44,192.4105,187.0499,124.6227,129.552,66.1157,63.5983,56.25,62.963,,,,,,,-0.36,-29.8755,-0.3,-24.8963,0.245,20.332,0.35,29.0456,77.7839,73.2718,66.0046,58.902,11.5358,14.5367,18.183,16.1841,33.377,34.2916,35.6761,28.0604,-44.4069,-38.9801,-30.3285,-30.8417,1.9977,10.0782,9.5474,11.8935,-9.5381,-4.4585,-8.6356,-4.2906,,,0.3792,22.2904,-26.7972,-0.3501,9.482,5.96,-0.196,-22.7312,-4.4645,,,,,,129.4459,42.8192,97.6652,,,,"Duque","","N/A","2008-01-01T00:00:00.000Z","Bay","Gelding","PRE horse (Pura Raza Espanola) - Andalusier","Dressage","","20260119T121135_logfile.itlog","2026-01-19T19:11:35.549Z","In hand","Research",,,
7,"walk","right","soft",1108.06,1108.685,1107.78,1108.375,3995.685,3996.31,3995.405,3996,1.2163,63.3074,0.815,0.8,0.71,0.755,0.41,0.425,0.5,0.46,195.0696,194.7562,136.3699,126.8545,66.2602,65.8436,58.0777,63.048,,,,,,,-0.28,-23.0216,-0.315,-25.8993,0.28,23.0216,0.31,25.4882,81.5167,78.2474,63.0296,57.0911,13.3695,11.2083,10.1731,12.892,35.2124,36.3487,30.3257,28.3795,-46.3043,-41.8987,-32.7039,-28.7116,3.0568,8.9228,5.9274,9.3548,-10.3127,-2.2855,-4.2457,-3.5372,,,-0.1516,6.6495,24.1496,-0.2758,3.3547,6.3455,-0.2361,-23.7051,-0.0549,,,,,,146.8105,39.5109,100.2362,,,,"Duque","","N/A","2008-01-01T00:00:00.000Z","Bay","Gelding","PRE horse (Pura Raza Espanola) - Andalusier","Dressage","","20260119T121135_logfile.itlog","2026-01-19T19:11:35.549Z","In hand","Research",,,
7,"walk","right","soft",1109.295,1109.89,1109.015,1109.555,3996.92,3997.515,3996.64,3997.18,1.2112,63.329,0.79,0.8,0.685,0.795,0.42,0.405,0.525,0.425,196.1394,213.577,122.5506,130.5495,65.4244,65.9794,57.9281,63.9839,,,,,,,-0.33,-27.2446,-0.26,-21.4654,0.28,23.1166,0.335,27.6574,76.095,77.1059,62.0972,60.7108,12.8224,12.8772,21.2727,17.8549,31.3398,35.4719,31.2694,30.5693,-44.7552,-41.6339,-30.8279,-30.1415,3.3311,8.5633,10.69,12.4296,-9.4914,-4.3139,-10.5827,-5.4253,,,0.4933,22.9491,-59.6406,-0.5789,8.9399,11.1819,-0.2592,-28.9316,-3.5268,,,,,,169.7537,36.5475,104.7895,,,,"Duque","","N/A","2008-01-01T00:00:00.000Z","Bay","Gelding","PRE horse (Pura Raza Espanola) - Andalusier","Dressage","","20260119T121135_logfile.itlog","2026-01-19T19:11:35.549Z","In hand","Research",,,
7,"walk","right","soft",1110.5,1111.11,1110.17,1110.82,3998.125,3998.735,3997.795,3998.445,1.2063,62.9014,0.76,0.795,0.75,0.73,0.415,0.42,0.47,0.47,187.1608,207.241,139.4832,130.3566,63.2017,65.8385,61.3497,61.2159,,,,,,,-0.28,-23.2124,-0.32,-26.5285,0.33,27.3575,0.29,24.0415,85.1567,77.7383,65.3602,61.4631,13.8114,13.3793,18.9985,17.1318,36.5011,35.2518,30.9213,32.9901,-48.6556,-42.4864,-34.4389,-28.473,2.5606,9.6378,10.0259,10.8622,-11.2508,-3.7415,-8.9726,-6.2696,,,-0.0613,33.3342,40.7927,-0.5376,17.7491,4.3682,-0.1877,-32.2152,-15.7123,,,,,,155.0703,48.3932,103.7382,,,,"Duque","","N/A","2008-01-01T00:00:00.000Z","Bay","Gelding","PRE horse (Pura Raza Espanola) - Andalusier","Dressage","","20260119T121135_logfile.itlog","2026-01-19T19:11:35.549Z","In hand","Research",,,
7,"walk","right","soft",1111.73,1112.31,1111.395,1112.005,3999.355,3999.935,3999.02,3999.63,1.2269,62.9252,0.74,0.835,0.72,0.795,0.47,0.405,0.475,0.455,198.8014,213.8272,143.8276,132.0914,60.6557,66.6667,59.8753,64.503,,,,,,,-0.285,-23.2298,-0.275,-22.4147,0.335,27.3051,0.305,24.8599,81.1355,73.1475,65.7829,57.3254,13.94,13.7195,14.7127,13.7564,34.215,33.5061,31.1904,29.4296,-46.9205,-39.6414,-34.5925,-27.8958,2.952,9.2828,7.5406,8.9287,-10.988,-4.4367,-7.1721,-4.8276,,,-0.2245,28.3693,59.4066,-0.3299,7.6415,10.0189,-0.3185,-40.8849,-8.6111,,,,,,183.3056,48.4033,112.1272,,,,"Duque","","N/A","2008-01-01T00:00:00.000Z","Bay","Gelding","PRE horse (Pura Raza Espanola) - Andalusier","Dressage","","20260119T121135_logfile.itlog","2026-01-19T19:11:35.549Z","In hand","Research",,,
7,"walk","right","soft",1112.96,1113.575,1112.605,1113.22,4000.585,4001.2,4000.23,4000.845,1.2681,63.7857,0.815,0.83,0.76,0.83,0.49,0.43,0.49,0.42,183.2728,188.0213,133.7717,134.94,63.7965,66.5331,59.8425,64.9706,,,,,,,-0.295,-23.2627,-0.26,-20.5027,0.355,27.9941,0.355,27.9941,74.4381,72.5597,66.0306,59.588,15.8549,18.6451,17.2844,13.7982,33.6327,33.5496,33.2411,29.1526,-40.8054,-39.0101,-32.7895,-30.4353,5.2264,12.0298,7.7038,8.7195,-10.6285,-6.6152,-9.5806,-5.0787,,,-0.0151,44.5786,46.5195,-0.5924,3.8612,9.7935,-0.1841,-29.2428,-12.7151,,,,,,,42.8279,102.4771,,,,"Duque","","N/A","2008-01-01T00:00:00.000Z","Bay","Gelding","PRE horse (Pura Raza Espanola) - Andalusier","Dressage","","20260119T121135_logfile.itlog","2026-01-19T19:11:35.549Z","In hand","Research",,,
7,"walk","right","soft",1114.21,1114.81,1113.895,1114.525,4001.835,4002.435,4001.52,4002.15,1.2231,62.5738,0.79,0.77,0.745,0.755,0.435,0.405,0.53,0.475,180.5233,195.5755,137.2406,120.9207,64.8871,64.0333,59.3625,62.0123,,,,,,,-0.32,-26.1625,-0.315,-25.7537,0.315,25.7537,0.285,23.301,78.674,79.7787,62.2379,55.4559,13.5738,13.8891,23.0065,16.6851,32.9017,36.1727,29.8895,26.5079,-45.7723,-43.6061,-32.3483,-28.948,0.1678,8.8889,12.4928,11.4343,-13.4061,-5.0002,-10.5137,-5.2509,,,-0.1561,-67.7541,-45.5363,-0.4228,0.4009,18.5895,-0.2423,-24.9996,-3.4347,,,,,,187.8829,42.2257,92.4248,,,,"Duque","","N/A","2008-01-01T00:00:00.000Z","Bay","Gelding","PRE horse (Pura Raza Espanola) - Andalusier","Dressage","","20260119T121135_logfile.itlog","2026-01-19T19:11:35.549Z","In hand","Research",,,
7,"walk","right","soft",1115.42,1116.04,1115.13,1115.73,4003.045,4003.665,4002.755,4003.355,1.21,62.9043,0.765,0.79,0.73,0.76,0.42,0.46,0.49,0.45,197.4513,208.1262,134.0483,127.7558,63.0928,64.7541,60.9603,62.8099,,,,,,,-0.32,-26.4463,-0.31,-25.6198,0.29,23.9669,0.31,25.6198,81.1974,77.3859,65.3722,60.1162,12.0829,11.6759,18.9924,14.3231,33.2405,34.5393,34.5381,31.0781,-47.9569,-42.8465,-30.834,-29.0381,1.9904,6.3867,9.163,10.8605,-10.0924,-5.2892,-9.8294,-3.4626,,,-0.2414,-14.6593,14.7762,-0.3874,5.5966,8.5587,-0.3587,-24.4709,6.0794,,,,,,127.5164,49.5748,85.1681,,,,"Duque","","N/A","2008-01-01T00:00:00.000Z","Bay","Gelding","PRE horse (Pura Raza Espanola) - Andalusier","Dressage","","20260119T121135_logfile.itlog","2026-01-19T19:11:35.549Z","In hand","Research",,,
7,"walk","right","soft",1116.66,1117.23,1116.305,1116.94,4004.285,4004.855,4003.93,4004.565,1.2381,63.6091,0.775,0.82,0.76,0.795,0.475,0.4,0.445,0.45,187.7569,216.1234,145.1981,126.8299,62.5,66.3968,61.167,64.3725,,,,,,,-0.265,-21.4033,-0.28,-22.6148,0.355,28.6724,0.29,23.4225,81.106,77.3383,63.6963,57.0832,11.3189,13.2082,13.3725,14.1088,36.2887,34.6579,28.4461,26.1507,-44.8173,-42.6804,-35.2502,-30.9325,2.7835,10.3115,7.3568,9.2822,-8.5354,-2.8966,-6.0157,-4.8266,,,0.284,36.2767,-0.0256,-0.3573,1.7275,17.4305,-0.3765,-33.2059,2.109,,,,,,135.0814,49.5898,106.0983,,,,"Duque","","N/A","2008-01-01T00:00:00.000Z","Bay","Gelding","PRE horse (Pura Raza Espanola) - Andalusier","Dressage","","20260119T121135_logfile.itlog","2026-01-19T19:11:35.549Z","In hand","Research",,,
7,"walk","right","soft",1117.89,1118.48,1117.585,1118.165,4005.515,4006.105,4005.21,4005.79,1.2281,62.8806,0.775,0.82,0.72,0.775,0.455,0.43,0.52,0.43,186.276,205.4248,127.8417,125.7555,63.0081,65.6,59.2593,63.655,,,,,,,-0.355,-28.9059,-0.275,-22.3919,0.305,24.8346,0.315,25.6489,78.3037,73.3939,62.5663,58.1046,14.6183,12.6577,20.2809,17.2748,35.0591,33.9058,31.1796,29.2076,-43.2445,-39.488,-31.3867,-28.897,4.0042,8.4905,10.8466,12.192,-10.6141,-4.1672,-9.4343,-5.0828,,,-0.2768,7.8308,39.3795,-0.2223,1.5375,10.6085,-0.1236,-29.9632,,,,,,,140.0201,47.8402,98.4786,,,,"Duque","","N/A","2008-01-01T00:00:00.000Z","Bay","Gelding","PRE horse (Pura Raza Espanola) - Andalusier","Dressage","","20260119T121135_logfile.itlog","2026-01-19T19:11:35.549Z","In hand","Research",,,
7,"walk","right","soft",1119.12,1119.73,1118.775,1119.395,4006.745,4007.355,4006.4,4007.02,1.2563,64.1852,0.815,0.835,0.76,0.815,0.455,0.43,0.47,0.455,174.2163,198.4528,138.3762,122.9691,65.4618,66.9339,61.0442,63.301,,,,,,,-0.295,-23.4826,-0.275,-21.8905,0.345,27.4627,0.335,26.6667,73.6067,69.8163,62.1845,54.0009,13.6329,14.6957,17.9982,15.4267,30.0031,31.8195,27.8913,24.156,-43.6036,-37.9968,-34.2932,-29.8449,2.1455,9.9241,9.26,10.0866,-11.4874,-4.7716,-8.7382,-5.3402,,,0.2147,69.4928,40.8722,-0.4823,9.7259,17.0244,-0.3266,-30.3706,3.2616,,,,,,174.1631,45.8961,105.7484,,,,"Duque","","N/A","2008-01-01T00:00:00.000Z","Bay","Gelding","PRE horse (Pura Raza Espanola) - Andalusier","Dressage","","20260119T121135_logfile.itlog","2026-01-19T19:11:35.549Z","In hand","Research",,,
7,"walk","right","soft",1120.34,1120.96,1120.035,1120.7,4007.965,4008.585,4007.66,4008.325,1.2556,63.4031,0.835,0.84,0.765,0.745,0.405,0.395,0.5,0.49,187.0392,195.3966,126.7264,112.6001,66.0079,66.7992,60.2362,60.5691,,,,,,,-0.305,-24.2907,-0.36,-28.671,0.305,24.2907,0.26,20.7068,80.1631,78.6915,61.929,53.9292,10.4115,14.839,21.7816,19.2884,36.9229,37.0617,30.219,26.8326,-43.2402,-41.6297,-31.71,-27.0967,1.6777,10.8509,11.2124,13.0725,-8.7338,-3.9881,-10.5692,-6.2159,,,0.6187,38.1679,-46.1323,-0.6292,14.328,6.5783,-0.1899,-27.0621,-10.8446,,,,,,141.1433,45.9652,96.2461,,,,"Duque","","N/A","2008-01-01T00:00:00.000Z","Bay","Gelding","PRE horse (Pura Raza Espanola) - Andalusier","Dressage","","20260119T121135_logfile.itlog","2026-01-19T19:11:35.549Z","In hand","Research",,,
7,"walk","right","soft",1121.63,1122.24,1121.31,1121.925,4009.255,4009.865,4008.935,4009.55,1.2169,62.0662,0.775,0.775,0.725,0.745,0.455,0.44,0.51,0.48,178.1901,199.1887,129.5247,111.1387,63.1365,64.8536,58.7045,61.5702,,,,,,,-0.35,-28.7622,-0.295,-24.2424,0.32,26.2969,0.315,25.886,82.7804,80.8712,65.6503,56.1163,13.5539,12.6171,18.1432,22.0111,36.8177,39.2042,32.7742,27.0474,-45.9627,-41.667,-32.8761,-29.0689,2.7219,8.806,10.3389,15.3417,-10.8321,-3.8111,-7.8043,-6.6694,,,0.1539,5.6292,-13.0393,-0.4676,11.3097,8.5947,-0.3942,-32.4643,5.6521,,,,,,149.7819,48.7702,99.9939,,,,"Duque","","N/A","2008-01-01T00:00:00.000Z","Bay","Gelding","PRE horse (Pura Raza Espanola) - Andalusier","Dressage","","20260119T121135_logfile.itlog","2026-01-19T19:11:35.549Z","In hand","Research",,,
7,"walk","right","soft",1122.855,1123.415,1122.545,1123.12,4010.48,4011.04,4010.17,4010.745,1.2119,62.4908,0.75,0.815,0.695,0.77,0.45,0.4,0.51,0.45,186.7459,220.2271,130.0379,126.7901,62.2407,66.9405,57.7963,62.9857,,,,,,,-0.305,-25.1676,-0.265,-21.8669,0.31,25.5802,0.295,24.3424,79.7473,72.5804,63.8624,59.5427,12.1428,11.3815,20.9852,14.6968,35.0285,32.3056,30.0033,30.1338,-44.7187,-40.2749,-33.8591,-29.4089,3.3999,7.2573,10.0234,12.3181,-8.7428,-4.1242,-10.9618,-2.3787,,,0.0819,43.56,32.0505,-0.1624,1.7884,7.894,-0.2099,-15.1328,5.3862,,,,,,172.5031,48.5511,97.7757,,,,"Duque","","N/A","2008-01-01T00:00:00.000Z","Bay","Gelding","PRE horse (Pura Raza Espanola) - Andalusier","Dressage","","20260119T121135_logfile.itlog","2026-01-19T19:11:35.549Z","In hand","Research",,,
7,"walk","right","soft",1124.065,1124.635,1123.745,1124.345,4011.69,4012.26,4011.37,4011.97,1.2362,62.7122,0.78,0.83,0.72,0.77,0.46,0.405,0.505,0.455,182.9575,195.6089,137.6715,124.4136,63.4146,67.2065,57.3705,62.8571,,,,,,,-0.33,-26.6936,-0.28,-22.6491,0.32,25.8847,0.29,23.458,75.9069,75.7587,63.665,55.9096,10.8735,19.0159,7.4154,16.5394,33.8992,35.8435,30.2496,25.3483,-42.0078,-39.9152,-33.4154,-30.5613,4.1073,12.4175,4.5211,11.0875,-6.7661,-6.5984,-2.8943,-5.4519,,,0.3364,53.7573,8.1455,-0.4158,3.2963,12.7676,-0.166,-17.8612,-1.1438,,,,,,143.7206,45.9915,105.715,,,,"Duque","","N/A","2008-01-01T00:00:00.000Z","Bay","Gelding","PRE horse (Pura Raza Espanola) - Andalusier","Dressage","","20260119T121135_logfile.itlog","2026-01-19T19:11:35.549Z","In hand","Research",,,
7,"walk","right","soft",1125.285,1125.87,1125.03,1125.57,4012.91,4013.495,4012.655,4013.195,1.2175,62.1,0.785,0.805,0.67,0.765,0.44,0.405,0.565,0.455,182.6725,205.9745,119.7115,117.7761,64.0816,66.2551,55.4865,62.5767,,,,,,,-0.395,-32.4435,-0.285,-23.4086,0.255,20.9446,0.3,24.6407,75.8356,73.876,64.217,55.9213,11.782,16.6974,16.3041,20.2103,33.9572,34.4903,33.3838,25.2144,-41.8785,-39.3857,-30.8332,-30.7069,2.9167,11.539,9.7545,14.5751,-8.8653,-5.1584,-6.5496,-5.6352,,,0.5271,53.5681,-36.3298,-0.4695,10.0025,14.3768,-0.3208,-26.7555,5.8962,,,,,,170.5598,51.4745,105.0249,,,,"Duque","","N/A","2008-01-01T00:00:00.000Z","Bay","Gelding","PRE horse (Pura Raza Espanola) - Andalusier","Dressage","","20260119T121135_logfile.itlog","2026-01-19T19:11:35.549Z","In hand","Research",,,
7,"walk","right","soft",1126.51,1127.09,1126.21,1126.795,4014.135,4014.715,4013.835,4014.42,1.2006,62.5951,0.765,0.79,0.695,0.755,0.44,0.415,0.51,0.46,174.1612,201.9408,124.223,121.2049,64.6934,65.9708,57.3196,62.3967,,,,,,,-0.34,-28.3186,-0.285,-23.7376,0.3,24.987,0.295,24.5705,74.5159,69.8267,64.8266,55.9348,13.1605,12.1954,22.7428,18.7353,34.6478,30.7891,32.8112,27.0882,-39.8681,-39.0376,-32.0154,-28.8466,0.1922,9.1971,11.8825,14.1755,-12.9683,-2.9982,-10.8603,-4.5598,,,0.0335,59.6505,55.8124,-0.4104,16.2961,8.2246,-0.2963,-34.9393,-5.5005,,,,,,170.2453,51.9887,106.6325,,,,"Duque","","N/A","2008-01-01T00:00:00.000Z","Bay","Gelding","PRE horse (Pura Raza Espanola) - Andalusier","Dressage","","20260119T121135_logfile.itlog","2026-01-19T19:11:35.549Z","In hand","Research",,,
7,"walk","right","soft",1127.67,1128.28,1127.43,1128,4015.295,4015.905,4015.055,4015.625,1.2594,63.8656,0.83,0.875,0.72,0.795,0.395,0.4,0.525,0.45,187.5908,201.5383,128.7527,116.5013,66.1355,67.8295,58.7755,62.7219,,,,,,,-0.34,-26.9975,-0.33,-26.2035,0.24,19.0571,0.28,22.2333,78.1271,72.7489,61.4232,53.4857,10.6311,10.9598,17.9071,20.247,33.5676,32.0375,31.3015,25.3012,-44.5594,-40.7113,-30.1218,-28.1846,4.6211,8.8862,10.0215,14.495,-6.01,-2.0736,-7.8856,-5.7521,,,0.1175,49.1605,36.3515,-0.4142,21.4618,-1.3795,-0.1405,-23.3272,-11.7187,,,,,,145.3583,59.6558,94.3382,,,,"Duque","","N/A","2008-01-01T00:00:00.000Z","Bay","Gelding","PRE horse (Pura Raza Espanola) - Andalusier","Dressage","","20260119T121135_logfile.itlog","2026-01-19T19:11:35.549Z","In hand","Research",,,
7,"walk","right","soft",1128.955,1129.585,1128.635,1129.29,4016.58,4017.21,4016.26,4016.915,1.2794,64.1781,0.845,0.855,0.785,0.8,0.455,0.43,0.485,0.495,173.8714,190.2341,134.4594,112.4806,64.8752,66.6667,62.1782,62.9921,,,,,,,-0.355,-27.7479,-0.335,-26.1847,0.32,25.0122,0.295,23.0581,78.9279,73.8321,61.2738,59.9773,11.2815,13.712,14.0546,11.2834,34.7639,31.04,29.305,31.0357,-44.164,-42.7921,-31.9688,-28.9417,5.3294,9.2425,6.154,9.0591,-5.9521,-4.4695,-7.9006,-2.2242,,,0.4552,62.669,-1.2677,-0.1015,0.85,7.3958,-0.3069,-24.6558,3.2221,,,,,,171.0398,59.6551,90.8319,,,,"Duque","","N/A","2008-01-01T00:00:00.000Z","Bay","Gelding","PRE horse (Pura Raza Espanola) - Andalusier","Dressage","","20260119T121135_logfile.itlog","2026-01-19T19:11:35.549Z","In hand","Research",,,
7,"walk","right","soft",1130.26,1130.865,1129.89,1130.535,4017.885,4018.49,4017.515,4018.16,1.2319,63.3299,0.765,0.8,0.765,0.79,0.46,0.425,0.47,0.445,177.089,201.7661,132.0967,125.4588,62.7049,65.4397,61.0778,64.0974,,,,,,,-0.305,-24.759,-0.275,-22.3237,0.37,30.0355,0.33,26.7884,73.2474,75.7187,67.3744,61.2027,12.4488,15.1235,12.647,12.6289,29.4763,37.8032,31.3571,31.1218,-43.7711,-37.9155,-36.0172,-30.0809,1.4114,10.033,6.8911,8.7793,-11.0374,-5.0905,-5.7558,-3.8496,,,0.1009,54.5581,41.118,-0.6422,8.3563,16.1563,-0.3527,-35.2007,0.0269,,,,,,179.7247,41.7528,108.5731,,,,"Duque","","N/A","2008-01-01T00:00:00.000Z","Bay","Gelding","PRE horse (Pura Raza Espanola) - Andalusier","Dressage","","20260119T121135_logfile.itlog","2026-01-19T19:11:35.549Z","In hand","Research",,,
7,"walk","right","soft",1131.475,1132.085,1131.16,1131.765,4019.1,4019.71,4018.785,4019.39,1.1994,62.4533,0.78,0.73,0.745,0.74,0.45,0.42,0.505,0.44,178.0178,205.2169,135.3289,132.2666,65,62.5268,59.8394,62.4473,,,,,,,-0.295,-24.5961,-0.29,-24.1793,0.315,26.2637,0.32,26.6806,83.4215,73.1474,64.8679,58.9675,12.4157,12.0876,23.0046,20.0225,37.4907,30.5739,29.7469,26.9033,-45.9308,-42.5735,-35.1211,-32.0642,1.0568,9.1819,10.4471,14.9901,-11.3589,-2.9057,-12.5575,-5.0324,,,-0.2137,9.485,39.3369,-0.7175,,10.4052,-0.2979,-33.3291,-0.7372,,,,,,161.3933,,110.1334,,,,"Duque","","N/A","2008-01-01T00:00:00.000Z","Bay","Gelding","PRE horse (Pura Raza Espanola) - Andalusier","Dressage","","20260119T121135_logfile.itlog","2026-01-19T19:11:35.549Z","In hand","Research",,,
7,"walk","right","soft",1132.645,1133.27,1132.4,1132.955,4020.27,4020.895,4020.025,4020.58,1.2206,62.8777,0.815,0.79,0.695,0.77,0.39,0.455,0.495,0.45,209.8332,197.7974,141.9117,127.2992,67.4948,63.5815,57.3196,63.1148,,,,,,,-0.315,-25.8065,-0.31,-25.3968,0.245,20.0717,0.315,25.8065,80.3366,75.7287,63.1265,55.6992,11.687,14.7855,12.9524,18.1541,35.1302,36.4714,33.2721,24.1603,-45.2063,-39.2573,-29.8545,-31.5389,2.0417,10.0049,6.47,11.9576,-9.6453,-4.7806,-6.4825,-6.1965,,,-0.064,-21.1649,-13.0357,-0.4127,15.8897,10.1935,-0.1995,-22.9299,-5.9711,,,,,,142.0312,,90.9676,,,,"Duque","","N/A","2008-01-01T00:00:00.000Z","Bay","Gelding","PRE horse (Pura Raza Espanola) - Andalusier","Dressage","","20260119T121135_logfile.itlog","2026-01-19T19:11:35.549Z","In hand","Research",,,
7,"walk","right","soft",1133.855,1134.51,1133.635,1134.175,4021.48,4022.135,4021.26,4021.8,1.2225,62.4166,0.835,0.78,0.67,0.77,0.395,0.45,0.54,0.45,204.0688,190.0295,125.1897,119.3716,66.5339,63.4146,55.9499,63.7681,,,,,,,-0.365,-29.8569,-0.32,-26.1759,0.22,17.9959,0.335,27.4029,81.5215,79.1447,60.1644,58.2442,12.5401,13.3778,15.942,14.4423,34.4012,36.6706,31.0249,28.1627,-47.1204,-42.4741,-29.1395,-30.0815,2.9703,8.1124,8.9795,10.3514,-9.5698,-5.2654,-6.9625,-4.091,,,0.3879,22.0329,-26.2396,0.0472,-1.3772,5.6044,-0.1572,-5.8735,6.5562,,,,,,130.3807,53.0155,79.6836,,,,"Duque","","N/A","2008-01-01T00:00:00.000Z","Bay","Gelding","PRE horse (Pura Raza Espanola) - Andalusier","Dressage","","20260119T121135_logfile.itlog","2026-01-19T19:11:35.549Z","In hand","Research",,,
7,"walk","right","soft",1135.135,1135.74,1134.82,1135.37,4022.76,4023.365,4022.445,4022.995,1.1756,62.8447,0.735,0.735,0.7,0.785,0.445,0.45,0.515,0.425,183.1612,200.722,121.5235,130.3563,61.6352,61.8947,63.6364,64.2127,,,,,,,-0.31,-26.369,-0.235,-19.9894,0.315,26.7943,0.37,31.4726,85.9143,78.5942,61.577,61.8101,14.9437,9.8968,11.4258,17.4665,37.545,33.8513,29.7868,29.8111,-48.3693,-44.743,-31.7902,-31.999,2.9318,6.1689,7.5359,13.6015,-12.0118,-3.7279,-3.8899,-3.865,,,,12.5039,5.1167,,5.8815,10.0879,,-5.7325,6.5363,,,,,,131.4362,39.3724,89.3966,,,,"Duque","","N/A","2008-01-01T00:00:00.000Z","Bay","Gelding","PRE horse (Pura Raza Espanola) - Andalusier","Dressage","","20260119T121135_logfile.itlog","2026-01-19T19:11:35.549Z","In hand","Research",,,
7,"walk","right","soft",1136.34,1136.93,1135.805,1136.605,4023.965,4024.555,4023.43,4024.23,1.2413,65.3644,0.78,0.765,0.925,0.78,0.47,0.455,0.285,0.45,195.1683,208.8293,177.4134,133.4831,63.286,62.963,70.7457,64.4628,,,,,,,-0.065,-5.2367,-0.265,-21.3494,0.535,43.1017,0.325,26.1833,81.3662,79.785,66.9177,62.1773,9.517,11.0589,12.0245,11.3209,35.7184,34.3786,21.4084,30.4117,-45.6478,-45.4064,-45.5094,-31.7656,2.5531,8.4304,6.0005,9.1115,-6.9639,-2.6285,-6.024,-2.2094,,,-0.026,7.7134,10.996,-0.0914,-1.2508,7.9087,-0.1181,-16.9019,-5.9396,,,,,,161.5269,34.7616,105.0617,,,,"Duque","","N/A","2008-01-01T00:00:00.000Z","Bay","Gelding","PRE horse (Pura Raza Espanola) - Andalusier","Dressage","","20260119T121135_logfile.itlog","2026-01-19T19:11:35.549Z","In hand","Research",,,
7,"walk","right","soft",1137.555,1138.14,1137.21,1137.795,4025.18,4025.765,4024.835,4025.42,1.1937,63.3567,0.765,0.75,0.735,0.775,0.435,0.445,0.48,0.41,189.8132,216.4939,136.6909,142.0435,63.8831,63.1579,61.1227,65.2632,,,,,,,-0.28,-23.4555,-0.24,-20.1047,0.345,28.9005,0.345,28.9005,78.4628,77.9107,66.3989,62.0144,12.6839,14.5753,18.94,16.4454,31.5532,33.4817,32.4594,29.0323,-46.9096,-44.429,-33.9395,-32.9821,2.8114,8.643,9.4273,12.5045,-9.8725,-5.9323,-9.5127,-3.9409,,,0.134,69.1102,50.6872,-0.1812,4.8738,3.3594,-0.0642,-21.4603,-15.7478,,,,,,188.1802,33.3407,104.7364,,,,"Duque","","N/A","2008-01-01T00:00:00.000Z","Bay","Gelding","PRE horse (Pura Raza Espanola) - Andalusier","Dressage","","20260119T121135_logfile.itlog","2026-01-19T19:11:35.549Z","In hand","Research",,,
7,"walk","right","soft",1138.75,1139.32,1138.4,1138.985,4026.375,4026.945,4026.025,4026.61,1.1594,62.9555,0.695,0.75,0.73,0.745,0.43,0.43,0.455,0.415,195.3052,213.8233,147.7371,140.042,61.3687,64.2398,62.1277,64.086,,,,,,,-0.26,-22.4259,-0.235,-20.2695,0.35,30.1887,0.335,28.8949,79.7548,76.5219,64.4335,61.9651,19.6677,16.8027,16.1531,13.4595,31.3822,34.6629,31.081,31.258,-48.3726,-41.8591,-33.3525,-30.7071,2.4366,9.1264,8.7854,9.3339,-17.2311,-7.6762,-7.3676,-4.1256,,,0.1007,30.9994,19.1684,-0.0745,5.3627,-0.5703,-0.0481,-11.6325,-7.6712,,,,,,139.4969,31.2169,89.9899,,,,"Duque","","N/A","2008-01-01T00:00:00.000Z","Bay","Gelding","PRE horse (Pura Raza Espanola) - Andalusier","Dressage","","20260119T121135_logfile.itlog","2026-01-19T19:11:35.549Z","In hand","Research",,,
7,"walk","right","soft",1139.89,1140.475,1139.565,1140.15,4027.515,4028.1,4027.19,4027.775,1.1869,62.9844,0.765,0.755,0.705,0.765,0.445,0.405,0.435,0.42,202.6516,209.2227,148.5701,143.3834,63.75,64.6681,59.3684,64.1509,,,,,,,-0.245,-20.6424,-0.26,-21.9063,0.325,27.3828,0.325,27.3828,83.5633,79.5196,67.5807,60.8413,13.7124,17.0282,18.7435,20.0589,34.1412,35.5225,33.4126,27.706,-49.4221,-43.9971,-34.1681,-33.1353,1.6666,10.4813,8.1291,13.7653,-12.0458,-6.5469,-10.6144,-6.2936,,,-0.1248,-2.9137,14.0642,-0.4148,7.7037,-1.6326,-0.362,-31.9708,5.3472,,,,,,137.343,40.6375,115.0053,,,,"Duque","","N/A","2008-01-01T00:00:00.000Z","Bay","Gelding","PRE horse (Pura Raza Espanola) - Andalusier","Dressage","","20260119T121135_logfile.itlog","2026-01-19T19:11:35.549Z","In hand","Research",,,
7,"walk","right","soft",1141.08,1141.65,1140.8,1141.35,4028.705,4029.275,4028.425,4028.975,1.2044,62.1305,0.725,0.815,0.685,0.77,0.425,0.42,0.53,0.435,203.4005,219.9357,137.1994,131.6571,61.4407,65.7258,57.3222,64.0333,,,,,,,-0.325,-26.985,-0.27,-22.4183,0.28,23.2486,0.3,24.9092,78.0128,77.8528,65.371,58.5661,9.4587,14.8863,17.6528,15.8809,33.308,33.9541,33.7691,26.2076,-44.7048,-43.8988,-31.6019,-32.3585,1.5927,9.5657,9.4511,11.7426,-7.866,-5.3206,-8.2017,-4.1383,,,0.0548,30.2779,23.6257,-0.2574,9.2862,-3.7286,0.0355,-5.9456,-9.2548,,,,,,145.0701,59.7488,99.2045,,,,"Duque","","N/A","2008-01-01T00:00:00.000Z","Bay","Gelding","PRE horse (Pura Raza Espanola) - Andalusier","Dressage","","20260119T121135_logfile.itlog","2026-01-19T19:11:35.549Z","In hand","Research",,,
7,"walk","right","soft",1142.29,1142.895,1141.975,1142.55,4029.915,4030.52,4029.6,4030.175,1.22,63.1237,0.78,0.795,0.725,0.78,0.485,0.43,0.49,0.43,166.4355,208.8561,138.2968,124.0823,62.9032,66.3883,59.9174,63.286,,,,,,,-0.325,-26.6393,-0.26,-21.3115,0.315,25.8197,0.345,28.2787,79.0746,72.3814,68.298,63.3977,12.001,13.4799,14.3632,17.7407,33.4439,32.6805,34.767,31.6659,-45.6307,-39.7008,-33.5309,-31.7318,1.9418,8.5135,7.331,11.5003,-10.0592,-4.9664,-7.0323,-6.2404,,,0.4223,81.3592,17.1131,-0.1906,4.1168,16.0089,-0.4124,-28.9238,10.7479,,,,,,182.3693,59.7519,96.1978,,,,"Duque","","N/A","2008-01-01T00:00:00.000Z","Bay","Gelding","PRE horse (Pura Raza Espanola) - Andalusier","Dressage","","20260119T121135_logfile.itlog","2026-01-19T19:11:35.549Z","In hand","Research",,,
7,"walk","right","soft",1143.505,1144.065,1143.18,1143.805,4031.13,4031.69,4030.805,4031.43,1.2256,64.1422,0.78,0.845,0.74,0.78,0.435,0.375,0.48,0.475,184.4955,212.8612,143.0492,133.7273,64.5963,68.2828,60.5317,63.1579,,,,,,,-0.285,-23.2534,-0.3,-24.4773,0.325,26.5171,0.26,21.2137,73.7087,67.2836,60.1726,55.314,10.7633,10.4114,21.9717,16.5215,32.7387,25.8778,28.4451,26.8046,-40.97,-41.4058,-31.7276,-28.5094,0.6993,8.1794,9.859,10.3865,-10.064,-2.232,-12.1127,-6.135,,,0.1934,53.7927,29.9,-0.7477,20.5676,7.4674,-0.1651,-14.9081,1.5973,,,,,,153.4421,57.5237,99.9703,,,,"Duque","","N/A","2008-01-01T00:00:00.000Z","Bay","Gelding","PRE horse (Pura Raza Espanola) - Andalusier","Dressage","","20260119T121135_logfile.itlog","2026-01-19T19:11:35.549Z","In hand","Research",,,
7,"walk","right","soft",1144.705,1145.32,1144.405,1145.02,4032.33,4032.945,4032.03,4032.645,1.2231,64.3896,0.825,0.805,0.75,0.77,0.42,0.41,0.485,0.435,182.0353,193.0037,130.7568,120.7623,66.8016,66.3918,60.7287,63.6364,,,,,,,-0.34,-27.7976,-0.315,-25.7537,0.3,24.5273,0.3,24.5273,77.0274,71.7782,62.2514,55.008,11.6484,13.8921,17.9715,16.9365,33.812,32.1923,29.9055,24.7366,-43.2154,-39.5859,-32.3459,-30.2714,2.0421,10.4047,9.1622,10.9281,-9.6063,-3.4874,-8.8093,-6.0083,,,0.0825,-1.6131,-9.7007,-0.528,8.014,,-0.2902,-34.9542,-10.4512,,,,,,124.4699,57.5118,94.8731,,,,"Duque","","N/A","2008-01-01T00:00:00.000Z","Bay","Gelding","PRE horse (Pura Raza Espanola) - Andalusier","Dressage","","20260119T121135_logfile.itlog","2026-01-19T19:11:35.549Z","In hand","Research",,,
7,"walk","right","soft",1145.93,1146.53,1145.64,1146.235,4033.555,4034.155,4033.265,4033.86,1.2387,63.6109,0.815,0.815,0.735,0.785,0.4,0.405,0.485,0.445,189.6465,194.191,131.364,120.8131,67.0782,65.7258,58.3333,63.3065,,,,,,,-0.32,-25.8325,-0.305,-24.6216,0.29,23.4107,0.295,23.8143,77.8364,76.3784,62.0643,54.6393,12.715,13.7519,12.2259,19.6996,33.7364,35.0029,29.0297,24.3241,-44.1,-41.3755,-33.0345,-30.3152,0.8335,9.5341,6.6538,13.4004,-11.8815,-4.2178,-5.5721,-6.2992,,,-0.2425,-10.8985,19.2883,-0.1969,2.604,9.4963,-0.2255,-25.655,-6.6554,,,,,,142.4906,52.9933,92.815,,,,"Duque","","N/A","2008-01-01T00:00:00.000Z","Bay","Gelding","PRE horse (Pura Raza Espanola) - Andalusier","Dressage","","20260119T121135_logfile.itlog","2026-01-19T19:11:35.549Z","In hand","Research",,,
7,"walk","right","soft",1147.145,1147.79,1146.94,1147.485,4034.77,4035.415,4034.565,4035.11,1.245,62.6688,0.84,0.83,0.665,0.79,0.4,0.445,0.565,0.465,193.9845,196.3828,114.8587,116.0828,66.2722,66.004,55.0725,63.3267,,,,,,,-0.41,-32.9317,-0.34,-27.3092,0.205,16.4659,0.305,24.498,82.9417,73.8772,60.9155,55.7926,7.9135,12.8229,14.9949,15.542,35.243,33.4918,32.1975,27.0973,-47.6987,-40.3854,-28.718,-28.6953,2.0812,9.3999,8.4215,11.2695,-5.8323,-3.4231,-6.5734,-4.2725,,,0.4432,23.6616,-39.8215,0.044,-2.1589,3.9312,-0.4477,-29.0186,,,,,,,149.81,48.1795,103.3825,,,,"Duque","","N/A","2008-01-01T00:00:00.000Z","Bay","Gelding","PRE horse (Pura Raza Espanola) - Andalusier","Dressage","","20260119T121135_logfile.itlog","2026-01-19T19:11:35.549Z","In hand","Research",,,
7,"walk","right","soft",1148.44,1149.03,1148.125,1148.725,4036.065,4036.655,4035.75,4036.35,1.2375,63.4304,0.795,0.82,0.735,0.79,0.455,0.41,0.52,0.45,186.8129,201.4779,119.6125,120.6386,64.503,66.2626,59.7561,63.2,,,,,,,-0.335,-27.0707,-0.285,-23.0303,0.315,25.4545,0.305,24.6465,75.2606,75.6416,65.6229,59.6395,12.4563,12.624,15.8364,17.2184,33.1594,35.3497,34.0393,31.2123,-42.1012,-40.2919,-31.5836,-28.4273,1.7237,8.8825,9.4048,12.6029,-10.7326,-3.7415,-6.4316,-4.6155,,,0.3269,64.2758,16.1926,-0.5299,2.7561,16.4392,-0.2113,-29.8631,-8.3289,,,,,,163.275,41.7528,110.2554,,,,"Duque","","N/A","2008-01-01T00:00:00.000Z","Bay","Gelding","PRE horse (Pura Raza Espanola) - Andalusier","Dressage","","20260119T121135_logfile.itlog","2026-01-19T19:11:35.549Z","In hand","Research",,,
7,"walk","right","soft",1149.655,1150.275,1149.33,1149.985,4037.28,4037.9,4036.955,4037.61,1.2631,63.9584,0.83,0.85,0.755,0.795,0.42,0.425,0.47,0.47,182.3024,199.1117,135.9072,129.8915,66.5331,67.5944,58.9844,62.7219,,,,,,,-0.3,-23.7506,-0.33,-26.1257,0.325,25.7298,0.29,22.9589,69.2073,72.6798,63.2549,53.6696,8.7464,14.5133,12.0705,12.2471,29.1943,32.8715,28.1158,25.7142,-40.0129,-39.8083,-35.1391,-27.9555,2.815,10.3179,6.1539,9.4343,-5.9313,-4.1954,-5.9166,-2.8128,,,0.3245,44.1289,4.8297,-0.4644,7.1464,11.9677,-0.3506,-38.8542,-2.229,,,,,,132.7414,45.4911,114.2182,,,,"Duque","","N/A","2008-01-01T00:00:00.000Z","Bay","Gelding","PRE horse (Pura Raza Espanola) - Andalusier","Dressage","","20260119T121135_logfile.itlog","2026-01-19T19:11:35.549Z","In hand","Research",,,
7,"walk","right","soft",1150.9,1151.515,1150.665,1151.255,4038.525,4039.14,4038.29,4038.88,1.2412,62.4828,0.795,0.84,0.71,0.755,0.415,0.39,0.58,0.475,172.378,203.8159,117.7425,108.8812,64.2424,67.6056,55.6863,62.3967,,,,,,,-0.39,-31.4199,-0.355,-28.6002,0.235,18.9325,0.26,20.9466,79.3002,71.5461,64.105,54.7484,8.8534,13.7902,7.5241,17.8166,36.1997,33.7207,34.2273,27.2797,-43.1005,-37.8255,-29.8778,-27.4687,1.2003,11.3589,4.6361,12.3729,-7.6532,-2.4313,-2.8879,-5.4437,,,0.7017,10.6617,,-0.6001,17.1521,11.8097,-0.063,-21.0986,-15.8882,,,,,,145.4509,52.8275,98.6514,,,,"Duque","","N/A","2008-01-01T00:00:00.000Z","Bay","Gelding","PRE horse (Pura Raza Espanola) - Andalusier","Dressage","","20260119T121135_logfile.itlog","2026-01-19T19:11:35.549Z","In hand","Research",,,
7,"walk","right","soft",1152.165,1152.77,1151.925,1152.445,4039.79,4040.395,4039.55,4040.07,1.2662,63.3912,0.835,0.85,0.695,0.835,0.47,0.415,0.55,0.435,171.621,192.1577,121.3361,116.4768,64.6035,65.764,57.3196,65.8777,,,,,,,-0.41,-32.3791,-0.28,-22.1125,0.24,18.9536,0.325,25.6663,72.6378,69.7829,62.5976,56.5431,11.8991,12.2871,21.1368,17.2875,31.7235,31.4761,34.7447,26.9843,-40.9143,-38.3068,-27.8529,-29.5587,3.4564,9.7396,13.2448,13.2316,-8.4427,-2.5475,-7.8919,-4.0559,,,0.6384,44.5174,-48.6226,-0.3513,5.7088,15.2286,-0.3029,-24.7497,2.8094,,,,,,174.7473,48.9141,92.4861,,,,"Duque","","N/A","2008-01-01T00:00:00.000Z","Bay","Gelding","PRE horse (Pura Raza Espanola) - Andalusier","Dressage","","20260119T121135_logfile.itlog","2026-01-19T19:11:35.549Z","In hand","Research",,,
7,"walk","right","soft",1153.445,1154.09,1153.105,1153.71,4041.07,4041.715,4040.73,4041.335,1.2863,64.6025,0.855,0.825,0.77,0.875,0.445,0.47,0.485,0.43,165.7113,170.2882,129.8369,126.6382,66.1509,64.5793,60.6299,67.0498,,,,,,,-0.335,-26.0447,-0.265,-20.6025,0.34,26.4334,0.38,29.5432,78.4319,74.1576,59.6408,53.2356,15.4582,10.3514,20.0183,16.0554,36.8405,35.3134,29.2469,24.6937,-41.5913,-38.8442,-30.3939,-28.5419,5.1166,7.6852,10.2623,11.5203,-10.3417,-2.6662,-9.7561,-4.5351,,,0.1142,32.9435,20.0589,0.231,-6.9764,2.7854,-0.1481,-18.9936,-7.0848,,,,,,140.7391,36.0666,87.4855,,,,"Duque","","N/A","2008-01-01T00:00:00.000Z","Bay","Gelding","PRE horse (Pura Raza Espanola) - Andalusier","Dressage","","20260119T121135_logfile.itlog","2026-01-19T19:11:35.549Z","In hand","Research",,,
7,"walk","right","soft",1154.73,1155.35,1154.39,1155.015,4042.355,4042.975,4042.015,4042.64,1.2525,63.5089,0.825,0.78,0.77,0.805,0.43,0.435,0.515,0.43,176.6165,195.3979,120.3598,121.4141,65.8683,63.9344,59.5745,64.6586,,,,,,,-0.3,-23.9521,-0.285,-22.7545,0.34,27.1457,0.335,26.7465,75.697,78.7296,63.9103,61.7286,13.0865,10.9036,13.6768,13.7618,32.7077,34.1195,29.7794,30.2973,-42.9893,-44.6101,-34.1308,-31.4313,4.8998,7.3143,6.3671,10.9044,-8.1867,-3.5893,-7.3096,-2.8574,,,-0.2141,12.8026,40.6127,0.0657,-2.0215,-4.4531,-0.2537,-28.373,-8.148,,,,,,142.6698,36.4013,90.3093,,,,"Duque","","N/A","2008-01-01T00:00:00.000Z","Bay","Gelding","PRE horse (Pura Raza Espanola) - Andalusier","Dressage","","20260119T121135_logfile.itlog","2026-01-19T19:11:35.549Z","In hand","Research",,,
7,"walk","right","soft",1155.98,1156.575,1155.69,1156.27,4043.605,4044.2,4043.315,4043.895,1.2275,63.0168,0.785,0.82,0.715,0.775,0.425,0.445,0.53,0.45,180.9765,206.8789,123.2818,121.9213,64.876,65.4691,58.9691,62.753,,,,,,,-0.34,-27.6986,-0.29,-23.6253,0.29,23.6253,0.305,24.8473,75.4879,75.3902,67.8385,60.6018,12.2314,13.3936,9.0243,15.5455,32.49,34.4382,35.6447,30.2121,-42.998,-40.952,-32.1938,-30.3897,1.3996,10.6366,5.0434,9.7508,-10.8318,-2.757,-3.9809,-5.7947,,,-0.2512,5.3142,34.0583,-0.1289,1.4705,4.1887,-0.1179,-12.4333,-2.2175,,,,,,119.7344,36.9995,88.8528,,,,"Duque","","N/A","2008-01-01T00:00:00.000Z","Bay","Gelding","PRE horse (Pura Raza Espanola) - Andalusier","Dressage","","20260119T121135_logfile.itlog","2026-01-19T19:11:35.549Z","In hand","Research",,,
7,"walk","right","soft",1157.19,1157.815,1156.87,1157.515,4044.815,4045.44,4044.495,4045.14,1.2506,64.3845,0.83,0.825,0.78,0.785,0.425,0.42,0.465,0.47,184.7946,204.9161,145.3054,122.6781,66.5331,66.6667,61.5385,62.8,,,,,,,-0.295,-23.5882,-0.325,-25.987,0.32,25.5872,0.3,23.988,77.5942,74.8704,60.4153,56.7988,11.4375,15.1011,19.3422,14.1207,32.8493,35.1738,26.8745,27.6631,-44.7449,-39.6966,-33.5407,-29.1357,1.5986,10.3321,9.7615,10.9967,-9.8388,-4.7689,-9.5807,-3.124,,,0.1298,8.2848,-5.1918,-0.3678,4.8427,5.2428,-0.1183,-5.0854,5.4226,,,,,,112.0499,45.2153,88.8135,,,,"Duque","","N/A","2008-01-01T00:00:00.000Z","Bay","Gelding","PRE horse (Pura Raza Espanola) - Andalusier","Dressage","","20260119T121135_logfile.itlog","2026-01-19T19:11:35.549Z","In hand","Research",,,
7,"walk","right","soft",1158.43,1159.045,1158.16,1158.76,4046.055,4046.67,4045.785,4046.385,1.22,63.7202,0.825,0.815,0.725,0.745,0.41,0.405,0.51,0.46,191.6538,204.299,121.6441,117.9672,66.8016,66.8033,59.0631,62.2129,,,,,,,-0.345,-28.2787,-0.33,-27.0492,0.27,22.1311,0.285,23.3607,74.679,76.2774,61.93,57.1105,11.5298,12.3922,15.2034,16.71,30.1653,34.9064,30.7184,27.0354,-44.5137,-41.3711,-31.2116,-30.0751,1.0064,9.6304,6.9813,11.4396,-10.5233,-2.7617,-8.2222,-5.2705,,,0.3159,38.057,-6.5143,-0.1936,0.587,8.4866,-0.2193,-14.4821,3.1835,,,,,,147.9808,45.2033,83.811,,,,"Duque","","N/A","2008-01-01T00:00:00.000Z","Bay","Gelding","PRE horse (Pura Raza Espanola) - Andalusier","Dressage","","20260119T121135_logfile.itlog","2026-01-19T19:11:35.549Z","In hand","Research",,,
7,"walk","right","soft",1159.665,1160.265,1159.38,1159.95,4047.29,4047.89,4047.005,4047.575,1.1987,63.2688,0.785,0.79,0.695,0.765,0.41,0.405,0.495,0.445,191.8472,211.2875,131.0035,120.842,65.1452,65.2893,59.0234,63.6175,,,,,,,-0.335,-27.9458,-0.285,-23.7748,0.285,23.7748,0.315,26.2774,84.9799,75.6426,63.3478,53.5886,15.7039,10.7529,18.1413,15.7302,37.0881,36.0231,31.3099,24.355,-47.8919,-39.6195,-32.0379,-29.2337,3.6164,8.3722,9.4107,11.4784,-12.0876,-2.3807,-8.7307,-4.2518,,,0.155,23.6518,4.5053,-0.3503,3.1995,13.9679,-0.3062,-23.0884,6.0344,,,,,,128.0659,43.9537,97.1923,,,,"Duque","","N/A","2008-01-01T00:00:00.000Z","Bay","Gelding","PRE horse (Pura Raza Espanola) - Andalusier","Dressage","","20260119T121135_logfile.itlog","2026-01-19T19:11:35.549Z","In hand","Research",,,
7,"walk","right","soft",1160.88,1161.49,1160.545,1161.145,4048.505,4049.115,4048.17,4048.77,1.245,63.5601,0.785,0.795,0.765,0.82,0.43,0.435,0.47,0.43,203.5512,195.3259,138.4783,126.9195,64.2127,64.2424,60.835,64.9505,,,,,,,-0.28,-22.49,-0.265,-21.2851,0.335,26.9076,0.345,27.7108,78.6501,77.0089,63.0943,56.1105,11.8984,11.3412,19.5182,14.6725,34.3419,34.7989,30.718,26.3887,-44.3082,-42.21,-32.3763,-29.7218,3.4883,6.3861,9.025,12.2104,-8.41,-4.9551,-10.4932,-2.4621,,,0.1993,14.0335,-10.2918,-0.2007,1.9587,0.2888,-0.0279,-5.4952,-3.2819,,,,,,143.4254,42.466,82.7552,,,,"Duque","","N/A","2008-01-01T00:00:00.000Z","Bay","Gelding","PRE horse (Pura Raza Espanola) - Andalusier","Dressage","","20260119T121135_logfile.itlog","2026-01-19T19:11:35.549Z","In hand","Research",,,
7,"walk","right","soft",1162.11,1162.735,1161.825,1162.42,4049.735,4050.36,4049.45,4050.045,1.2769,63.2875,0.805,0.87,0.735,0.825,0.445,0.45,0.515,0.455,182.7583,195.3079,133.1494,117.7907,62.8906,66.4122,59.3939,64.4531,,,,,,,-0.335,-26.2359,-0.31,-24.278,0.285,22.3201,0.315,24.6696,81.8643,74.3773,64.9428,60.7268,11.5139,13.1148,10.5332,13.1713,35.9729,34.1956,35.0098,31.2568,-45.8914,-40.1816,-29.933,-29.47,2.4784,9.3266,6.8468,9.4259,-9.0355,-3.7882,-3.6864,-3.7454,,,0.6346,29.2168,-71.4302,-0.1083,0.339,8.3279,-0.2637,-18.1615,1.7478,,,,,,158.5882,40.6487,81.8271,,,,"Duque","","N/A","2008-01-01T00:00:00.000Z","Bay","Gelding","PRE horse (Pura Raza Espanola) - Andalusier","Dressage","","20260119T121135_logfile.itlog","2026-01-19T19:11:35.549Z","In hand","Research",,,
7,"walk","right","soft",1163.42,1164.035,1163.05,1163.7,4051.045,4051.66,4050.675,4051.325,1.2963,64.8162,0.84,0.845,0.81,0.865,0.505,0.43,0.49,0.455,177.4753,198.8064,130.1872,123.8566,63.7571,66.4047,62.3077,66.7954,,,,,,,-0.315,-24.3009,-0.28,-21.6008,0.37,28.5439,0.335,25.8438,78.2415,70.8905,65.6225,55.863,10.7201,14.7275,14.67,9.2587,35.2799,29.8253,31.4179,25.962,-42.9616,-41.0651,-34.2046,-29.901,1.7992,9.6964,6.632,7.8603,-8.9209,-5.0311,-8.0381,-1.3984,,,-0.1185,44.4107,59.4134,-0.2755,1.0613,7.8287,-0.3287,-29.2225,2.4463,,,,,,170.999,34.4805,96.3448,,,,"Duque","","N/A","2008-01-01T00:00:00.000Z","Bay","Gelding","PRE horse (Pura Raza Espanola) - Andalusier","Dressage","","20260119T121135_logfile.itlog","2026-01-19T19:11:35.549Z","In hand","Research",,,
7,"walk","right","soft",1164.71,1165.305,1164.35,1164.97,4052.335,4052.93,4051.975,4052.595,1.3062,64.6923,0.845,0.88,0.8,0.855,0.45,0.425,0.49,0.405,177.8971,192.3561,134.5072,136.0474,65.7588,66.5406,60.9524,65.5172,,,,,,,-0.315,-24.1148,-0.26,-19.9043,0.36,27.5598,0.335,25.6459,75.3036,73.5924,60.5871,57.3677,15.1183,11.549,16.6892,19.7914,32.832,33.2195,30.0191,28.1513,-42.4715,-40.3729,-30.568,-29.2164,2.993,8.0332,7.3844,11.7799,-12.1253,-3.5158,-9.3048,-8.0115,,,-0.4442,16.8112,70.485,-0.3831,1.0648,10.8335,-0.0498,-10.2772,-6.9435,,,,,,137.6369,35.7906,74.1123,,,,"Duque","","N/A","2008-01-01T00:00:00.000Z","Bay","Gelding","PRE horse (Pura Raza Espanola) - Andalusier","Dressage","","20260119T121135_logfile.itlog","2026-01-19T19:11:35.549Z","In hand","Research",,,
7,"walk","right","soft",1165.985,1166.645,1165.685,1166.32,4053.61,4054.27,4053.31,4053.945,1.2587,63.0738,0.805,0.805,0.77,0.795,0.43,0.46,0.535,0.495,173.6238,180.8893,121.5708,108.337,64.0159,64.6586,60.274,63.3466,,,,,,,-0.38,-30.1887,-0.335,-26.6137,0.3,23.8332,0.325,25.8193,82.1976,75.7282,63.5892,57.2084,10.4296,9.4568,19.6686,14.0507,34.2292,29.9859,33.398,28.7958,-47.9684,-45.7424,-30.1912,-28.4126,1.6112,6.2813,10.3212,12.2402,-8.8185,-3.1755,-9.3475,-1.8105,,,-0.3924,-7.3929,43.2053,-0.4593,13.3503,9.6261,-0.3425,-16.1545,14.5751,,,,,,128.9303,47.6645,89.7285,,,,"Duque","","N/A","2008-01-01T00:00:00.000Z","Bay","Gelding","PRE horse (Pura Raza Espanola) - Andalusier","Dressage","","20260119T121135_logfile.itlog","2026-01-19T19:11:35.549Z","In hand","Research",,,
7,"walk","right","soft",1167.265,1167.87,1166.935,1167.54,4054.89,4055.495,4054.56,4055.165,1.2944,64.4889,0.84,0.875,0.765,0.86,0.475,0.42,0.48,0.425,186.0771,207.9915,137.4844,133.2233,65.1163,67.3077,59.8826,65.6489,,,,,,,-0.29,-22.4046,-0.275,-21.2458,0.33,25.4949,0.33,25.4949,75.162,74.766,64.3743,57.5601,12.4982,10.7599,11.9886,14.554,31.3977,33.0567,32.5285,28.283,-43.7643,-41.7093,-31.8459,-29.2771,1.5184,9.0222,6.5582,9.2803,-10.9798,-1.7378,-5.4304,-5.2737,,,-0.3507,-5.8658,32.9721,0.0398,-4.0574,7.3062,-0.168,-18.8421,-5.6986,,,,,,122.4659,45.6624,83.9359,,,,"Duque","","N/A","2008-01-01T00:00:00.000Z","Bay","Gelding","PRE horse (Pura Raza Espanola) - Andalusier","Dressage","","20260119T121135_logfile.itlog","2026-01-19T19:11:35.549Z","In hand","Research",,,
7,"walk","right","soft",1168.53,1169.175,1168.245,1168.875,4056.155,4056.8,4055.87,4056.5,1.2894,64.0774,0.835,0.87,0.765,0.835,0.425,0.43,0.545,0.475,186.4873,198.0613,118.4571,116.34,64.6035,67.1815,59.4175,65.1072,,,,,,,-0.375,-29.0839,-0.345,-26.7571,0.285,22.1037,0.3,23.2671,78.9744,71.0758,60.4787,55.9401,11.2754,12.1063,16.7109,12.7492,32.3298,31.3088,28.8561,27.8141,-46.6446,-39.7671,-31.6226,-28.1261,2.3072,8.9967,8.8177,9.3727,-8.9681,-3.1096,-7.8932,-3.3765,,,-0.0681,34.1452,41.3917,-0.17,0.2232,-0.4413,-0.2111,-18.2815,-1.3606,,,,,,148.0075,37.4574,82.6914,,,,"Duque","","N/A","2008-01-01T00:00:00.000Z","Bay","Gelding","PRE horse (Pura Raza Espanola) - Andalusier","Dressage","","20260119T121135_logfile.itlog","2026-01-19T19:11:35.549Z","In hand","Research",,,
7,"walk","right","soft",1169.855,1170.465,1169.51,1170.13,4057.48,4058.09,4057.135,4057.755,1.2512,63.5523,0.81,0.815,0.76,0.795,0.49,0.42,0.5,0.42,176.0756,187.363,123.5979,125.3348,64.1584,66.2602,60.3175,63.4731,,,,,,,-0.335,-26.7732,-0.275,-21.978,0.345,27.5724,0.335,26.7732,75.2552,74.4195,62.6749,58.4865,14.9097,13.0212,17.2982,17.4029,34.0475,35.8974,31.1085,29.9006,-41.2077,-38.5221,-31.5664,-28.586,3.3683,8.6258,8.9463,11.3106,-11.5414,-4.3954,-8.3519,-6.0923,,,-0.0923,42.2396,52.6297,-0.08,-5.5332,11.6912,-0.2133,-26.118,-10.8243,,,,,,163.6022,37.4496,82.531,,,,"Duque","","N/A","2008-01-01T00:00:00.000Z","Bay","Gelding","PRE horse (Pura Raza Espanola) - Andalusier","Dressage","","20260119T121135_logfile.itlog","2026-01-19T19:11:35.549Z","In hand","Research",,,
7,"walk","right","soft",1171.08,1171.69,1170.77,1171.42,4058.705,4059.315,4058.395,4059.045,1.2838,64.5372,0.855,0.905,0.755,0.8,0.415,0.41,0.5,0.495,182.9166,204.2165,130.5148,115.1648,67.4556,69.3487,59.4488,61.8956,,,,,,,-0.305,-23.7585,-0.34,-26.4849,0.31,24.148,0.27,21.0321,69.451,66.981,62.1845,54.1456,12.1278,12.0318,17.838,13.4728,27.9179,28.6272,30.4001,28.7251,-41.5331,-38.3538,-31.7844,-25.4205,0.7621,9.0897,10.1942,10.5168,-11.3657,-2.9421,-7.6438,-2.9561,,,-0.1184,54.2404,67.8061,-0.1925,5.1046,5.5555,-0.2941,-23.7466,2.9076,,,,,,182.0363,38.2264,90.6325,,,,"Duque","","N/A","2008-01-01T00:00:00.000Z","Bay","Gelding","PRE horse (Pura Raza Espanola) - Andalusier","Dressage","","20260119T121135_logfile.itlog","2026-01-19T19:11:35.549Z","In hand","Research",,,
7,"walk","right","soft",1172.345,1172.985,1172.055,1172.71,4059.97,4060.61,4059.68,4060.335,1.2787,65.2192,0.88,0.88,0.77,0.805,0.41,0.39,0.53,0.49,178.6937,188.4652,120.1753,108.1516,67.9537,69.9801,59.8058,63.1373,,,,,,,-0.365,-28.5435,-0.365,-28.5435,0.29,22.6784,0.275,21.5054,74.766,71.094,59.7316,53.5894,13.0474,12.6548,15.1306,14.0738,33.1682,30.934,29.8497,27.0394,-41.5977,-40.1599,-29.8819,-26.5501,3.287,8.166,7.8983,9.2621,-9.7603,-4.4889,-7.2323,-4.8117,,,-0.817,2.9582,,-0.5946,10.6137,6.9661,-0.2795,-25.8466,-4.0346,,,,,,140.3296,37.5126,82.0784,,,,"Duque","","N/A","2008-01-01T00:00:00.000Z","Bay","Gelding","PRE horse (Pura Raza Espanola) - Andalusier","Dressage","","20260119T121135_logfile.itlog","2026-01-19T19:11:35.549Z","In hand","Research",,,
7,"walk","right","soft",1173.645,1174.23,1173.33,1173.965,4061.27,4061.855,4060.955,4061.59,1.2694,64.5983,0.805,0.87,0.77,0.835,0.42,0.365,0.505,0.45,181.2095,213.4913,122.235,116.6757,64.6586,68.3694,60.5108,64.8544,,,,,,,-0.345,-27.1787,-0.32,-25.2093,0.315,24.8154,0.265,20.8764,79.359,77.1338,59.0991,51.502,11.9859,14.3211,24.2135,17.5185,35.3315,34.1555,27.3224,24.0304,-44.0275,-42.9783,-31.7767,-27.4716,2.0155,11.3141,12.1748,11.5634,-9.9704,-3.007,-12.0386,-5.955,,,-0.2289,15.7736,40.3766,-0.4536,7.0056,5.1193,-0.3979,-33.8184,-0.1414,,,,,,123.2552,49.914,88.8692,,,,"Duque","","N/A","2008-01-01T00:00:00.000Z","Bay","Gelding","PRE horse (Pura Raza Espanola) - Andalusier","Dressage","","20260119T121135_logfile.itlog","2026-01-19T19:11:35.549Z","In hand","Research",,,
7,"walk","right","soft",1174.91,1175.54,1174.6,1175.255,4062.535,4063.165,4062.225,4062.88,1.2725,64.1378,0.85,0.83,0.79,0.795,0.46,0.44,0.5,0.455,177.1913,196.3131,125.9306,105.6126,65.6371,65.098,61.9608,63.8554,,,,,,,-0.37,-29.0766,-0.345,-27.112,0.31,24.3615,0.285,22.3969,76.6812,72.6913,60.0204,58.4368,12.3593,12.5754,17.0732,14.7929,31.9899,30.9188,29.0175,30.4131,-44.6913,-41.7726,-31.0029,-28.0236,2.0118,8.6164,10.8302,11.2505,-10.3476,-3.959,-6.243,-3.5423,,,-0.4864,-3.0586,50.5198,-0.0143,-8.6253,8.6088,-0.2031,-23.8652,-9.8316,,,,,,130.9389,50.5274,78.934,,,,"Duque","","N/A","2008-01-01T00:00:00.000Z","Bay","Gelding","PRE horse (Pura Raza Espanola) - Andalusier","Dressage","","20260119T121135_logfile.itlog","2026-01-19T19:11:35.549Z","In hand","Research",,,
7,"walk","right","soft",1176.19,1176.82,1175.86,1176.495,4063.815,4064.445,4063.485,4064.12,1.2681,63.6726,0.795,0.85,0.775,0.81,0.43,0.45,0.47,0.445,188.3824,186.6799,128.4429,124.4598,63.2207,66.6667,61.0236,63.7795,,,,,,,-0.32,-25.2341,-0.305,-24.0513,0.33,26.0227,0.325,25.6284,74.9114,72.0828,67.4433,58.2367,10.4285,15.5892,18.7304,18.0554,32.3584,33.6464,32.9373,27.6228,-42.553,-38.4364,-34.5061,-30.6139,1.1125,10.3847,11.4157,13.249,-9.3159,-5.2045,-7.3147,-4.8064,,,-0.1307,36.7908,53.904,-0.4402,9.7798,13.63,-0.412,-39.0126,0.0829,,,,,,171.8913,46.5517,107.44,,,,"Duque","","N/A","2008-01-01T00:00:00.000Z","Bay","Gelding","PRE horse (Pura Raza Espanola) - Andalusier","Dressage","","20260119T121135_logfile.itlog","2026-01-19T19:11:35.549Z","In hand","Research",,,
7,"walk","right","soft",1177.48,1178.07,1177.155,1177.78,4065.105,4065.695,4064.78,4065.405,1.2625,62.9187,0.8,0.84,0.76,0.775,0.495,0.4,0.52,0.475,159.8091,198.6198,131.7678,116.5379,63.6183,68.0162,59.375,60.6654,,,,,,,-0.335,-26.5347,-0.3,-23.7624,0.325,25.7426,0.29,22.9703,70.5295,76.6191,62.826,54.4012,9.8696,15.2564,13.2889,23.4347,30.8564,38.3569,30.013,25.8153,-39.6731,-38.2622,-32.813,-28.5859,0.4028,10.3589,7.5716,15.2141,-9.4668,-4.8975,-5.7173,-8.2206,,,0.0797,71.4537,62.1665,-0.5131,15.4892,7.2986,-0.1944,-18.9648,0.5921,,,,,,178.6464,50.9602,100.6272,,,,"Duque","","N/A","2008-01-01T00:00:00.000Z","Bay","Gelding","PRE horse (Pura Raza Espanola) - Andalusier","Dressage","","20260119T121135_logfile.itlog","2026-01-19T19:11:35.549Z","In hand","Research",,,
7,"walk","right","soft",1178.7,1179.3,1178.435,1179.085,4066.325,4066.925,4066.06,4066.71,1.2563,60.9221,0.815,0.82,0.715,0.71,0.42,0.39,0.52,0.53,166.8405,214.4375,117.5425,105.7071,65.5936,65.2087,57.2,55.6863,,,,,,,-0.365,-29.0547,-0.385,-30.6468,0.265,21.0945,0.215,17.1144,79.7462,65.4244,63.7397,55.604,9.6624,9.4528,11.5796,25.1627,36.4734,23.1259,31.3404,31.1216,-43.2729,-42.2985,-32.3993,-24.4823,2.6726,8.1986,6.3371,14.7235,-6.9898,-1.2543,-5.2425,-10.4392,,,0.2468,64.9935,35.0762,-0.569,17.7786,11.2682,-0.3226,-32.0604,-1.0469,,,,,,156.3119,58.7614,98.8892,,,,"Duque","","N/A","2008-01-01T00:00:00.000Z","Bay","Gelding","PRE horse (Pura Raza Espanola) - Andalusier","Dressage","","20260119T121135_logfile.itlog","2026-01-19T19:11:35.549Z","In hand","Research",,,
7,"walk","right","soft",1179.95,1180.605,1179.7,1180.395,4067.575,4068.23,4067.325,4068.02,1.24,60.7387,0.835,0.77,0.715,0.695,0.435,0.485,0.55,0.6,187.8074,181.0673,118.0919,100.3197,66.0079,61.8474,57.6613,57.438,,,,,,,-0.4,-32.2581,-0.445,-35.8871,0.25,20.1613,0.21,16.9355,77.9667,71.6499,62.8903,54.4752,11.0191,9.4139,16.5497,15.3115,34.8399,32.0626,34.1046,31.3502,-43.1268,-39.5873,-28.7858,-23.125,1.209,8.335,9.8238,9.5661,-9.8101,-1.0789,-6.7259,-5.7454,,,0.3661,25.3113,-20.9426,-0.4895,10.1203,19.0511,-0.2946,-30.6115,-2.2291,,,,,,126.3444,55.2618,98.5557,,,,"Duque","","N/A","2008-01-01T00:00:00.000Z","Bay","Gelding","PRE horse (Pura Raza Espanola) - Andalusier","Dressage","","20260119T121135_logfile.itlog","2026-01-19T19:11:35.549Z","In hand","Research",,,
7,"walk","right","soft",1181.21,1181.84,1180.915,1181.52,4068.835,4069.465,4068.54,4069.145,1.2875,64.9254,0.85,0.855,0.765,0.875,0.425,0.465,0.5,0.43,182.4462,177.882,126.087,124.2574,66.7976,65.019,60.835,67.0498,,,,,,,-0.31,-24.0777,-0.31,-24.0777,0.295,22.9126,0.32,24.8544,76.8058,70.7477,63.0827,53.5163,9.2436,8.6841,14.1843,15.7341,35.7233,28.8849,30.9002,24.2533,-41.0825,-41.8629,-32.1825,-29.2629,2.1174,8.1962,7.2505,11.3308,-7.1262,-0.488,-6.9338,-4.4033,,,-0.1302,30.7934,44.5943,0.1332,-5.6896,0.215,-0.3818,-30.6097,1.5257,,,,,,136.7608,45.4038,84.4675,,,,"Duque","","N/A","2008-01-01T00:00:00.000Z","Bay","Gelding","PRE horse (Pura Raza Espanola) - Andalusier","Dressage","","20260119T121135_logfile.itlog","2026-01-19T19:11:35.549Z","In hand","Research",,,
7,"walk","right","soft",1182.48,1183.15,1182.165,1182.825,4070.105,4070.775,4069.79,4070.45,1.3063,64.3239,0.86,0.85,0.805,0.845,0.42,0.455,0.485,0.43,179.1811,184.4511,126.8294,122.4498,65.9004,65.0096,60.7547,65.6311,,,,,,,-0.325,-24.8804,-0.345,-26.4115,0.315,24.1148,0.325,24.8804,77.562,78.0374,62.0471,59.1507,12.455,11.6118,14.3203,18.1823,33.2747,33.9995,30.5361,30.9229,-44.2873,-44.0379,-31.511,-28.2278,1.7597,9.1161,8.118,11.9949,-10.6953,-2.4958,-6.2023,-6.1874,,,0.3236,74.7442,37.6979,0.2791,-9.9481,0.8305,-0.0532,-13.3484,-10.127,,,,,,174.0887,44.1555,70.6875,,,,"Duque","","N/A","2008-01-01T00:00:00.000Z","Bay","Gelding","PRE horse (Pura Raza Espanola) - Andalusier","Dressage","","20260119T121135_logfile.itlog","2026-01-19T19:11:35.549Z","In hand","Research",,,
7,"walk","right","soft",1183.81,1184.46,1183.525,1184.125,4071.435,4072.085,4071.15,4071.75,1.2719,63.4744,0.855,0.82,0.73,0.825,0.47,0.46,0.555,0.455,171.9647,194.4667,114.768,122.0019,66.2791,64.9505,57.7075,64.9606,,,,,,,-0.375,-29.484,-0.315,-24.7666,0.285,22.4079,0.335,26.3391,77.1278,75.5768,61.5955,56.4107,13.777,10.9637,13.8389,14.5003,33.3051,36.9926,31.0843,29.0789,-43.8227,-38.5842,-30.5112,-27.3318,3.5891,7.406,7.3093,9.6623,-10.1879,-3.5576,-6.5295,-4.838,,,0.1565,5.0339,-10.6653,0.2722,-8.0468,0.2767,-0.2003,-17.9715,-2.5255,,,,,,140.1403,40.0255,88.5774,,,,"Duque","","N/A","2008-01-01T00:00:00.000Z","Bay","Gelding","PRE horse (Pura Raza Espanola) - Andalusier","Dressage","","20260119T121135_logfile.itlog","2026-01-19T19:11:35.549Z","In hand","Research",,,
7,"walk","right","soft",1185.065,1185.705,1184.77,1185.385,4072.69,4073.33,4072.395,4073.01,1.2719,64.1077,0.845,0.84,0.75,0.825,0.4,0.425,0.515,0.435,190.7353,194.5731,121.3187,124.7672,66.2745,66.7992,58.1395,65.2174,,,,,,,-0.31,-24.3735,-0.32,-25.1597,0.295,23.1941,0.32,25.1597,80.5922,73.4431,62.2619,56.3146,10.8071,14.0829,9.4094,13.5136,34.43,31.8249,28.4785,26.7903,-46.1621,-41.6182,-33.7834,-29.5244,1.9169,10.5235,5.2262,9.8091,-8.8902,-3.5594,-4.1831,-3.7046,,,0.1038,25.0434,15.6036,0.0589,-6.1107,1.913,-0.0976,-18.4006,-10.4827,,,,,,140.8336,35.5756,93.7804,,,,"Duque","","N/A","2008-01-01T00:00:00.000Z","Bay","Gelding","PRE horse (Pura Raza Espanola) - Andalusier","Dressage","","20260119T121135_logfile.itlog","2026-01-19T19:11:35.549Z","In hand","Research",,,
7,"walk","right","soft",1186.37,1186.955,1186.085,1186.655,4073.995,4074.58,4073.71,4074.28,1.2563,62.9364,0.805,0.87,0.69,0.8,0.46,0.41,0.565,0.445,175.2317,203.0009,116.0575,119.5461,63.7624,67.9688,55.7576,64.257,,,,,,,-0.38,-30.2488,-0.285,-22.6866,0.285,22.6866,0.3,23.8806,75.7158,71.6624,62.2482,58.7437,12.9337,13.3834,15.1099,15.8233,33.563,32.7832,32.847,30.0418,-42.1527,-38.8793,-29.4012,-28.7019,1.6992,9.8236,9.2543,10.7962,-11.2345,-3.5598,-5.8556,-5.0271,,,0.5376,20.1777,-60.2397,-0.3017,9.0474,2.3793,-0.0833,-15.829,-8.7937,,,,,,149.5899,38.8021,93.2813,,,,"Duque","","N/A","2008-01-01T00:00:00.000Z","Bay","Gelding","PRE horse (Pura Raza Espanola) - Andalusier","Dressage","","20260119T121135_logfile.itlog","2026-01-19T19:11:35.549Z","In hand","Research",,,
7,"walk","right","soft",1187.63,1188.235,1187.305,1187.9,4075.255,4075.86,4074.93,4075.525,1.23,62.861,0.78,0.77,0.74,0.8,0.455,0.41,0.53,0.445,171.3047,192.7286,123.1032,129.7405,63.5438,65.1163,58.2677,64.5161,,,,,,,-0.35,-28.4553,-0.27,-21.9512,0.325,26.4228,0.335,27.2358,83.8,81.6322,61.0152,60.6469,13.2215,11.9214,15.0507,18.2845,37.8409,35.5618,29.5019,29.3186,-45.959,-46.0704,-31.5133,-31.3282,1.4089,7.9808,6.2367,12.7533,-11.8126,-3.9406,-8.814,-5.5312,,,-0.0818,38.6285,48.4789,-0.5638,13.0614,8.0201,-0.2434,-25.3672,-2.9727,,,,,,158.9832,39.2124,102.6149,,,,"Duque","","N/A","2008-01-01T00:00:00.000Z","Bay","Gelding","PRE horse (Pura Raza Espanola) - Andalusier","Dressage","","20260119T121135_logfile.itlog","2026-01-19T19:11:35.549Z","In hand","Research",,,
8,"trot","right","hard",1191.6,1191.22,1191.21,1191.615,4079.225,4078.845,4078.835,4079.24,0.7913,50.2234,0.42,0.405,0.395,0.37,0.38,0.4,0.37,0.405,263.0918,268.0586,191.0955,165.9541,52.9968,50.1548,50,47.7419,,,0,0,0.005,0.6319,0.01,1.2638,-0.015,-1.8957,,,,,82.9875,83.7738,58.4206,50.7966,36.5684,21.3855,17.851,16.5541,26.7368,28.7561,32.1228,26.9884,-56.2508,-55.0177,-26.2978,-23.8082,5.6667,15.9953,9.0372,8.4675,-30.9017,-5.3902,-8.8138,-8.0866,,,0.216,7.3581,-17.5619,0.2652,9.7301,7.99,0.0588,12.762,-9.2915,,,,,,92.2119,86.5903,92.6532,,,,"Duque","","N/A","2008-01-01T00:00:00.000Z","Bay","Gelding","PRE horse (Pura Raza Espanola) - Andalusier","Dressage","","20260119T121135_logfile.itlog","2026-01-19T19:11:35.549Z","In hand","Research",,,
8,"trot","right","hard",1192.385,1192.03,1192.025,1192.39,4080.01,4079.655,4079.65,4080.015,0.7956,49.508,0.425,0.39,0.375,0.385,0.365,0.405,0.42,0.405,268.877,271.5934,170.7427,157.6065,53.7975,49.3671,46.4396,48.4277,,,0,0,0.005,0.6284,0.005,0.6284,-0.005,-0.6284,,,,,78.6234,80.5793,57.4766,42.1741,37.1829,19.324,16.1688,18.4461,23.2282,28.5494,33.9804,17.0254,-55.3952,-52.0299,-23.4962,-25.1487,4.8084,14.4875,8.3404,10.384,-32.3745,-4.8365,-7.8284,-8.0621,,,0.5762,-4.2494,40.5345,0.1907,9.1807,9.4702,-0.2954,-16.2571,-10.2387,,,,,,83.5912,92.0459,93.0144,,,,"Duque","","N/A","2008-01-01T00:00:00.000Z","Bay","Gelding","PRE horse (Pura Raza Espanola) - Andalusier","Dressage","","20260119T121135_logfile.itlog","2026-01-19T19:11:35.549Z","In hand","Research",,,
8,"trot","right","hard",1193.175,1192.815,1192.845,1193.19,4080.8,4080.44,4080.47,4080.815,0.7925,48.277,0.415,0.395,0.35,0.37,0.365,0.395,0.445,0.415,260.1044,265.7993,166.1719,138.67,52.6984,50,44.3038,46.1059,,,0,0,0.015,1.8927,-0.03,-3.7855,-0.015,-1.8927,,,,,72.5858,79.7347,57.3965,43.97,37.4123,17.6959,17.9939,21.4367,20.1536,28.4416,39.71,21.9512,-52.4321,-51.2931,-17.6865,-22.0188,4.1459,13.7526,11.8838,13.4455,-33.2664,-3.9434,-6.1101,-7.9912,,,0.2032,-12.8122,38.1543,0.1552,9.9331,7.3391,-0.1779,-5.9118,-12.7964,,,,,,83.5885,88.1583,89.7241,,,,"Duque","","N/A","2008-01-01T00:00:00.000Z","Bay","Gelding","PRE horse (Pura Raza Espanola) - Andalusier","Dressage","","20260119T121135_logfile.itlog","2026-01-19T19:11:35.549Z","In hand","Research",,,
8,"trot","right","hard",1193.97,1193.605,1193.63,1194.01,4081.595,4081.23,4081.255,4081.635,0.7619,46.6121,0.385,0.375,0.335,0.325,0.38,0.395,0.435,0.45,244.0267,262.9291,171.0922,148.8233,50.9934,49.1803,43.7908,42.4837,,,0,0,0.005,0.6563,-0.025,-3.2814,-0.04,-5.2502,,,,,76.6346,78.3103,56.6902,40.0439,33.3649,19.1636,17.5249,15.9305,26.2349,28.2579,36.9614,25.0906,-50.3998,-50.0523,-19.7288,-14.9533,6.0583,13.5829,10.904,11.2281,-27.3067,-5.5807,-6.6209,-4.7024,,,0.1161,-15.9831,19.8033,-0.0988,0.3813,1.0455,-0.0626,2.5055,-4.5299,,,,,,74.2405,76.4203,80.8753,,,,"Duque","","N/A","2008-01-01T00:00:00.000Z","Bay","Gelding","PRE horse (Pura Raza Espanola) - Andalusier","Dressage","","20260119T121135_logfile.itlog","2026-01-19T19:11:35.549Z","In hand","Research",,,
8,"trot","right","hard",1194.715,1194.36,1194.39,1194.765,4082.34,4081.985,4082.015,4082.39,0.77,49.4506,0.445,0.41,0.34,0.33,0.36,0.38,0.425,0.43,248.3315,271.74,169.4466,147.6871,56.5079,53.4202,44.7368,43.1373,,,0,0,0,0,-0.03,-3.8961,-0.05,-6.4935,,,,,81.0879,75.8355,52.8802,43.1518,23.7813,18.7238,17.8165,16.7527,26.3546,28.2882,33.421,28.1105,-54.7333,-47.5473,-19.4592,-15.0414,2.8232,14.1336,11.0091,11.6761,-20.9581,-4.5902,-6.8074,-5.0766,,,0.0385,-12.326,20.6962,0.0333,4.9438,-7.786,0.0241,5.4545,-8.7424,,,,,,74.244,75.9096,80.8451,,,,"Duque","","N/A","2008-01-01T00:00:00.000Z","Bay","Gelding","PRE horse (Pura Raza Espanola) - Andalusier","Dressage","","20260119T121135_logfile.itlog","2026-01-19T19:11:35.549Z","In hand","Research",,,
8,"trot","right","hard",1195.485,1195.105,1195.145,1195.535,4083.11,4082.73,4082.77,4083.16,0.7844,50.6618,0.45,0.44,0.36,0.34,0.325,0.335,0.415,0.44,265.7847,273.5814,160.1261,135.0756,57.3248,55.6962,46.4516,43.1746,,,0,0,0,0,-0.04,-5.0996,-0.05,-6.3745,,,,,81.5478,77.7736,54.3008,43.867,25.545,16.5663,17.4774,17.7761,28.2886,28.4568,35.7772,29.4596,-53.2592,-49.3167,-18.5236,-14.4074,0.9678,13.3804,11.6144,12.8356,-24.5772,-3.186,-5.863,-4.9405,,,0.4511,6.1281,19.7259,0.0398,-0.6434,1.0384,-0.1911,-0.0759,-7.4686,,,,,,59.1869,75.3465,82.4545,,,,"Duque","","N/A","2008-01-01T00:00:00.000Z","Bay","Gelding","PRE horse (Pura Raza Espanola) - Andalusier","Dressage","","20260119T121135_logfile.itlog","2026-01-19T19:11:35.549Z","In hand","Research",,,
8,"trot","right","hard",1196.28,1195.91,1195.92,1196.33,4083.905,4083.535,4083.545,4083.955,0.77,48.7529,0.405,0.385,0.375,0.335,0.345,0.365,0.415,0.455,257.8489,262.9068,156.0477,136.3948,53.2895,50.1629,49.0196,42.5397,,,0,0,0,0,-0.01,-1.2987,-0.05,-6.4935,,,,,83.1991,78.627,57.3862,47.1709,36.604,20.9071,22.7718,18.5816,27.1426,29.1898,36.42,31.6465,-56.0565,-49.4371,-20.9662,-15.5244,5.3471,15.8386,14.9093,13.0023,-31.2569,-5.0684,-7.8625,-5.5792,,,0.2679,7.0635,9.9911,0.0735,8.3406,0.7085,-0.1343,0.5461,-11.1518,,,,,,64.7404,80.3951,85.7533,,,,"Duque","","N/A","2008-01-01T00:00:00.000Z","Bay","Gelding","PRE horse (Pura Raza Espanola) - Andalusier","Dressage","","20260119T121135_logfile.itlog","2026-01-19T19:11:35.549Z","In hand","Research",,,
8,"trot","right","hard",1197.05,1196.695,1196.66,1197.115,4084.675,4084.32,4084.285,4084.74,0.7825,48.8583,0.41,0.39,0.405,0.325,0.365,0.4,0.365,0.45,271.9386,254.5923,188.0787,141.3626,53.0744,49.8403,50.3106,42.2078,,,0,0,0.01,1.278,0.035,4.4728,-0.065,-8.3067,,,,,81.8029,76.9986,54.1781,45.9628,33.7645,16.8775,20.8925,19.7482,27.1731,27.5004,28.3128,29.5785,-54.6298,-49.4982,-25.8652,-16.3843,5.8053,12.0608,11.3489,13.1423,-27.9593,-4.8167,-9.5435,-6.6059,,,0.0858,-18.8154,17.926,0.0533,8.7796,-5.2268,-0.0441,4.583,-9.8597,,,,,,78.5346,82.1903,85.7709,,,,"Duque","","N/A","2008-01-01T00:00:00.000Z","Bay","Gelding","PRE horse (Pura Raza Espanola) - Andalusier","Dressage","","20260119T121135_logfile.itlog","2026-01-19T19:11:35.549Z","In hand","Research",,,
8,"trot","right","hard",1197.82,1197.47,1197.5,1197.88,4085.445,4085.095,4085.125,4085.505,0.78,47.89,0.42,0.39,0.345,0.34,0.36,0.385,0.435,0.44,264.6954,253.5912,159.5622,133.4825,52.6646,50.6494,44.5161,43.7299,,,0,0,0,0,-0.03,-3.8462,-0.06,-7.6923,,,,,81.5559,77.7628,52.2795,50.7616,28.7718,14.9689,20.5668,15.9529,28.6515,28.1845,33.1519,33.1647,-52.9044,-49.5783,-19.1276,-17.5969,2.5242,13.2126,14.6402,11.3617,-26.2476,-1.7563,-5.9267,-4.5911,,,0.2997,-16.0979,29.3949,0.1276,8.8121,1.1263,-0.1254,1.1616,-10.4174,,,,,,86.299,74.9484,82.6794,,,,"Duque","","N/A","2008-01-01T00:00:00.000Z","Bay","Gelding","PRE horse (Pura Raza Espanola) - Andalusier","Dressage","","20260119T121135_logfile.itlog","2026-01-19T19:11:35.549Z","In hand","Research",,,
8,"trot","right","hard",1198.635,1198.235,1198.27,1198.655,4086.26,4085.86,4085.895,4086.28,0.7819,47.4693,0.385,0.4,0.36,0.34,0.395,0.375,0.425,0.435,248.9415,262.1239,148.9191,137.7318,49.0446,50.9554,46.0064,43.871,,,0,0,0.01,1.279,-0.035,-4.4764,-0.02,-2.558,,,,,80.7285,78.0023,57.0549,56.4275,21.5969,17.1106,22.657,16.3979,27.7851,29.6034,37.4202,40.037,-52.9434,-48.3989,-19.6347,-16.3904,2.0916,13.9781,16.0575,12.6711,-19.5053,-3.1325,-6.5996,-3.7268,,,0.3158,18.5676,23.7343,0.1038,10.0853,0.0853,0.0095,1.0677,-7.4102,,,,,,87.9777,73.6432,86.2628,,,,"Duque","","N/A","2008-01-01T00:00:00.000Z","Bay","Gelding","PRE horse (Pura Raza Espanola) - Andalusier","Dressage","","20260119T121135_logfile.itlog","2026-01-19T19:11:35.549Z","In hand","Research",,,
8,"trot","right","hard",1199.425,1199.03,1199.05,1199.43,4087.05,4086.655,4086.675,4087.055,0.7813,47.0478,0.39,0.385,0.345,0.35,0.405,0.395,0.42,0.435,224.4276,251.4652,166.4242,142.6942,50.3226,49.0446,44.6602,44.164,,,0.01,1.28,0.005,0.64,-0.02,-2.56,-0.005,-0.64,,,,,84.4799,85.3344,55.4237,60.4313,29.7038,12.9299,15.959,16.4443,30.1501,31.0146,36.9853,39.2767,-54.3298,-54.3198,-18.4384,-21.1547,5.5809,10.5684,11.0015,10.6647,-24.1228,-2.3615,-4.9575,-5.7796,,,0.0746,12.8651,-5.9895,0.0903,14.2933,-10.0731,0.0609,10.3336,2.0853,,,,,,67.7027,87.6794,92.5848,,,,"Duque","","N/A","2008-01-01T00:00:00.000Z","Bay","Gelding","PRE horse (Pura Raza Espanola) - Andalusier","Dressage","","20260119T121135_logfile.itlog","2026-01-19T19:11:35.549Z","In hand","Research",,,
8,"trot","right","hard",1200.18,1199.82,1199.83,1200.23,4087.805,4087.445,4087.455,4087.855,0.7856,48.3789,0.42,0.39,0.365,0.345,0.365,0.405,0.435,0.45,268.2823,272.8707,154.9749,143.5224,53.6741,49.8403,45.9119,44.0895,,,0,0,0,0,-0.01,-1.2729,-0.05,-6.3644,,,,,82.5955,85.1383,56.4041,58.9028,33.3582,14.3821,17.932,13.3802,27.8474,32.4701,34.8651,37.9406,-54.7481,-52.6682,-21.539,-20.9622,5.6313,11.4041,11.5144,8.9031,-27.7269,-2.978,-6.4176,-4.4772,,,0.0594,2.6304,-5.4538,-0.0192,6.7053,-5.0534,-0.0116,12.0337,-10.4905,,,,,,60.9581,84.351,95.0982,,,,"Duque","","N/A","2008-01-01T00:00:00.000Z","Bay","Gelding","PRE horse (Pura Raza Espanola) - Andalusier","Dressage","","20260119T121135_logfile.itlog","2026-01-19T19:11:35.549Z","In hand","Research",,,
8,"trot","right","hard",1200.96,1200.59,1200.62,1201,4088.585,4088.215,4088.245,4088.625,0.785,49.7795,0.43,0.425,0.355,0.355,0.36,0.38,0.425,0.425,263.3017,281.1719,165.0174,142.4626,54.2587,52.795,45.6592,46.4052,,,0,0,0.005,0.6369,-0.03,-3.8217,-0.04,-5.0955,,,,,81.8622,80.9179,54.7321,59.4705,28.9072,17.3442,20.8117,11.9431,27.5476,30.7138,33.4588,36.8863,-54.3146,-50.2042,-21.2733,-22.5841,5.484,14.882,13.9,10.7136,-23.4233,-2.4622,-6.9118,-1.2295,,,-0.2276,-9.3224,0.2008,0.1716,13.0559,-2.1571,-0.1375,0.7086,-15.3734,,,,,,60.9656,74.189,86.0303,,,,"Duque","","N/A","2008-01-01T00:00:00.000Z","Bay","Gelding","PRE horse (Pura Raza Espanola) - Andalusier","Dressage","","20260119T121135_logfile.itlog","2026-01-19T19:11:35.549Z","In hand","Research",,,
8,"trot","right","hard",1201.755,1201.395,1201.395,1201.75,4089.38,4089.02,4089.02,4089.375,0.7862,49.1548,0.405,0.385,0.365,0.39,0.365,0.38,0.42,0.395,252.9303,257.3816,159.1911,150.2355,52.4272,49.8382,46.0568,48.2972,,,0,0,0.015,1.9078,0,0,0.005,0.6359,,,,,84.4623,83.9084,55.5074,56.0873,33.2346,11.6288,19.1868,17.9605,27.9839,32.2932,33.9959,30.4629,-56.4785,-51.6152,-21.5115,-25.6243,6.8336,9.6686,12.291,10.5833,-26.401,-1.9602,-6.8958,-7.3772,,,-0.2043,-7.7216,-8.4163,0.1921,15.2752,-0.9929,-0.1643,-2.5655,-11.7111,,,,,,64.6265,76.5107,81.7528,,,,"Duque","","N/A","2008-01-01T00:00:00.000Z","Bay","Gelding","PRE horse (Pura Raza Espanola) - Andalusier","Dressage","","20260119T121135_logfile.itlog","2026-01-19T19:11:35.549Z","In hand","Research",,,
8,"trot","right","hard",1202.53,1202.175,1202.195,1202.58,4090.155,4089.8,4089.82,4090.205,0.8038,47.4821,0.43,0.4,0.35,0.345,0.37,0.395,0.435,0.44,265.595,266.3875,155.0643,139.9411,53.5826,50.1567,44.8718,41.3174,,,0,0,0.01,1.2442,-0.02,-2.4883,-0.05,-6.2208,,,,,85.604,82.2734,55.1678,56.3007,38.5397,22.2718,19.9067,21.2567,30.3793,34.6672,36.9187,37.1013,-55.2247,-47.6062,-18.2491,-19.1994,5.3388,16.5675,15.6067,9.7481,-33.2009,-5.7043,-4.3,-11.5087,,,0.4659,-1.1817,11.5843,0.1652,8.6968,-1.4953,-0.2293,-7.2664,-8.3669,,,,,,92.5005,84.4425,90.9902,,,,"Duque","","N/A","2008-01-01T00:00:00.000Z","Bay","Gelding","PRE horse (Pura Raza Espanola) - Andalusier","Dressage","","20260119T121135_logfile.itlog","2026-01-19T19:11:35.549Z","In hand","Research",,,
8,"trot","right","hard",1203.335,1202.975,1202.97,1203.465,4090.96,4090.6,4090.595,4091.09,0.7912,45.789,0.425,0.39,0.37,0.27,0.375,0.4,0.425,0.54,263.0083,256.1746,157.8862,139.9421,52.1472,48.9028,46.1059,36,,,0,0,0.02,2.5276,0.005,0.6319,-0.13,-16.4297,,,,,78.6068,82.0056,59.8913,56.3712,37.0904,17.2734,23.0398,15.1572,22.7684,29.4843,36.4544,44.8646,-55.8384,-52.5213,-23.437,-11.5066,6.6996,12.5297,14.0967,13.3574,-30.3908,-4.7437,-8.9431,-1.7998,,,0.4588,0.794,,-0.0955,-1.7972,-4.2719,0.0456,0.7534,-5.0502,,,,,,93.2588,88.7055,90.647,,,,"Duque","","N/A","2008-01-01T00:00:00.000Z","Bay","Gelding","PRE horse (Pura Raza Espanola) - Andalusier","Dressage","","20260119T121135_logfile.itlog","2026-01-19T19:11:35.549Z","In hand","Research",,,
8,"trot","right","hard",1204.165,1203.78,1203.78,1204.155,4091.79,4091.405,4091.405,4091.78,0.7944,47.8484,0.38,0.38,0.37,0.39,0.405,0.415,0.44,0.42,239.3797,249.8769,174.3966,155.2395,48.7179,47.7987,45.8204,49.0566,,,0,0,0.03,3.7766,0,0,0.01,1.2589,,,,,80.5356,83.6913,57.4576,52.8286,34.3448,19.9288,22.1033,16.7923,26.9156,31.3157,34.1515,26.1314,-53.62,-52.3756,-23.3061,-26.6972,5.8682,15.1641,14.845,8.635,-28.4766,-4.7647,-7.2584,-8.1573,,,0.2272,9.0776,10.9532,-0.0987,-0.277,-6.6408,0.0492,3.0627,4.5733,,,,,,87.9293,86.6937,86.2616,,,,"Duque","","N/A","2008-01-01T00:00:00.000Z","Bay","Gelding","PRE horse (Pura Raza Espanola) - Andalusier","Dressage","","20260119T121135_logfile.itlog","2026-01-19T19:11:35.549Z","In hand","Research",,,
8,"trot","right","hard",1204.94,1204.575,1204.585,1204.935,4092.565,4092.2,4092.21,4092.56,0.8,47.3457,0.41,0.37,0.345,0.39,0.395,0.415,0.435,0.39,245.4633,265.084,167.3699,158.9813,51.735,46.9841,44.373,46.2908,,,0,0,0.01,1.25,-0.01,-1.25,0.005,0.625,,,,,78.3718,83.1495,58.3068,47.6539,32.8767,20.2013,22.6444,25.323,23.7862,29.8497,34.6466,22.7037,-54.5856,-53.2998,-23.6602,-24.9502,5.935,14.0749,14.3173,12.9953,-26.9417,-6.1263,-8.3271,-12.3277,,,-0.4777,-33.0576,-4.427,0.0563,6.6424,-4.9606,-0.0174,-2.2487,-3.1428,,,,,,86.6794,85.4017,86.3867,,,,"Duque","","N/A","2008-01-01T00:00:00.000Z","Bay","Gelding","PRE horse (Pura Raza Espanola) - Andalusier","Dressage","","20260119T121135_logfile.itlog","2026-01-19T19:11:35.549Z","In hand","Research",,,
8,"trot","right","hard",1205.72,1205.365,1205.36,1205.84,4093.345,4092.99,4092.985,4093.465,0.7731,46.1998,0.415,0.38,0.37,0.27,0.37,0.42,0.43,0.515,253.5403,262.7042,171.144,136.822,52.3659,48.4076,46.395,37.6307,,,0,0,0,0,0.005,0.6467,-0.12,-15.5214,,,,,78.4794,81.8117,53.674,44.9479,45.1004,18.4292,23.9484,12.3194,22.6604,29.4738,30.8849,31.7231,-55.8191,-52.338,-22.7892,-13.2248,6.815,13.1078,14.9167,9.6841,-38.2855,-5.3214,-9.0317,-2.6353,,,-0.4367,-20.9445,-0.901,0.0738,14.0176,-5.7152,-0.0787,-5.5351,1.9986,,,,,,70.4856,,85.3664,,,,"Duque","","N/A","2008-01-01T00:00:00.000Z","Bay","Gelding","PRE horse (Pura Raza Espanola) - Andalusier","Dressage","","20260119T121135_logfile.itlog","2026-01-19T19:11:35.549Z","In hand","Research",,,
8,"trot","right","hard",1206.52,1206.135,1206.155,1206.49,4094.145,4093.76,4093.78,4094.115,0.7819,49.3971,0.39,0.395,0.36,0.4,0.385,0.39,0.425,0.38,271.1061,271.7784,160.6272,155.3054,50,50.4792,46.1538,50.9554,,,0,0,0.005,0.6395,-0.02,-2.558,0.03,3.8369,,,,,83.9841,82.2697,57.3227,43.662,30.2292,19.8036,25.0084,17.0426,26.4693,29.2844,33.4358,18.0566,-57.5148,-52.9852,-23.8869,-25.6053,4.7375,15.3142,15.9498,11.8449,-25.4917,-4.4894,-9.0586,-5.1976,,,-0.6495,-22.6821,-23.4012,0.0881,9.7676,-1.7061,-0.0241,8.7648,-9.3173,,,,,,91.8649,89.5972,85.0027,,,,"Duque","","N/A","2008-01-01T00:00:00.000Z","Bay","Gelding","PRE horse (Pura Raza Espanola) - Andalusier","Dressage","","20260119T121135_logfile.itlog","2026-01-19T19:11:35.549Z","In hand","Research",,,
8,"trot","right","hard",1207.305,1206.915,1206.93,1207.28,4094.93,4094.54,4094.555,4094.905,0.7725,47.9134,0.375,0.375,0.355,0.375,0.395,0.385,0.415,0.39,260.3895,275.3401,176.5526,160.3074,49.6689,48.7013,45.5128,47.7707,,,0,0,0.015,1.9417,-0.015,-1.9417,0.025,3.2362,,,,,76.7506,78.1456,60.1655,42.0262,36.1068,28.0883,18.2729,22.1827,24.8864,25.943,35.4657,19.3135,-51.8642,-52.2026,-24.6998,-22.7126,5.7803,18.8412,11.3636,13.535,-30.3265,-9.2471,-6.9092,-8.6477,,,-0.5148,,-20.9075,0.1039,10.4435,-3.8889,-0.2037,-4.363,-11.714,,,,,,82.743,84.9068,84.8047,,,,"Duque","","N/A","2008-01-01T00:00:00.000Z","Bay","Gelding","PRE horse (Pura Raza Espanola) - Andalusier","Dressage","","20260119T121135_logfile.itlog","2026-01-19T19:11:35.549Z","In hand","Research",,,
8,"trot","right","hard",1208.045,1207.695,1207.72,1208.085,4095.67,4095.32,4095.345,4095.71,0.7625,47.2095,0.395,0.375,0.335,0.335,0.365,0.405,0.435,0.43,256.6246,267.4199,168.1883,146.1621,51.8033,49.0196,44.2244,43.7908,,,0,0,0.005,0.6557,-0.025,-3.2787,-0.04,-5.2459,,,,,78.9061,75.8006,55.7833,40.9601,38.5165,19.9751,23.2637,20.5171,25.6154,27.6347,36.7375,23.6292,-53.2907,-48.1659,-19.0458,-17.3309,5.665,14.6325,15.5388,13.4279,-32.8514,-5.3426,-7.7249,-7.0892,,,0.275,-17.1501,24.276,0.029,5.8362,0.0785,-0.2749,-6.8485,-15.6423,,,,,,73.2602,78.4216,85.2381,,,,"Duque","","N/A","2008-01-01T00:00:00.000Z","Bay","Gelding","PRE horse (Pura Raza Espanola) - Andalusier","Dressage","","20260119T121135_logfile.itlog","2026-01-19T19:11:35.549Z","In hand","Research",,,
8,"trot","right","hard",1208.81,1208.445,1208.465,1208.85,4096.435,4096.07,4096.09,4096.475,0.7781,48.0062,0.405,0.395,0.355,0.34,0.37,0.375,0.41,0.43,263.2,260.7482,169.5807,138.1367,51.4286,50.4792,46.1039,44.0129,,,0,0,0.025,3.2129,-0.02,-2.5703,-0.04,-5.1406,,,,,82.1905,75.6024,55.3583,43.1475,31.0515,22.7878,22.1628,18.329,26.6813,25.8759,33.2884,24.8231,-55.5092,-49.7265,-22.0698,-18.3244,4.3347,17.9853,14.867,13.1335,-26.7168,-4.8025,-7.2959,-5.1956,,,-0.3869,-10.309,9.4852,0.1437,11.8807,-2.5755,-0.205,-2.3597,-16.4414,,,,,,75.137,78.9909,84.5567,,,,"Duque","","N/A","2008-01-01T00:00:00.000Z","Bay","Gelding","PRE horse (Pura Raza Espanola) - Andalusier","Dressage","","20260119T121135_logfile.itlog","2026-01-19T19:11:35.549Z","In hand","Research",,,
8,"trot","right","hard",1209.61,1209.24,1209.24,1209.625,4097.235,4096.865,4096.865,4097.25,0.7594,46.6119,0.365,0.365,0.355,0.33,0.395,0.4,0.42,0.435,251.6996,252.6392,163.8005,141.8868,48.8294,48.6667,45.9547,42.9967,,,0.005,0.6584,0,0,0,0,-0.015,-1.9753,,,,,80.2352,79.6174,60.795,47.4616,36.204,22.4698,18.4662,26.0519,26.2769,30.0811,38.6401,29.0603,-53.9583,-49.5363,-22.1549,-18.4013,5.9943,15.8437,12.2441,14.8652,-30.2097,-6.6262,-6.2221,-11.1867,,,-0.6065,-22.1991,-26.4334,0.1579,16.6583,-2.4534,-0.0411,4.5014,-8.7597,,,,,,80.1401,85.0519,84.3453,,,,"Duque","","N/A","2008-01-01T00:00:00.000Z","Bay","Gelding","PRE horse (Pura Raza Espanola) - Andalusier","Dressage","","20260119T121135_logfile.itlog","2026-01-19T19:11:35.549Z","In hand","Research",,,
8,"trot","right","hard",1210.345,1209.975,1210.01,1210.395,4097.97,4097.6,4097.635,4098.02,0.7494,46.8676,0.37,0.38,0.34,0.315,0.37,0.37,0.415,0.44,267.9485,277.9765,177.5509,147.8768,49.8316,50.165,45.3333,42.1405,,,0,0,0.025,3.3361,-0.035,-4.6706,-0.05,-6.6722,,,,,80.1947,77.6512,55.6637,51.0406,32.4265,23.7849,23.2275,19.7009,28.0298,27.9958,33.4531,33.7246,-52.1649,-49.6554,-22.2106,-17.316,5.9522,17.6942,16.2927,14.4058,-26.4742,-6.0907,-6.9348,-5.2951,,,-0.2629,-17.776,-12.8951,0.0689,11.1932,-3.8556,0.0364,3.3776,-4.0083,,,,,,68.0611,82.021,83.2262,,,,"Duque","","N/A","2008-01-01T00:00:00.000Z","Bay","Gelding","PRE horse (Pura Raza Espanola) - Andalusier","Dressage","","20260119T121135_logfile.itlog","2026-01-19T19:11:35.549Z","In hand","Research",,,
8,"trot","right","hard",1211.09,1210.74,1210.755,1211.135,4098.715,4098.365,4098.38,4098.76,0.7475,47.1199,0.385,0.385,0.34,0.3,0.375,0.385,0.405,0.425,248.0256,272.6937,166.1381,146.476,51.505,50.8251,45.3333,40.8163,,,0,0,0.01,1.3378,-0.015,-2.0067,-0.045,-6.0201,,,,,83.2612,81.5321,54.6646,52.4276,38.342,22.8347,18.3087,21.4622,28.4343,30.7836,35.0249,33.5425,-54.8269,-50.7485,-19.6397,-18.8851,7.7005,17.629,12.3226,13.3126,-30.6414,-5.2057,-5.9861,-8.1496,,,-0.3425,-14.8113,0.9815,0.1942,15.98,-4.3118,-0.0522,2.9905,-6.9964,,,,,,64.8124,80.3061,76.2696,,,,"Duque","","N/A","2008-01-01T00:00:00.000Z","Bay","Gelding","PRE horse (Pura Raza Espanola) - Andalusier","Dressage","","20260119T121135_logfile.itlog","2026-01-19T19:11:35.549Z","In hand","Research",,,
8,"trot","right","hard",1211.825,1211.485,1211.51,1211.88,4099.45,4099.11,4099.135,4099.505,0.7556,46.1317,0.395,0.36,0.33,0.31,0.35,0.36,0.415,0.445,279.8127,279.2755,163.587,142.653,50.4792,48.8136,44.4444,40.7895,,,0,0,0.02,2.6468,-0.025,-3.3085,-0.055,-7.2787,,,,,79.315,80.051,58.9745,51.8993,32.7782,23.9421,22.7072,25.1226,24.6559,30.9719,40.0404,35.598,-54.6592,-49.079,-18.934,-16.3013,2.0429,19.1604,16.7487,13.8826,-30.7353,-4.7817,-5.9585,-11.2399,,,0.0233,1.4171,-3.5639,0.18,13.6837,-0.5669,-0.1451,1.1095,-7.7238,,,,,,51.6418,83.4701,85.0853,,,,"Duque","","N/A","2008-01-01T00:00:00.000Z","Bay","Gelding","PRE horse (Pura Raza Espanola) - Andalusier","Dressage","","20260119T121135_logfile.itlog","2026-01-19T19:11:35.549Z","In hand","Research",,,
8,"trot","right","hard",1212.645,1212.24,1212.25,1212.645,4100.27,4099.865,4099.875,4100.27,0.7756,45.9613,0.36,0.38,0.35,0.335,0.425,0.395,0.41,0.455,226.6312,266.8338,173.934,136.6432,47.5248,48.8746,45.3074,42.1384,,,0.025,3.2232,0.015,1.9339,-0.01,-1.2893,0,0,,,,,80.344,83.6615,57.0157,58.0066,35.49,16.2436,18.7814,21.2714,31.419,32.1096,35.9751,38.2107,-48.9251,-51.5519,-21.0406,-19.7959,7.3917,13.268,12.5773,15.0688,-28.0983,-2.9757,-6.2041,-6.2026,,,0.0184,4.7404,-5.266,-0.0202,9.1153,-6.2222,0.0261,5.6353,-2.6119,,,,,,61.8197,89.0788,85.9732,,,,"Duque","","N/A","2008-01-01T00:00:00.000Z","Bay","Gelding","PRE horse (Pura Raza Espanola) - Andalusier","Dressage","","20260119T121135_logfile.itlog","2026-01-19T19:11:35.549Z","In hand","Research",,,
8,"trot","right","hard",1213.375,1213.02,1213.035,1213.445,4101,4100.645,4100.66,4101.07,0.7756,46.8765,0.405,0.375,0.35,0.325,0.37,0.4,0.435,0.465,255.1361,273.2163,161.944,144.197,51.9231,48.2315,44.7284,42.623,,,0,0,0.02,2.5786,-0.015,-1.9339,-0.07,-9.025,,,,,79.9386,82.6692,58.5008,56.5147,32.3846,24.5793,21.2107,14.4846,25.1631,31.0712,36.8029,36.0668,-54.7755,-51.598,-21.6979,-20.4479,4.9836,20.5918,15.1405,9.6494,-27.401,-3.9875,-6.0702,-4.8352,,,0.2009,-2.8126,2.5493,-0.0011,5.772,-6.2865,-0.0111,2.474,-4.3443,,,,,,75.7095,82.6195,85.9955,,,,"Duque","","N/A","2008-01-01T00:00:00.000Z","Bay","Gelding","PRE horse (Pura Raza Espanola) - Andalusier","Dressage","","20260119T121135_logfile.itlog","2026-01-19T19:11:35.549Z","In hand","Research",,,
8,"trot","right","hard",1214.16,1213.8,1213.815,1214.18,4101.785,4101.425,4101.44,4101.805,0.7869,49.6923,0.435,0.41,0.36,0.36,0.38,0.405,0.43,0.41,248.1612,266.8215,169.912,143.9145,54.5455,52.0635,46.0064,46.1538,,,0,0,0,0,-0.015,-1.9063,-0.02,-2.5417,,,,,83.1235,85.5817,55.9894,59.1494,24.4979,12.9204,21.4925,18.849,27.4813,34.7152,35.2132,33.7729,-55.6422,-50.8665,-20.7761,-25.3765,5.7289,9.4602,14.6577,11.5971,-18.769,-3.4601,-6.8348,-7.2518,,,-0.7452,-20.7093,10.3483,-0.08,8.6256,-7.4812,0.1404,11.3789,-6.6085,,,,,,92.4783,82.3766,88.5808,,,,"Duque","","N/A","2008-01-01T00:00:00.000Z","Bay","Gelding","PRE horse (Pura Raza Espanola) - Andalusier","Dressage","","20260119T121135_logfile.itlog","2026-01-19T19:11:35.549Z","In hand","Research",,,
8,"trot","right","hard",1214.94,1214.56,1214.59,1214.97,4102.565,4102.185,4102.215,4102.595,0.7644,49.562,0.43,0.39,0.355,0.34,0.345,0.35,0.415,0.43,262.417,288.8721,164.8091,143.0795,56.2092,51.4851,46.2541,44.2997,,,0,0,0,0,-0.03,-3.9248,-0.03,-3.9248,,,,,86.4782,85.0326,56.8705,56.0017,28.6325,19.9694,21.6883,22.5082,32.4496,32.7659,36.1229,34.4524,-54.0286,-52.2666,-20.7477,-21.5493,5.4666,14.9036,15.8179,11.4006,-23.1658,-5.0659,-5.8704,-11.1076,,,,,,0.0631,11.7555,-12.4208,0.2377,,1.3064,,,,,,,79.3072,84.2184,,,,"Duque","","N/A","2008-01-01T00:00:00.000Z","Bay","Gelding","PRE horse (Pura Raza Espanola) - Andalusier","Dressage","","20260119T121135_logfile.itlog","2026-01-19T19:11:35.549Z","In hand","Research",,,
8,"trot","right","hard",1215.695,1215.335,1215.355,1215.735,4103.32,4102.96,4102.98,4103.36,0.7825,47.7747,0.405,0.385,0.36,0.345,0.325,0.385,0.41,0.425,283.3638,278.3982,169.2939,145.3347,52.5974,47.2393,46.6019,44.6602,,,0,0,0.03,3.8339,-0.02,-2.5559,-0.04,-5.1118,,,,,81.2101,82.1111,56.4292,60.0023,34.4488,25.9724,23.5708,18.7972,25.8403,31.9615,35.62,38.2199,-55.3698,-50.1496,-20.8092,-21.7824,3.4396,19.0749,17.289,9.9779,-31.0092,-6.8975,-6.2818,-8.8194,,,0.1523,-14.8585,-7.5378,0.0725,6.0243,-3.2564,-0.0053,-0.5745,1.1649,,,,,,100.0099,74.6119,78.9257,,,,"Duque","","N/A","2008-01-01T00:00:00.000Z","Bay","Gelding","PRE horse (Pura Raza Espanola) - Andalusier","Dressage","","20260119T121135_logfile.itlog","2026-01-19T19:11:35.549Z","In hand","Research",,,
8,"trot","right","hard",1216.505,1216.195,1216.13,1216.51,4104.13,4103.82,4103.755,4104.135,0.7537,45.9125,0.38,0.305,0.36,0.34,0.405,0.475,0.415,0.43,241.8926,237.8938,167.1662,158.7291,50.3311,41.0774,47.0588,45.1827,,,0.005,0.6633,0,0,0.065,8.6235,-0.005,-0.6633,,,,,77.4123,85.5868,64.0348,63.8339,26.3397,14.1706,23.6059,19.0099,27.2222,37.269,42.4931,36.6073,-50.1902,-48.3178,-21.5417,-27.2267,7.5483,9.5951,15.0901,10.4327,-18.7914,-4.5755,-8.5158,-8.5772,,,0.4014,7.9174,36.3073,0.1757,11.8274,0.3594,0.1305,-4.8448,4.5211,,,,,,84.7717,78.9888,81.4869,,,,"Duque","","N/A","2008-01-01T00:00:00.000Z","Bay","Gelding","PRE horse (Pura Raza Espanola) - Andalusier","Dressage","","20260119T121135_logfile.itlog","2026-01-19T19:11:35.549Z","In hand","Research",,,
8,"trot","right","hard",1217.23,1216.9,1216.885,1217.245,4104.855,4104.525,4104.51,4104.87,0.71,45.95,0.325,0.31,0.345,0.325,0.345,0.4,0.395,0.395,247.7677,267.2681,197.2562,172.7416,47.1014,43.662,47.4227,45.614,,,0,0,0.03,4.2254,0.015,2.1127,-0.015,-2.1127,,,,,80.7635,87.4606,62.5591,59.5005,49.0199,31.92,29.5316,24.9566,24.8007,31.5994,35.6151,32.6552,-55.9628,-55.8612,-26.944,-26.8453,9.8118,19.5585,19.218,11.0405,-39.2081,-12.3615,-10.3136,-13.916,,,0.0135,-15.2627,10.1282,-0.103,5.1183,-3.0533,0.2591,7.3585,14.0159,,,,,,84.6313,80.2881,82.7992,,,,"Duque","","N/A","2008-01-01T00:00:00.000Z","Bay","Gelding","PRE horse (Pura Raza Espanola) - Andalusier","Dressage","","20260119T121135_logfile.itlog","2026-01-19T19:11:35.549Z","In hand","Research",,,
8,"trot","right","hard",1217.94,1217.61,1217.6,1217.95,4105.565,4105.235,4105.225,4105.575,0.6925,44.7659,0.325,0.305,0.315,0.295,0.385,0.4,0.37,0.38,290.4559,299.7124,209.1456,194.4708,46.9314,43.2624,45.4874,43.3824,,,0.025,3.6101,0.035,5.0542,0.01,1.444,-0.01,-1.444,,,,,81.3234,79.4256,62.1017,52.2883,47.715,41.0576,31.2775,29.4498,23.3715,27.1943,31.4161,28.0932,-57.9519,-52.2313,-30.6856,-24.1951,8.1896,29.9094,17.4798,13.6784,-39.5254,-11.1482,-13.7977,-15.7714,,,-0.3264,-31.1313,21.7142,0.0617,0.8579,-10.1053,0.1109,,-1.0791,,,,,,84.6316,77.9488,79.086,,,,"Duque","","N/A","2008-01-01T00:00:00.000Z","Bay","Gelding","PRE horse (Pura Raza Espanola) - Andalusier","Dressage","","20260119T121135_logfile.itlog","2026-01-19T19:11:35.549Z","In hand","Research",,,
8,"trot","right","hard",1218.615,1218.315,1218.3,1218.635,4106.24,4105.94,4105.925,4106.26,0.6887,46.087,0.34,0.3,0.32,0.31,0.35,0.4,0.385,0.39,314.6114,292.6308,209.6907,189.224,48.9209,43.7956,46.0432,45.5882,,,0,0,0.03,4.3557,0.015,2.1779,-0.02,-2.9038,,,,,76.8193,81.6818,61.5866,49.4234,43.4482,36.7383,29.0084,19.7086,20.1089,28.8942,36.6354,22.3767,-56.7104,-52.7877,-24.9511,-27.0467,6.9571,26.477,17.8092,11.1796,-36.491,-10.2613,-11.1992,-8.529,,,-0.1901,-9.8212,12.401,0.228,11.1183,10.8286,,-16.024,-16.1834,,,,,,61.7438,88.1374,81.1056,,,,"Duque","","N/A","2008-01-01T00:00:00.000Z","Bay","Gelding","PRE horse (Pura Raza Espanola) - Andalusier","Dressage","","20260119T121135_logfile.itlog","2026-01-19T19:11:35.549Z","In hand","Research",,,
8,"trot","right","hard",1219.315,1218.985,1218.985,1219.295,4106.94,4106.61,4106.61,4106.92,0.7013,48.1098,0.365,0.315,0.325,0.345,0.36,0.37,0.365,0.35,287.2408,321.0371,215.8726,182.0108,51.773,45.8182,46.9314,47.9167,,,0,0,0,0,0,0,0.02,2.852,,,,,81.7969,79.8644,60.1185,49.6374,36.3385,33.0788,25.1132,25.3922,27.2225,28.038,31.5285,24.2196,-54.5744,-51.8264,-28.5899,-25.4177,6.4192,22.8475,14.6046,17.0357,-29.9194,-10.2313,-10.5087,-8.3565,,,-0.7899,-23.8825,-22.7247,0.2173,22.3962,1.9861,-0.2878,-14.0103,-10.0425,,,,,,80.994,85.7471,80.1283,,,,"Duque","","N/A","2008-01-01T00:00:00.000Z","Bay","Gelding","PRE horse (Pura Raza Espanola) - Andalusier","Dressage","","20260119T121135_logfile.itlog","2026-01-19T19:11:35.549Z","In hand","Research",,,
8,"trot","right","hard",1220,1219.675,1219.68,1220.04,4107.625,4107.3,4107.305,4107.665,0.6837,45.0013,0.33,0.31,0.31,0.28,0.32,0.375,0.37,0.4,290.2787,306.7808,207.1411,177.7686,49.4382,44.2857,45.2555,41.0256,,,0.01,1.4625,0.04,5.8501,-0.005,-0.7313,-0.04,-5.8501,,,,,73.1089,76.6098,59.978,48.4281,45.1461,36.9535,20.2541,22.3894,21.4157,26.4106,35.1508,29.2795,-51.6933,-50.1992,-24.8272,-19.1486,7.6367,25.9229,12.9002,11.6697,-37.5094,-11.0306,-7.3539,-10.7196,,,-0.5229,-30.1446,-21.61,0.1223,12.2418,-5.0685,-0.1206,-2.0322,-4.5963,,,,,,67.9737,81.5863,66.4839,,,,"Duque","","N/A","2008-01-01T00:00:00.000Z","Bay","Gelding","PRE horse (Pura Raza Espanola) - Andalusier","Dressage","","20260119T121135_logfile.itlog","2026-01-19T19:11:35.549Z","In hand","Research",,,
8,"trot","right","hard",1220.685,1220.39,1220.37,1220.725,4108.31,4108.015,4107.995,4108.35,0.6919,45.51,0.35,0.295,0.32,0.295,0.355,0.405,0.38,0.405,285.6696,286.0856,189.1376,159.1716,49.8221,44.3609,45.7143,42.1429,,,0,0,0,0,0.02,2.8907,-0.04,-5.7814,,,,,77.7122,79.8537,56.5134,48.9152,44.1644,24.4361,24.0941,20.2054,23.7089,31.0435,34.0247,31.1552,-54.0033,-48.8101,-22.4887,-17.76,8.9812,16.3279,15.915,12.9766,-35.1833,-8.1083,-8.1791,-7.2288,,,-0.5469,-7.7804,-7.771,0.0677,16.4852,-6.3778,-0.1353,-3.3227,-5.223,,,,,,67.9282,84.2732,65.7388,,,,"Duque","","N/A","2008-01-01T00:00:00.000Z","Bay","Gelding","PRE horse (Pura Raza Espanola) - Andalusier","Dressage","","20260119T121135_logfile.itlog","2026-01-19T19:11:35.549Z","In hand","Research",,,
8,"trot","right","hard",1221.385,1221.02,1221.07,1221.425,4109.01,4108.645,4108.695,4109.05,0.7031,46.6055,0.35,0.355,0.315,0.29,0.35,0.335,0.38,0.405,295.0982,315.5891,191.2842,160.2137,50,50.8961,44.6809,40.8451,,,0,0,0,0,-0.05,-7.1111,-0.04,-5.6889,,,,,80.3735,79.7775,59.2153,51.1445,47.5011,32.992,22.2101,27.4261,25.1041,24.2511,36.9425,34.8442,-55.2693,-55.5264,-22.2728,-16.3003,6.2027,26.08,13.9872,14.8906,-41.2984,-6.912,-8.2229,-12.5355,,,,-24.9813,-38.1348,0.1787,,,-0.1206,6.9195,-8.343,,,,,,82.9873,92.3255,73.6321,,,,"Duque","","N/A","2008-01-01T00:00:00.000Z","Bay","Gelding","PRE horse (Pura Raza Espanola) - Andalusier","Dressage","","20260119T121135_logfile.itlog","2026-01-19T19:11:35.549Z","In hand","Research",,,
8,"trot","right","hard",1222.085,1221.725,1221.785,1222.15,4109.71,4109.35,4109.41,4109.775,0.7194,45.3174,0.365,0.355,0.3,0.285,0.35,0.35,0.4,0.435,310.9372,317.0901,189.4268,166.4575,50.8711,48.1356,42.4028,39.8601,,,0,0,0.045,6.2554,-0.06,-8.3406,-0.065,-9.0356,,,,,83.2216,79.6302,56.5784,50.786,35.7497,29.6873,24.5327,20.1546,25.7271,26.1868,34.6628,33.7123,-57.4945,-53.4434,-21.9156,-17.0737,6.5056,23.7053,16.5296,13.631,-29.2441,-5.9819,-8.0031,-6.5236,,,-0.3201,-14.2218,-31.9745,0.2104,20.3623,-6.7205,-0.2813,-8.1895,-12.9449,,,,,,70.0858,85.6188,84.4154,,,,"Duque","","N/A","2008-01-01T00:00:00.000Z","Bay","Gelding","PRE horse (Pura Raza Espanola) - Andalusier","Dressage","","20260119T121135_logfile.itlog","2026-01-19T19:11:35.549Z","In hand","Research",,,
8,"trot","right","hard",1222.805,1222.495,1222.5,1222.86,4110.43,4110.12,4110.125,4110.485,0.7288,45.7803,0.375,0.345,0.315,0.3,0.355,0.415,0.415,0.425,280.2273,270.4937,177.0954,153.5037,51.0204,47.4227,43.299,41.3793,,,0,0,0.01,1.3722,-0.005,-0.6861,-0.055,-7.5472,,,,,81.7605,81.3967,56.7005,52.9019,38.5206,23.8584,20.5146,18.8081,26.1835,33.7518,36.873,34.1731,-55.577,-47.6449,-19.8275,-18.7288,5.3592,15.4376,14.7105,10.4281,-33.1614,-8.4208,-5.8041,-8.3801,,,0.2362,-2.4735,8.3939,,,1.3929,,,-15.4433,,,,,,66.8658,81.4036,87.434,,,,"Duque","","N/A","2008-01-01T00:00:00.000Z","Bay","Gelding","PRE horse (Pura Raza Espanola) - Andalusier","Dressage","","20260119T121135_logfile.itlog","2026-01-19T19:11:35.549Z","In hand","Research",,,
8,"trot","right","hard",1223.545,1223.19,1223.225,1223.585,4111.17,4110.815,4110.85,4111.21,0.7406,47.2655,0.375,0.39,0.325,0.31,0.365,0.35,0.41,0.425,274.7585,284.8385,173.4149,148.9538,50.8475,52.5253,44.2177,41.4716,,,0,0,0.015,2.0253,-0.035,-4.7257,-0.04,-5.4008,,,,,81.1876,78.6644,57.1444,54.2979,34.3151,20.7949,26.6355,20.1805,27.6626,30.6438,36.1902,34.9038,-53.525,-48.0206,-20.9542,-19.3941,4.9411,15.975,19.5425,11.5351,-29.374,-4.8198,-7.0931,-8.6453,,,-0.0165,1.4444,9.3087,0.2037,17.5378,-2.4142,-0.2024,-9.8122,-11.6362,,,,,,67.6691,77.7818,82.8849,,,,"Duque","","N/A","2008-01-01T00:00:00.000Z","Bay","Gelding","PRE horse (Pura Raza Espanola) - Andalusier","Dressage","","20260119T121135_logfile.itlog","2026-01-19T19:11:35.549Z","In hand","Research",,,
8,"trot","right","hard",1224.28,1223.935,1223.96,1224.345,4111.905,4111.56,4111.585,4111.97,0.7613,48.2117,0.425,0.37,0.345,0.33,0.36,0.355,0.41,0.45,257.1672,270.7659,168.8402,135.3519,53.6278,49.3333,46.4646,43.4211,,,0,0,0,0,-0.025,-3.2841,-0.065,-8.5386,,,,,78.0204,81.2871,58.094,57.883,35.1951,22.232,23.1492,13.3575,23.5895,31.6912,37.8124,37.9658,-54.4308,-49.5959,-20.2816,-19.9172,2.4671,17.0254,16.8902,10.5902,-32.7279,-5.2066,-6.259,-2.7674,,,-0.2524,0.5118,-15.6367,0.143,15.2498,-6.5943,-0.0152,3.6694,-0.5689,,,,,,77.1908,85.2199,81.9219,,,,"Duque","","N/A","2008-01-01T00:00:00.000Z","Bay","Gelding","PRE horse (Pura Raza Espanola) - Andalusier","Dressage","","20260119T121135_logfile.itlog","2026-01-19T19:11:35.549Z","In hand","Research",,,
8,"trot","right","hard",1225.08,1224.71,1224.69,1225.085,4112.705,4112.335,4112.315,4112.71,0.7887,49.6175,0.405,0.385,0.395,0.38,0.375,0.405,0.385,0.41,245.166,268.3548,178.2138,159.124,52.09,49.2013,49.5298,47.6489,,,0,0,0,0,0.02,2.5357,-0.005,-0.6339,,,,,81.9111,80.4773,56.7538,57.3078,28.4337,13.1755,23.8188,17.7622,27.4701,27.8316,30.1918,33.1048,-54.441,-52.6457,-26.562,-24.203,4.7237,11.9124,12.3839,13.7252,-23.71,-1.263,-11.4349,-4.037,,,-0.2403,-21.0988,-5.7344,0.0179,7.4058,-4.1283,-0.0765,4.8894,-7.8529,,,,,,72.4019,85.7794,85.0986,,,,"Duque","","N/A","2008-01-01T00:00:00.000Z","Bay","Gelding","PRE horse (Pura Raza Espanola) - Andalusier","Dressage","","20260119T121135_logfile.itlog","2026-01-19T19:11:35.549Z","In hand","Research",,,
8,"trot","right","hard",1225.855,1225.485,1225.505,1225.89,4113.48,4113.11,4113.13,4113.515,0.7825,48.3962,0.41,0.395,0.36,0.35,0.37,0.39,0.42,0.425,246.142,262.2104,167.0009,142.1113,52.7331,48.6154,45.5696,46.6667,,,0,0,0.04,5.1118,-0.02,-2.5559,-0.035,-4.4728,,,,,81.0548,79.3066,54.4602,57.3998,39.7392,21.4988,17.1657,11.6312,29.8142,28.6905,34.6289,34.2373,-51.2405,-50.6162,-19.8313,-23.1625,7.0247,16.9204,11.8768,10.2453,-32.7145,-4.5783,-5.2889,-1.386,,,0.033,-11.5513,12.329,0.1985,11.9249,-1.4603,-0.2307,-0.6197,-16.0972,,,,,,73.6814,84.1246,84.4913,,,,"Duque","","N/A","2008-01-01T00:00:00.000Z","Bay","Gelding","PRE horse (Pura Raza Espanola) - Andalusier","Dressage","","20260119T121135_logfile.itlog","2026-01-19T19:11:35.549Z","In hand","Research",,,
8,"trot","right","hard",1226.63,1226.325,1226.305,1226.615,4114.255,4113.95,4113.93,4114.24,0.7837,46.804,0.41,0.325,0.335,0.4,0.365,0.445,0.44,0.375,262.5053,235.5778,153.1152,147.7091,51.4107,42.7632,43.5065,49.5356,,,0,0,0.03,3.8278,0.02,2.5518,0.015,1.9139,,,,,80.1048,79.8449,57.3166,58.3607,22.3338,20.6768,23.7293,21.2773,25.3466,34.2587,37.3307,30.4534,-54.7582,-45.5862,-19.9859,-27.9073,4.1667,15.3784,17.7826,12.3576,-18.1671,-5.2985,-5.9467,-8.9197,,,0.1613,-4.1268,10.5714,0.1688,6.8143,8.7506,-0.2387,-10.9765,-15.3797,,,,,,75.0504,82.2444,91.5797,,,,"Duque","","N/A","2008-01-01T00:00:00.000Z","Bay","Gelding","PRE horse (Pura Raza Espanola) - Andalusier","Dressage","","20260119T121135_logfile.itlog","2026-01-19T19:11:35.549Z","In hand","Research",,,
8,"trot","right","hard",1227.45,1227.075,1227.07,1227.455,4115.075,4114.7,4114.695,4115.08,0.7756,45.4482,0.365,0.355,0.355,0.335,0.41,0.425,0.43,0.44,223.6352,242.8812,165.6382,144.7254,46.4968,46.5574,45.5128,43.2258,,,0.02,2.5786,0.005,0.6446,0.005,0.6446,-0.005,-0.6446,,,,,79.4683,84.0078,58.0101,57.5689,27.4704,13.2091,18.9121,19.8276,26.4416,33.4328,37.9247,34.8841,-53.0267,-50.575,-20.0854,-22.6848,3.8204,9.2786,12.6979,11.0414,-23.65,-3.9304,-6.2141,-8.7861,,,-0.178,-16.7082,20.4173,0.014,12.5978,-3.325,-0.1676,-0.7691,-9.62,,,,,,75.0598,89.4329,95.0524,,,,"Duque","","N/A","2008-01-01T00:00:00.000Z","Bay","Gelding","PRE horse (Pura Raza Espanola) - Andalusier","Dressage","","20260119T121135_logfile.itlog","2026-01-19T19:11:35.549Z","In hand","Research",,,
8,"trot","right","hard",1228.245,1227.82,1227.845,1228.23,4115.87,4115.445,4115.47,4115.855,0.7887,46.1336,0.345,0.41,0.35,0.35,0.43,0.39,0.42,0.44,223.0662,273.6109,167.4302,145.0263,45.3947,51.8987,43.0769,44.164,,,0,0,0.01,1.2678,-0.025,-3.1696,0.015,1.9017,,,,,87.835,85.4267,55.227,56.2435,34.2513,21.105,21.538,21.1439,32.1163,33.0443,33.4401,33.7839,-55.7187,-52.3823,-21.7869,-22.4596,6.4594,15.2545,13.8999,9.6087,-27.7919,-5.8504,-7.6381,-11.5353,,,-0.4319,-8.4162,-14.0774,-0.0113,9.5068,,0.1431,,-10.1737,,,,,,75.9465,92.6986,,,,,"Duque","","N/A","2008-01-01T00:00:00.000Z","Bay","Gelding","PRE horse (Pura Raza Espanola) - Andalusier","Dressage","","20260119T121135_logfile.itlog","2026-01-19T19:11:35.549Z","In hand","Research",,,
8,"trot","right","hard",1228.99,1228.6,1228.7,1229.025,4116.615,4116.225,4116.325,4116.65,0.7519,43.9797,0.365,0.37,0.275,0.315,0.4,0.37,0.505,0.445,279.0174,274.2997,153.8147,151.7615,47.2492,48.8449,37.5427,42.2819,,,0.015,1.995,0.02,2.66,-0.1,-13.3001,-0.035,-4.655,,,,,85.0154,83.6413,59.708,53.3767,35.2958,17.1584,22.4664,16.5857,28.8369,30.3611,46.1732,34.7903,-56.1785,-53.2801,-13.5348,-18.5863,6.3172,14.3879,19.2479,12.6135,-28.9787,-2.7705,-3.2184,-3.9722,,,-0.1281,-16.7942,-13.1936,0.1164,3.569,-0.4021,-0.1293,3.2619,-17.1524,,,,,,83.0206,81.7215,92.9413,,,,"Duque","","N/A","2008-01-01T00:00:00.000Z","Bay","Gelding","PRE horse (Pura Raza Espanola) - Andalusier","Dressage","","20260119T121135_logfile.itlog","2026-01-19T19:11:35.549Z","In hand","Research",,,
8,"trot","right","hard",1229.77,1229.375,1229.385,1229.755,4117.395,4117,4117.01,4117.38,0.7819,47.1686,0.37,0.375,0.36,0.37,0.415,0.405,0.41,0.415,251.9646,262.5974,179.3713,148.5689,48.2085,47.7707,45.8599,46.8354,,,0.005,0.6395,0.025,3.1974,-0.01,-1.279,0.015,1.9185,,,,,82.6813,83.5634,59.6726,53.268,35.4739,18.5616,17.2931,16.2876,29.1173,29.3912,35.9206,28.318,-53.564,-54.1723,-23.752,-24.95,8.8258,13.4307,11.0565,8.9651,-26.6481,-5.1309,-6.2367,-7.3225,,,0.0055,-27.3579,21.3278,0.0211,4.1281,-0.1196,-0.2325,-7.6349,-9.4727,,,,,,89.3826,85.9581,96.3458,,,,"Duque","","N/A","2008-01-01T00:00:00.000Z","Bay","Gelding","PRE horse (Pura Raza Espanola) - Andalusier","Dressage","","20260119T121135_logfile.itlog","2026-01-19T19:11:35.549Z","In hand","Research",,,
8,"trot","right","hard",1230.52,1230.165,1230.185,1230.55,4118.145,4117.79,4117.81,4118.175,0.805,48.1347,0.425,0.41,0.35,0.365,0.38,0.415,0.44,0.425,258.0623,259.245,168.1915,147.0697,53.125,50.4615,44.3038,44.6483,,,0,0,0.02,2.4845,-0.02,-2.4845,-0.03,-3.7267,,,,,79.4311,78.6574,57.3979,47.844,36.1897,19.8709,22.3572,22.3092,24.1086,30.1257,35.0594,24.9491,-55.3225,-48.5318,-22.3385,-22.8949,7.8756,13.8449,15.4482,10.8414,-28.3141,-6.026,-6.909,-11.4678,,,0.5199,6.9642,32.0743,0.0346,-2.0778,-0.1755,-0.1254,4.6197,-14.7681,,,,,,100.1994,89.5558,97.8794,,,,"Duque","","N/A","2008-01-01T00:00:00.000Z","Bay","Gelding","PRE horse (Pura Raza Espanola) - Andalusier","Dressage","","20260119T121135_logfile.itlog","2026-01-19T19:11:35.549Z","In hand","Research",,,
8,"trot","right","hard",1231.315,1230.965,1230.975,1231.395,4118.94,4118.59,4118.6,4119.02,0.7881,47.2064,0.42,0.375,0.375,0.32,0.37,0.39,0.44,0.48,258.5378,244.0273,168.1703,137.231,52.0124,48.5437,46.4396,41.8301,,,0,0,0.01,1.2688,-0.01,-1.2688,-0.08,-10.1507,,,,,76.9241,80.385,58.416,44.9581,26.8487,18.447,27.7553,15.5142,22.8588,26.2089,34.7052,28.8343,-54.0654,-54.1761,-23.7108,-16.1237,5.1656,14.1918,17.9841,11.3328,-21.6831,-4.2552,-9.7711,-4.1814,,,0.6887,19.6167,,-0.0612,-2.181,5.2468,-0.2436,-13.3119,-17.8304,,,,,,96.1404,89.5447,97.6441,,,,"Duque","","N/A","2008-01-01T00:00:00.000Z","Bay","Gelding","PRE horse (Pura Raza Espanola) - Andalusier","Dressage","","20260119T121135_logfile.itlog","2026-01-19T19:11:35.549Z","In hand","Research",,,
8,"trot","right","hard",1232.14,1231.745,1231.775,1232.125,4119.765,4119.37,4119.4,4119.75,0.7688,47.8022,0.36,0.385,0.355,0.37,0.405,0.405,0.425,0.41,225.0931,267.7565,181.7793,140.6259,47.3684,49.2013,45.9547,48.6842,,,0,0,0.02,2.6016,-0.03,-3.9024,0.015,1.9512,,,,,72.5013,81.549,56.2665,46.8686,29.9006,17.9022,16.8536,16.6196,20.048,30.0819,37.521,23.6329,-52.4533,-51.4672,-18.7455,-23.2356,5.5697,12.2667,12.0184,9.6337,-24.3309,-5.6355,-4.8352,-6.9859,,,-0.0801,-9.5714,0.5064,0.0151,8.6416,-0.8842,-0.0084,1.7654,-2.4717,,,,,,78.3604,74.6392,90.0572,,,,"Duque","","N/A","2008-01-01T00:00:00.000Z","Bay","Gelding","PRE horse (Pura Raza Espanola) - Andalusier","Dressage","","20260119T121135_logfile.itlog","2026-01-19T19:11:35.549Z","In hand","Research",,,
8,"trot","right","hard",1232.895,1232.52,1232.54,1232.865,4120.52,4120.145,4120.165,4120.49,0.7494,49.0415,0.365,0.375,0.35,0.38,0.395,0.39,0.41,0.37,235.2316,275.5085,171.1955,150.7757,48.8294,50.5051,46.6667,50.165,,,0,0,0,0,-0.02,-2.6689,0.03,4.0033,,,,,79.1145,81.4198,55.8376,43.8801,35.181,13.1718,23.3787,16.0734,29.4434,30.4146,35.7636,20.2114,-49.6711,-51.0051,-20.0739,-23.6687,7.8988,11.3859,16.3714,12.1908,-27.2821,-1.7859,-7.0073,-3.8826,,,0.3497,-14.4678,27.7246,-0.1847,-4.7374,-8.5567,0.1852,,-5.765,,,,,,92.396,75.3144,89.996,,,,"Duque","","N/A","2008-01-01T00:00:00.000Z","Bay","Gelding","PRE horse (Pura Raza Espanola) - Andalusier","Dressage","","20260119T121135_logfile.itlog","2026-01-19T19:11:35.549Z","In hand","Research",,,
8,"trot","right","hard",1233.63,1233.24,1233.28,1233.63,4121.255,4120.865,4120.905,4121.255,0.7706,49.4762,0.395,0.405,0.36,0.365,0.37,0.345,0.39,0.385,252.453,289.1876,177.773,152.1691,51.9737,51.9231,47.2131,46.7949,,,0,0,0.025,3.2441,-0.04,-5.1906,0,0,,,,,75.8252,76.0846,58.2814,41.2823,31.386,19.0846,22.5132,21.0574,22.0012,23.4996,37.2313,19.7342,-53.824,-52.585,-21.05,-21.5481,5.005,14.54,14.2673,14.43,-26.381,-4.5447,-8.2459,-6.6274,,,-0.0416,-15.9221,40.7814,0.034,3.297,-7.9871,-0.1313,1.2395,-11.4246,,,,,,84.4549,78.1492,78.0679,,,,"Duque","","N/A","2008-01-01T00:00:00.000Z","Bay","Gelding","PRE horse (Pura Raza Espanola) - Andalusier","Dressage","","20260119T121135_logfile.itlog","2026-01-19T19:11:35.549Z","In hand","Research",,,
8,"trot","right","hard",1234.385,1234.05,1234.055,1234.44,4122.01,4121.675,4121.68,4122.065,0.7856,48.9746,0.45,0.395,0.355,0.34,0.36,0.405,0.415,0.445,248.7962,249.4488,171.6624,132.1005,56.4263,50.4792,45.9547,43.038,,,0,0,0,0,-0.005,-0.6364,-0.055,-7.0008,,,,,84.4955,81.3035,53.834,45.8991,28.5456,18.0474,18.2806,20.3161,29.4673,33.2702,33.4608,28.9573,-55.0281,-48.0332,-20.3732,-16.9419,3.2928,12.5194,12.7606,13.8278,-25.2528,-5.528,-5.5201,-6.4883,,,-0.2625,-12.3437,-3.204,0.0484,10.4306,-3.3444,-0.0561,0.9505,-4.9568,,,,,,62.2496,83.4758,78.1661,,,,"Duque","","N/A","2008-01-01T00:00:00.000Z","Bay","Gelding","PRE horse (Pura Raza Espanola) - Andalusier","Dressage","","20260119T121135_logfile.itlog","2026-01-19T19:11:35.549Z","In hand","Research",,,
8,"trot","right","hard",1235.17,1234.815,1234.83,1235.235,4122.795,4122.44,4122.455,4122.86,0.7519,46.9345,0.39,0.365,0.345,0.31,0.335,0.37,0.42,0.455,278.768,276.9031,154.5855,144.3229,52.349,49.6599,44.8052,40.9241,,,0,0,0,0,-0.015,-1.995,-0.065,-8.6451,,,,,79.4999,83.526,58.7028,47.4965,32.9141,18.4922,22.8403,19.5466,24.1309,28.5584,37.1853,31.5121,-55.369,-54.9676,-21.5174,-15.9844,5.5912,15.8019,16.602,12.8769,-27.3228,-2.6903,-6.2384,-6.6697,,,0.0084,-7.4049,-0.2159,0.1582,17.9088,-6.9312,-0.1492,-7.6485,-2.9342,,,,,,68.688,88.2068,87.9552,,,,"Duque","","N/A","2008-01-01T00:00:00.000Z","Bay","Gelding","PRE horse (Pura Raza Espanola) - Andalusier","Dressage","","20260119T121135_logfile.itlog","2026-01-19T19:11:35.549Z","In hand","Research",,,
8,"trot","right","hard",1235.935,1235.55,1235.605,1235.985,4123.56,4123.175,4123.23,4123.61,0.7781,48.1831,0.405,0.41,0.35,0.335,0.375,0.37,0.43,0.44,254.2723,291.134,167.6972,134.5092,52.4272,52.0635,45.0161,43.2258,,,0,0,0.005,0.6426,-0.055,-7.0683,-0.05,-6.4257,,,,,80.4422,80.4941,53.403,48.2455,35.1933,17.7678,22.4314,19.0801,27.6176,26.8157,33.667,29.0226,-52.8246,-53.6783,-19.736,-19.2229,5.4884,14.2746,16.6136,12.3588,-29.7049,-3.4931,-5.8178,-6.7213,,,-0.2539,-10.7532,1.0263,0.2006,17.736,-1.8455,-0.1136,1.4228,-8.4323,,,,,,72.0186,82.4601,88.5454,,,,"Duque","","N/A","2008-01-01T00:00:00.000Z","Bay","Gelding","PRE horse (Pura Raza Espanola) - Andalusier","Dressage","","20260119T121135_logfile.itlog","2026-01-19T19:11:35.549Z","In hand","Research",,,
8,"trot","right","hard",1236.7,1236.345,1236.38,1236.76,4124.325,4123.97,4124.005,4124.385,0.7631,46.9976,0.4,0.385,0.34,0.31,0.36,0.385,0.425,0.44,257.3871,270.0027,153.6017,133.13,52.459,50.1629,44.4444,40.9241,,,0,0,0.01,1.3104,-0.035,-4.5864,-0.06,-7.8624,,,,,81.0474,82.7914,58.2192,48.801,38.4509,19.813,16.4495,23.1977,27.3163,30.3697,38.626,28.4773,-53.7311,-52.4216,-19.5932,-20.3237,6.2232,13.3428,11.7804,10.8124,-32.2277,-6.4702,-4.6691,-12.3853,,,-0.1769,-7.8241,-11.9489,0.2477,13.6714,3.3255,-0.1331,4.156,-15.8526,,,,,,76.5369,78.048,86.4803,,,,"Duque","","N/A","2008-01-01T00:00:00.000Z","Bay","Gelding","PRE horse (Pura Raza Espanola) - Andalusier","Dressage","","20260119T121135_logfile.itlog","2026-01-19T19:11:35.549Z","In hand","Research",,,
8,"trot","right","hard",1237.465,1237.11,1237.145,1237.525,4125.09,4124.735,4124.77,4125.15,0.7756,48.2907,0.425,0.395,0.345,0.335,0.365,0.38,0.425,0.455,269.2926,273.7652,169.1046,130.7973,53.6278,50.641,45.2459,43.6482,,,0,0,0.005,0.6446,-0.035,-4.5125,-0.06,-7.7357,,,,,80.9864,78.9312,55.3012,54.4148,30.7006,17.5512,26.7632,12.279,28.2565,30.4394,34.1121,34.8233,-52.7299,-48.4918,-21.1891,-19.5916,2.7521,16.1295,19.3313,12.4377,-27.9485,-1.4217,-7.432,0.1587,,,0.4276,7.2443,12.8228,0.1492,7.456,3.5943,-0.1491,-1.4459,-12.6871,,,,,,81.6748,77.6222,82.9713,,,,"Duque","","N/A","2008-01-01T00:00:00.000Z","Bay","Gelding","PRE horse (Pura Raza Espanola) - Andalusier","Dressage","","20260119T121135_logfile.itlog","2026-01-19T19:11:35.549Z","In hand","Research",,,
8,"trot","right","hard",1238.26,1237.895,1237.9,1238.27,4125.885,4125.52,4125.525,4125.895,0.8137,48.8958,0.425,0.4,0.375,0.39,0.37,0.39,0.41,0.41,242.3365,251.0202,168.4608,147.3977,52.4691,50.3145,47.3186,45.481,,,0,0,0.01,1.2289,-0.005,-0.6144,-0.01,-1.2289,,,,,79.816,81.2674,55.213,56.9702,27.5903,10.1054,20.2724,20.821,25.8726,29.205,32.2739,32.9774,-53.9434,-52.0624,-22.9391,-23.9928,4.0783,10.9574,11.9232,15.2562,-23.512,0.852,-8.3491,-5.5648,,,0.3415,-1.2703,34.5132,-0.0183,2.494,0.0313,-0.0722,-0.4223,-5.3375,,,,,,80.4536,78.318,86.0471,,,,"Duque","","N/A","2008-01-01T00:00:00.000Z","Bay","Gelding","PRE horse (Pura Raza Espanola) - Andalusier","Dressage","","20260119T121135_logfile.itlog","2026-01-19T19:11:35.549Z","In hand","Research",,,
8,"trot","right","hard",1239.085,1238.695,1238.7,1239.185,4126.71,4126.32,4126.325,4126.81,0.7875,45.9496,0.4,0.395,0.375,0.28,0.4,0.4,0.425,0.525,225.9946,260.7825,159.2901,130.0316,51.1182,49.375,46.5839,36.7213,,,0,0,0.015,1.9048,-0.005,-0.6349,-0.1,-12.6984,,,,,80.2727,82.4393,54.8588,55.5664,33.9678,13.8133,16.1289,14.6334,29.0951,30.2749,30.8408,43.8817,-51.1776,-52.1644,-24.0181,-11.6847,6.9501,9.9255,9.6965,9.9478,-27.0177,-3.8878,-6.4324,-4.6856,,,0.4085,18.7857,7.896,0.0502,5.658,-3.7658,-0.0934,0.7526,-3.3367,,,,,,91.3549,78.1472,92.0307,,,,"Duque","","N/A","2008-01-01T00:00:00.000Z","Bay","Gelding","PRE horse (Pura Raza Espanola) - Andalusier","Dressage","","20260119T121135_logfile.itlog","2026-01-19T19:11:35.549Z","In hand","Research",,,
8,"trot","right","hard",1239.85,1239.5,1239.51,1239.905,4127.475,4127.125,4127.135,4127.53,0.785,47.6033,0.42,0.375,0.37,0.33,0.365,0.41,0.435,0.44,255.0079,255.0817,151.2289,136.6606,53.3333,47.9233,46.9841,42.1725,,,0,0,0.01,1.2739,-0.01,-1.2739,-0.055,-7.0064,,,,,80.6044,80.5465,54.6517,53.8,35.4688,21.4287,23.3849,21.2697,26.9639,31.2112,33.7845,33.5702,-53.6405,-49.3353,-20.8672,-20.2297,4.7935,17.1163,15.9137,11.8858,-30.6753,-4.3125,-7.4712,-9.3839,,,0.5297,17.3955,29.3732,0.154,8.1254,3.5165,-0.1855,-3.8227,-17.8895,,,,,,90.8491,75.0656,89.8276,,,,"Duque","","N/A","2008-01-01T00:00:00.000Z","Bay","Gelding","PRE horse (Pura Raza Espanola) - Andalusier","Dressage","","20260119T121135_logfile.itlog","2026-01-19T19:11:35.549Z","In hand","Research",,,
8,"trot","right","hard",1240.64,1240.28,1240.28,1240.7,4128.265,4127.905,4127.905,4128.325,0.79,47.7412,0.42,0.385,0.37,0.335,0.37,0.405,0.4,0.465,254.1237,254.0064,163.4048,132.5748,51.6923,49.359,46.6877,43.2258,,,0,0,0,0,0,0,-0.06,-7.5949,,,,,79.5526,80.5726,55.5687,55.5065,24.4132,13.3282,18.7579,13.7842,25.6298,29.7376,33.9567,34.3142,-53.9228,-50.835,-21.612,-21.1923,4.1861,11.6263,11.7606,11.0785,-20.2271,-1.7019,-6.9973,-2.7057,,,0.1161,-2.7273,30.3925,0.0084,11.1796,-5.2889,-0.1258,-4.2053,-6.7226,,,,,,89.57,86.1246,83.6201,,,,"Duque","","N/A","2008-01-01T00:00:00.000Z","Bay","Gelding","PRE horse (Pura Raza Espanola) - Andalusier","Dressage","","20260119T121135_logfile.itlog","2026-01-19T19:11:35.549Z","In hand","Research",,,
8,"trot","right","hard",1241.475,1241.05,1241.095,1241.45,4129.1,4128.675,4128.72,4129.075,0.7937,50.037,0.415,0.44,0.35,0.385,0.415,0.385,0.445,0.415,235.7489,267.1113,156.2205,141.0764,52.5316,54.1538,44.7284,48.7342,,,0,0,0,0,-0.045,-5.6693,0.025,3.1496,,,,,84.3193,83.634,54.1402,57.3846,26.2182,16.6011,18.3033,14.7775,31.975,33.3292,36.9829,31.9904,-52.3442,-50.3048,-17.1573,-25.3942,4.839,11.1802,13.6569,10.7171,-21.3792,-5.4209,-4.6463,-4.0605,,,-0.6579,-29.3642,-12.2893,0.0664,13.5681,-9.1965,0.0229,4.7955,-6.4614,,,,,,84.1726,82.7318,81.5834,,,,"Duque","","N/A","2008-01-01T00:00:00.000Z","Bay","Gelding","PRE horse (Pura Raza Espanola) - Andalusier","Dressage","","20260119T121135_logfile.itlog","2026-01-19T19:11:35.549Z","In hand","Research",,,
8,"trot","right","hard",1242.225,1241.85,1241.865,1242.23,4129.85,4129.475,4129.49,4129.855,0.7962,51.3402,0.43,0.42,0.38,0.405,0.335,0.36,0.42,0.395,269.8614,276.0958,156.8287,151.5225,54.4304,52.6646,47.7987,50.4673,,,0,0,0,0,-0.015,-1.8838,-0.005,-0.6279,,,,,83.5665,81.6324,57.6149,56.964,33.1055,17.1073,23.7173,15.8896,25.8637,28.9116,37.8707,29.7637,-57.7028,-52.7208,-19.7442,-27.2003,4.4536,13.984,15.3168,10.1326,-28.6519,-3.1234,-8.4005,-5.757,,,-0.1572,-31.2454,-7.4567,0.1921,19.5545,-9.4345,-0.2586,-15.5903,-2.1793,,,,,,90.7832,89.4914,88.5851,,,,"Duque","","N/A","2008-01-01T00:00:00.000Z","Bay","Gelding","PRE horse (Pura Raza Espanola) - Andalusier","Dressage","","20260119T121135_logfile.itlog","2026-01-19T19:11:35.549Z","In hand","Research",,,
8,"trot","right","hard",1243.04,1242.665,1242.655,1243.035,4130.665,4130.29,4130.28,4130.66,0.8,50.0117,0.405,0.4,0.39,0.405,0.385,0.395,0.41,0.4,255.3434,257.719,173.4061,153.4663,51.2658,50.6329,48.1481,50,,,0,0,0.005,0.625,0.01,1.25,0.005,0.625,,,,,81.7815,83.4582,57.4012,58.6525,32.2542,11.6163,22.0654,16.0386,27.5103,31.3,34.1846,30.17,-54.2712,-52.1582,-23.2166,-28.4824,9.1538,8.5998,13.5084,10.7913,-23.1004,-3.0165,-8.5571,-5.2473,,,0.7051,21.0494,42.3364,0.011,1.3933,-2.1507,-0.174,0.1631,-8.5282,,,,,,93.1996,88.7313,95.4557,,,,"Duque","","N/A","2008-01-01T00:00:00.000Z","Bay","Gelding","PRE horse (Pura Raza Espanola) - Andalusier","Dressage","","20260119T121135_logfile.itlog","2026-01-19T19:11:35.549Z","In hand","Research",,,
8,"trot","right","hard",1243.83,1243.45,1243.475,1243.85,4131.455,4131.075,4131.1,4131.475,0.7856,48.5205,0.405,0.395,0.36,0.365,0.385,0.385,0.43,0.41,247.585,266.0855,161.9327,155.49,51.4286,49.8423,45.7143,47.0968,,,0,0,0.02,2.5457,-0.025,-3.1822,-0.02,-2.5457,,,,,76.073,83.1202,59.5307,53.9405,41.5071,26.1832,18.4189,16.6691,21.346,26.1526,34.4756,27.18,-54.7271,-56.9675,-25.0551,-26.7605,6.4805,18.1962,11.5579,7.5438,-35.0267,-7.987,-6.861,-9.1253,,,0.4521,16.8555,23.6071,0.0348,5.5995,-0.9459,-0.1878,-2.7252,-16.9104,,,,,,86.832,87.5467,96.1957,,,,"Duque","","N/A","2008-01-01T00:00:00.000Z","Bay","Gelding","PRE horse (Pura Raza Espanola) - Andalusier","Dressage","","20260119T121135_logfile.itlog","2026-01-19T19:11:35.549Z","In hand","Research",,,
8,"trot","right","hard",1244.615,1244.255,1244.26,1244.625,4132.24,4131.88,4131.885,4132.25,0.7756,48.6885,0.405,0.385,0.355,0.365,0.38,0.41,0.425,0.41,252.7745,278.6112,170.8258,145.9548,51.9231,50.4918,44.9367,47.4026,,,0,0,0,0,-0.005,-0.6446,-0.01,-1.2893,,,,,79.0258,81.9088,57.9415,49.7735,41.3159,18.1517,23.0154,19.9805,24.5794,28.6661,36.5681,23.4508,-54.4464,-53.2426,-21.3734,-26.3228,5.319,15.1963,14.5462,12.7258,-35.997,-2.9554,-8.4691,-7.2547,,,-0.0955,-5.3898,22.0163,0.2239,22.5698,-2.5038,-0.3265,-5.9489,,,,,,,77.6117,92.6742,94.2637,,,,"Duque","","N/A","2008-01-01T00:00:00.000Z","Bay","Gelding","PRE horse (Pura Raza Espanola) - Andalusier","Dressage","","20260119T121135_logfile.itlog","2026-01-19T19:11:35.549Z","In hand","Research",,,
8,"trot","right","hard",1245.39,1244.985,1245.06,1245.39,4133.015,4132.61,4132.685,4133.015,0.7906,50.7427,0.42,0.43,0.35,0.405,0.37,0.345,0.445,0.4,264.9888,297.6794,173.798,149.9739,52.8302,54.4304,44.4444,51.2658,,,0,0,0,0,-0.075,-9.4862,0,0,,,,,76.6142,81.9652,53.569,48.8889,32.2791,17.0818,25.865,14.6708,23.199,26.3549,33.3476,21.8838,-53.4152,-55.6103,-20.2214,-27.0051,4.4544,15.3922,18.2265,12.1568,-27.8248,-1.6896,-7.6385,-2.5139,,,-0.1622,6.9348,-24.93,0.159,18.7239,-5.0216,-0.1383,-1.2321,-10.5119,,,,,,84.0793,92.7696,93.2341,,,,"Duque","","N/A","2008-01-01T00:00:00.000Z","Bay","Gelding","PRE horse (Pura Raza Espanola) - Andalusier","Dressage","","20260119T121135_logfile.itlog","2026-01-19T19:11:35.549Z","In hand","Research",,,
8,"trot","right","hard",1246.19,1245.79,1245.84,1246.165,4133.815,4133.415,4133.465,4133.79,0.8031,51.3285,0.445,0.455,0.35,0.4,0.38,0.375,0.43,0.37,241.2975,275.6046,175.9194,157.0022,55.4517,56.3467,44.586,48.9297,,,0,0,0,0,-0.05,-6.2257,0.025,3.1128,,,,,75.6918,79.5842,56.9795,49.1776,21.3938,15.7192,17.1257,21.7363,23.7783,27.8203,38.935,22.8638,-51.9135,-51.7639,-18.0446,-26.3138,2.8193,12.5903,11.2799,11.7005,-18.5745,-3.129,-5.8458,-10.0359,,,-0.519,-27.4355,-1.3749,0.2223,21.6913,-1.5161,,-11.9378,,,,,,,66.443,90.8576,92.1749,,,,"Duque","","N/A","2008-01-01T00:00:00.000Z","Bay","Gelding","PRE horse (Pura Raza Espanola) - Andalusier","Dressage","","20260119T121135_logfile.itlog","2026-01-19T19:11:35.549Z","In hand","Research",,,
9,"trot","right","hard",1251.46,1251.08,1251.085,1251.465,4139.085,4138.705,4138.71,4139.09,0.7381,47.0741,0.345,0.36,0.365,0.32,0.415,0.4,0.345,0.4,238.8921,241.6414,197.4947,149.4842,47.099,47.6821,49.8294,43.686,,,0.01,1.3548,0.025,3.387,-0.005,-0.6774,-0.005,-0.6774,,,,,82.5643,82.5889,57.8492,51.7804,40.0525,25.3914,22.7649,23.7772,28.0611,31.3458,32.9168,32.0051,-54.5032,-51.2432,-24.9324,-19.7752,8.4059,16.9476,13.6494,13.6706,-31.6466,-8.4438,-9.1155,-10.1067,,,-0.4794,-27.9935,-13.1626,,15.9167,,-0.0789,6.6073,-18.8738,,,,,,87.1729,80.8263,86.062,,,,"Duque","","N/A","2008-01-01T00:00:00.000Z","Bay","Gelding","PRE horse (Pura Raza Espanola) - Andalusier","Dressage","","20260119T121135_logfile.itlog","2026-01-19T19:11:35.549Z","In hand","Research",,,
9,"trot","right","hard",1252.165,1251.83,1251.84,1252.21,4139.79,4139.455,4139.465,4139.835,0.7619,46.5083,0.39,0.355,0.34,0.33,0.36,0.39,0.39,0.425,284.8897,285.4216,175.6422,148.4755,51.1475,47.973,45.7912,41.1215,,,0,0,0.01,1.3126,-0.01,-1.3126,-0.045,-5.9065,,,,,79.2448,80.8126,55.9939,50.6245,41.2225,23.5643,20.879,23.4861,25.6051,29.7975,33.8369,33.2065,-53.6397,-51.0152,-22.157,-17.4181,4.2111,18.8108,14.1578,14.0423,-37.0113,-4.7535,-6.7212,-9.4438,,,0.038,-2.8217,-1.3118,0.114,9.1518,-1.1257,-0.031,6.6485,-6.0754,,,,,,61.5766,80.4062,83.4801,,,,"Duque","","N/A","2008-01-01T00:00:00.000Z","Bay","Gelding","PRE horse (Pura Raza Espanola) - Andalusier","Dressage","","20260119T121135_logfile.itlog","2026-01-19T19:11:35.549Z","In hand","Research",,,
9,"trot","right","hard",1252.94,1252.565,1252.595,1253.06,4140.565,4140.19,4140.22,4140.685,0.7744,45.2578,0.395,0.395,0.35,0.265,0.385,0.38,0.415,0.52,251.0061,281.2853,166.2522,137.2935,50.3185,50.1587,45.4545,35.0993,,,0,0,0.03,3.8741,-0.03,-3.8741,-0.12,-15.4964,,,,,80.4242,82.0907,57.8442,58.1257,35.1096,23.6579,24.1515,16.8929,24.0371,28.8318,36.0693,47.5485,-56.3871,-53.2589,-21.7749,-10.5772,4.7692,18.5287,16.4194,12.016,-30.3405,-5.1291,-7.7321,-4.8769,,,-0.0887,-0.663,1.3193,0.1026,16.5775,-6.8311,-0.0311,0.4698,-1.8406,,,,,,69.3272,,84.6936,,,,"Duque","","N/A","2008-01-01T00:00:00.000Z","Bay","Gelding","PRE horse (Pura Raza Espanola) - Andalusier","Dressage","","20260119T121135_logfile.itlog","2026-01-19T19:11:35.549Z","In hand","Research",,,
9,"trot","right","hard",1253.73,1253.365,1253.37,1253.785,4141.355,4140.99,4140.995,4141.41,0.7844,46.4204,0.385,0.4,0.355,0.315,0.395,0.405,0.425,0.46,243.4522,267.9112,171.0713,148.2435,50,50.7937,45.5128,39.375,,,0,0,0.02,2.5498,-0.005,-0.6375,-0.055,-7.012,,,,,79.9074,80.4371,58.7825,52.2129,37.81,23.7923,22.7259,25.1926,26.3126,30.721,32.8204,31.1458,-53.5948,-49.7162,-25.9621,-21.0671,5.229,18.4372,13.9194,13.1746,-32.581,-5.3551,-8.8065,-12.018,,,-0.3793,-16.527,-12.298,0.1175,14.7682,-5.0879,0.0308,2.9916,-4.8221,,,,,,75.6455,92.5239,84.1132,,,,"Duque","","N/A","2008-01-01T00:00:00.000Z","Bay","Gelding","PRE horse (Pura Raza Espanola) - Andalusier","Dressage","","20260119T121135_logfile.itlog","2026-01-19T19:11:35.549Z","In hand","Research",,,
9,"trot","right","hard",1254.49,1254.135,1254.15,1254.61,4142.115,4141.76,4141.775,4142.235,0.765,45.1162,0.395,0.375,0.36,0.255,0.375,0.37,0.425,0.51,251.6871,270.6937,166.1019,132.1494,50.3185,49.1803,46.1538,34.8123,,,0,0,0.03,3.9216,-0.015,-1.9608,-0.12,-15.6863,,,,,78.304,79.4118,56.8592,54.8908,36.7509,26.6862,21.3804,21.6751,23.8746,29.2244,35.4954,42.7376,-54.4294,-50.1874,-21.3639,-12.1532,4.9796,20.2944,14.9969,11.6594,-31.7712,-6.3917,-6.3835,-10.0157,,,-0.0537,-1.0292,-8.922,0.1223,12.0251,-3.1313,-0.1337,-9.1591,1.1515,,,,,,72.0643,85.6708,86.6513,,,,"Duque","","N/A","2008-01-01T00:00:00.000Z","Bay","Gelding","PRE horse (Pura Raza Espanola) - Andalusier","Dressage","","20260119T121135_logfile.itlog","2026-01-19T19:11:35.549Z","In hand","Research",,,
9,"trot","right","hard",1255.29,1254.915,1254.925,1255.31,4142.915,4142.54,4142.55,4142.935,0.7613,46.4711,0.37,0.37,0.35,0.325,0.405,0.405,0.415,0.445,240.9368,260.3867,167.3195,142.1056,48.8449,48.5246,45.7516,42.7632,,,0.005,0.6568,0.005,0.6568,-0.01,-1.3136,-0.02,-2.6273,,,,,82.304,82.2028,56.7585,57.5368,41.887,18.0278,23.0719,19.171,30.4697,31.5619,35.5307,33.8423,-51.8343,-50.6409,-21.2278,-23.6946,7.3529,13.504,15.6956,11.6855,-34.5341,-4.5239,-7.3762,-7.4855,,,-0.3539,-10.3491,-3.1408,0.0215,10.0168,-3.0566,-0.0444,3.055,-5.8227,,,,,,81.5623,85.4254,86.2329,,,,"Duque","","N/A","2008-01-01T00:00:00.000Z","Bay","Gelding","PRE horse (Pura Raza Espanola) - Andalusier","Dressage","","20260119T121135_logfile.itlog","2026-01-19T19:11:35.549Z","In hand","Research",,,
9,"trot","right","hard",1256.03,1255.665,1255.69,1256.06,4143.655,4143.29,4143.315,4143.685,0.7606,47.6703,0.39,0.37,0.355,0.335,0.37,0.38,0.415,0.425,274.856,282.3213,171.5651,150.5729,51.3158,49.0066,46.7105,43.6482,,,0,0,0.005,0.6574,-0.025,-3.2868,-0.03,-3.9441,,,,,79.7139,80.5218,56.7295,58.1655,43.2497,21.0989,21.5833,24.8071,26.2022,27.588,34.936,34.0704,-53.5116,-52.9338,-21.7935,-24.095,6.6012,19.3372,14.5817,11.314,-36.6486,-1.7616,-7.0016,-13.4931,,,-0.3529,-26.3622,-14.3578,0.1747,8.7976,-2.1674,0.1095,11.7205,-10.2486,,,,,,83.0118,82.2396,86.2418,,,,"Duque","","N/A","2008-01-01T00:00:00.000Z","Bay","Gelding","PRE horse (Pura Raza Espanola) - Andalusier","Dressage","","20260119T121135_logfile.itlog","2026-01-19T19:11:35.549Z","In hand","Research",,,
9,"trot","right","hard",1256.79,1256.425,1256.44,1256.835,4144.415,4144.05,4144.065,4144.46,0.7744,48.3911,0.42,0.38,0.365,0.335,0.37,0.39,0.395,0.44,267.8256,272.0194,173.1793,156.8253,53.6741,48.5623,47.2492,44.0789,,,0,0,0.01,1.2914,-0.015,-1.937,-0.045,-5.8111,,,,,81.1983,84.8716,62.5373,56.5235,35.4345,20.9936,19.7573,15.9269,27.6246,27.6882,38.6105,31.2947,-53.5736,-57.1835,-23.9269,-25.2289,6.9486,17.63,12.3378,7.8537,-28.4859,-3.3635,-7.4195,-8.0732,,,0.4597,9.5572,18.9021,0.1953,13.5734,4.118,-0.3549,,1.194,,,,,,76.8446,89.4808,,,,,"Duque","","N/A","2008-01-01T00:00:00.000Z","Bay","Gelding","PRE horse (Pura Raza Espanola) - Andalusier","Dressage","","20260119T121135_logfile.itlog","2026-01-19T19:11:35.549Z","In hand","Research",,,
9,"trot","right","hard",1257.565,1257.22,1257.225,1257.58,4145.19,4144.845,4144.85,4145.205,0.7656,45.6257,0.375,0.34,0.335,0.345,0.355,0.415,0.42,0.41,261.1073,281.0179,183.8408,156.9342,50.6757,45.1827,42.2713,44.373,,,0.005,0.6531,0.03,3.9184,-0.005,-0.6531,-0.015,-1.9592,,,,,83.0714,86.4899,61.5299,55.2355,39.5338,29.7419,25.3808,25.1651,24.4997,33.7837,37.3518,31.1456,-58.5716,-52.7062,-24.1781,-24.0899,4.9977,21.6894,17.2281,13.6245,-34.5361,-8.0526,-8.1527,-11.5406,,,-0.0308,10.1884,7.2851,0.2522,,-0.0009,-0.2706,-7.2579,-18.549,,,,,,76.3739,93.3172,,,,,"Duque","","N/A","2008-01-01T00:00:00.000Z","Bay","Gelding","PRE horse (Pura Raza Espanola) - Andalusier","Dressage","","20260119T121135_logfile.itlog","2026-01-19T19:11:35.549Z","In hand","Research",,,
9,"trot","right","hard",1258.315,1257.97,1258.055,1258.38,4145.94,4145.595,4145.68,4146.005,0.7694,44.1253,0.395,0.385,0.265,0.315,0.375,0.41,0.495,0.455,280.6362,287.4208,169.4508,157.7454,51.4658,49.359,36.3014,39.375,,,0,0,0.025,3.2494,-0.085,-11.0479,-0.065,-8.4484,,,,,80.2077,84.9597,60.6772,52.5122,43.0382,22.9368,19.4302,22.9773,25.3042,33.9177,46.3607,32.6757,-54.9036,-51.0419,-14.3165,-19.8365,7.6462,16.7434,17.1573,11.61,-35.3919,-6.1935,-2.2729,-11.3672,,,0.0083,-7.3312,-9.137,0.0729,8.8287,-6.7181,-0.2824,-0.7083,-18.1296,,,,,,76.1633,84.7933,93.0823,,,,"Duque","","N/A","2008-01-01T00:00:00.000Z","Bay","Gelding","PRE horse (Pura Raza Espanola) - Andalusier","Dressage","","20260119T121135_logfile.itlog","2026-01-19T19:11:35.549Z","In hand","Research",,,
9,"trot","right","hard",1259.08,1258.735,1258.755,1259.21,4146.705,4146.36,4146.38,4146.835,0.7625,44.806,0.405,0.365,0.345,0.255,0.37,0.38,0.435,0.515,270.6147,269.4483,173.8089,145.905,52.09,48.1848,44.373,34.5763,,,0,0,0.02,2.623,-0.02,-2.623,-0.13,-17.0492,,,,,75.1205,82.4398,61.4347,47.2859,39.0097,21.3709,22.362,16.9977,22.7715,29.5417,37.8592,35.9612,-52.349,-52.8981,-23.5755,-11.3246,5.0533,15.6238,14.9776,9.9785,-33.9565,-5.747,-7.3843,-7.0192,,,0.1485,-3.2881,16.1712,0.0234,5.2365,1.7507,-0.2081,-2.61,-21.8972,,,,,,76.1832,80.7413,96.7363,,,,"Duque","","N/A","2008-01-01T00:00:00.000Z","Bay","Gelding","PRE horse (Pura Raza Espanola) - Andalusier","Dressage","","20260119T121135_logfile.itlog","2026-01-19T19:11:35.549Z","In hand","Research",,,
9,"trot","right","hard",1259.86,1259.505,1259.53,1259.915,4147.485,4147.13,4147.155,4147.54,0.7594,46.862,0.385,0.395,0.335,0.31,0.375,0.405,0.43,0.45,245.46,263.1943,180.0389,145.8591,50.9934,50.4792,44.2244,41.7508,,,0,0,0.025,3.2922,-0.025,-3.2922,-0.055,-7.2428,,,,,79.4919,82.3797,58.8643,46.8886,33.8785,19.2219,23.2853,18.185,24.5509,33.0913,34.7906,28.4221,-54.941,-49.2884,-24.0737,-18.4665,4.7497,14.1053,15.9608,11.8771,-29.1288,-5.1166,-7.3245,-6.3078,,,-0.33,6.0108,-7.4004,0.0382,10.0679,-5.7434,0.1347,12.9758,-11.0593,,,,,,77.428,79.9234,90.9386,,,,"Duque","","N/A","2008-01-01T00:00:00.000Z","Bay","Gelding","PRE horse (Pura Raza Espanola) - Andalusier","Dressage","","20260119T121135_logfile.itlog","2026-01-19T19:11:35.549Z","In hand","Research",,,
9,"trot","right","hard",1260.61,1260.27,1260.28,1260.64,4148.235,4147.895,4147.905,4148.265,0.7513,48.2525,0.395,0.355,0.35,0.35,0.365,0.37,0.415,0.415,257.2259,273.1083,176.1049,152.7137,52.3179,47.973,46.0526,46.6667,,,0,0,0.02,2.6622,-0.01,-1.3311,-0.03,-3.9933,,,,,78.509,83.6802,56.2789,45.6258,38.0908,18.3233,21.3948,13.2079,26.6579,30.0948,35.1414,22.9401,-51.8512,-53.5853,-21.1375,-22.6856,7.8917,13.177,15.4541,9.0437,-30.1991,-5.1463,-5.9407,-4.1643,,,-0.1207,-18.1332,-16.7525,0.012,1.8351,-3.4502,0.0139,9.5939,-5.2666,,,,,,75.1715,74.7405,85.1862,,,,"Duque","","N/A","2008-01-01T00:00:00.000Z","Bay","Gelding","PRE horse (Pura Raza Espanola) - Andalusier","Dressage","","20260119T121135_logfile.itlog","2026-01-19T19:11:35.549Z","In hand","Research",,,
9,"trot","right","hard",1261.36,1261.025,1261.035,1261.375,4148.985,4148.65,4148.66,4149,0.755,48.5052,0.395,0.36,0.35,0.36,0.355,0.4,0.405,0.385,267.6371,283.2494,165.4786,150.1583,52.1452,47.8405,46.6667,47.3684,,,0,0,0.015,1.9868,-0.01,-1.3245,-0.015,-1.9868,,,,,79.3414,78.4007,56.0879,40.501,38.3071,18.123,25.0405,18.5844,26.3814,29.9043,35.4097,20.5084,-52.9601,-48.4964,-20.6782,-19.9927,6.8241,12.9694,18.1971,13.2192,-31.483,-5.1536,-6.8434,-5.3652,,,0.5789,6.9233,,-0.0154,-1.2381,3.226,-0.1695,-3.5081,-10.7833,,,,,,78.9129,68.9525,80.3558,,,,"Duque","","N/A","2008-01-01T00:00:00.000Z","Bay","Gelding","PRE horse (Pura Raza Espanola) - Andalusier","Dressage","","20260119T121135_logfile.itlog","2026-01-19T19:11:35.549Z","In hand","Research",,,
9,"trot","right","hard",1262.125,1261.77,1261.78,1262.15,4149.75,4149.395,4149.405,4149.775,0.7719,48.3981,0.395,0.4,0.35,0.35,0.37,0.385,0.395,0.415,256.7067,262.493,176.6201,140.5175,50.641,51.4469,45.9016,45.6026,,,0,0,0.02,2.5911,-0.01,-1.2955,-0.025,-3.2389,,,,,82.0082,80.0346,55.6856,46.6711,27.6509,17.7003,21.7684,14.5028,25.3542,30.9867,34.4455,26.0726,-56.654,-49.0478,-21.2401,-20.5985,5.9381,13.2493,14.3745,12.2525,-21.7128,-4.4511,-7.3939,-2.2502,,,0.4392,6.9931,29.9852,0.0695,7.419,-7.1747,-0.2127,-4.567,-8.7093,,,,,,75.6314,80.5648,84.8653,,,,"Duque","","N/A","2008-01-01T00:00:00.000Z","Bay","Gelding","PRE horse (Pura Raza Espanola) - Andalusier","Dressage","","20260119T121135_logfile.itlog","2026-01-19T19:11:35.549Z","In hand","Research",,,
9,"trot","right","hard",1262.92,1262.54,1262.56,1262.92,4150.545,4150.165,4150.185,4150.545,0.7581,47.0105,0.36,0.36,0.355,0.35,0.4,0.37,0.43,0.42,247.9416,262.6297,163.2711,144.0905,48.4848,48,45.9547,45.6026,,,0.005,0.6595,0.03,3.9571,-0.02,-2.6381,0,0,,,,,77.911,84.035,59.6951,48.0963,38.2456,22.5867,20.5432,16.9652,27.4975,28.7553,37.9712,27.4208,-50.4135,-55.2797,-21.7238,-20.6755,10.1361,15.1307,14.5629,12.5525,-28.1095,-7.456,-5.9803,-4.4127,,,0.1943,3.5449,12.5444,0.1619,12.0423,1.5676,-0.153,0.78,-13.9416,,,,,,62.9827,80.5503,85.9987,,,,"Duque","","N/A","2008-01-01T00:00:00.000Z","Bay","Gelding","PRE horse (Pura Raza Espanola) - Andalusier","Dressage","","20260119T121135_logfile.itlog","2026-01-19T19:11:35.549Z","In hand","Research",,,
9,"trot","right","hard",1263.645,1263.31,1263.32,1263.685,4151.27,4150.935,4150.945,4151.31,0.7356,46.4003,0.37,0.34,0.34,0.315,0.365,0.41,0.405,0.415,272.8969,289.7725,176.4359,148.0654,50.6849,46.2585,45.9459,42.7119,,,0,0,0.015,2.0391,-0.01,-1.3594,-0.04,-5.4376,,,,,79.6701,81.0386,55.81,47.9286,39.3026,27.9741,22.8197,24.0406,27.9308,31.6121,33.6094,31.4832,-51.7393,-49.4265,-22.2006,-16.4454,6.5171,17.8421,16.3754,13.4987,-32.7855,-10.132,-6.4443,-10.5419,,,-0.1331,5.1315,-10.1065,0.2605,12.3076,8.1184,0.0144,13.7646,-17.1393,,,,,,71.8927,76.5448,86.6684,,,,"Duque","","N/A","2008-01-01T00:00:00.000Z","Bay","Gelding","PRE horse (Pura Raza Espanola) - Andalusier","Dressage","","20260119T121135_logfile.itlog","2026-01-19T19:11:35.549Z","In hand","Research",,,
9,"trot","right","hard",1264.37,1264.03,1264.055,1264.43,4151.995,4151.655,4151.68,4152.055,0.7488,47.0648,0.39,0.365,0.335,0.32,0.355,0.38,0.395,0.43,272.6158,288.2702,174.5129,144.9573,51.6556,48.6667,45.2703,42.6667,,,0,0,0.025,3.3389,-0.025,-3.3389,-0.06,-8.0134,,,,,82.3157,80.8097,55.4211,52.2651,34.2195,21.7053,25.9859,19.3114,27.1615,30.7601,33.1631,34.5915,-55.1542,-50.0495,-22.258,-17.6735,4.0277,15.7335,18.1188,12.5538,-30.1918,-5.9717,-7.867,-6.7577,,,0.3214,3.3086,4.043,0.0796,5.8122,-1.9749,-0.0377,5.0787,-6.1454,,,,,,76.9653,75.0628,85.9626,,,,"Duque","","N/A","2008-01-01T00:00:00.000Z","Bay","Gelding","PRE horse (Pura Raza Espanola) - Andalusier","Dressage","","20260119T121135_logfile.itlog","2026-01-19T19:11:35.549Z","In hand","Research",,,
9,"trot","right","hard",1265.135,1264.785,1264.805,1265.18,4152.76,4152.41,4152.43,4152.805,0.765,47.5333,0.405,0.37,0.34,0.34,0.375,0.39,0.415,0.43,254.9219,265.9677,166.7005,144.2175,52.09,49.0066,44.7368,44.2997,,,0,0,0,0,-0.02,-2.6144,-0.045,-5.8824,,,,,80.158,81.7194,60.3898,57.0937,36.124,19.3444,18.7844,13.3074,25.433,29.144,38.4123,35.6981,-54.725,-52.5754,-21.9775,-21.3956,6.8749,14.4828,13.4926,11.3745,-29.2492,-4.8616,-5.2918,-1.9329,,,-0.017,-11.7698,13.1983,0.0181,3.2451,-3.7241,0.0496,10.7979,-6.7612,,,,,,76.9395,82.4651,86.0416,,,,"Duque","","N/A","2008-01-01T00:00:00.000Z","Bay","Gelding","PRE horse (Pura Raza Espanola) - Andalusier","Dressage","","20260119T121135_logfile.itlog","2026-01-19T19:11:35.549Z","In hand","Research",,,
9,"trot","right","hard",1265.91,1265.535,1265.57,1265.945,4153.535,4153.16,4153.195,4153.57,0.7694,47.2939,0.385,0.385,0.35,0.335,0.37,0.38,0.425,0.425,257.3423,274.3701,173.7426,154.3889,50.8251,49.6774,45.3074,43.3657,,,0,0,0.025,3.2494,-0.035,-4.5491,-0.035,-4.5491,,,,,80.6599,79.6987,58.4192,53.1853,33.9582,22.6922,19.6344,21.784,25.3722,26.3327,36.9786,31.1627,-55.2876,-53.366,-21.4406,-22.0226,6.3095,16.8763,13.2483,13.3416,-27.6488,-5.8159,-6.3861,-8.4424,,,0.0957,-8.8899,14.6488,-0.0056,2.4648,-3.2663,-0.0825,-2.6952,-4.8735,,,,,,75.5895,86.3868,86.2052,,,,"Duque","","N/A","2008-01-01T00:00:00.000Z","Bay","Gelding","PRE horse (Pura Raza Espanola) - Andalusier","Dressage","","20260119T121135_logfile.itlog","2026-01-19T19:11:35.549Z","In hand","Research",,,
9,"trot","right","hard",1266.67,1266.32,1266.34,1266.73,4154.295,4153.945,4153.965,4154.355,0.7675,46.708,0.395,0.37,0.35,0.32,0.375,0.4,0.42,0.45,253.9229,263.7227,172.3848,134.7867,50.4792,48.366,45.6026,42.3841,,,0,0,0.015,1.9544,-0.02,-2.6059,-0.06,-7.8176,,,,,78.603,79.4845,57.2006,56.2999,34.4996,22.9101,22.2507,16.7735,25.4773,30.3276,35.948,36.6192,-53.1256,-49.1569,-21.2526,-19.6807,5.5823,16.6445,16.8078,11.355,-28.9172,-6.2656,-5.443,-5.4185,,,-0.2768,-17.4575,5.748,0.1097,12.3677,0.1462,-0.0964,-2.6863,-5.3698,,,,,,80.0248,83.0148,84.6618,,,,"Duque","","N/A","2008-01-01T00:00:00.000Z","Bay","Gelding","PRE horse (Pura Raza Espanola) - Andalusier","Dressage","","20260119T121135_logfile.itlog","2026-01-19T19:11:35.549Z","In hand","Research",,,
9,"trot","right","hard",1267.465,1267.08,1267.105,1267.47,4155.09,4154.705,4154.73,4155.095,0.7488,46.7341,0.355,0.37,0.34,0.335,0.4,0.39,0.415,0.42,237.5069,273.6364,168.6659,146.7534,47.8114,48.2085,45.1827,45.7338,,,0.015,2.0033,0.035,4.6745,-0.025,-3.3389,-0.005,-0.6678,,,,,78.7825,77.6533,59.3206,60.6473,34.356,23.7379,22.5559,11.3302,27.2733,28.6542,37.7254,36.7695,-51.5092,-48.9991,-21.5952,-23.8778,7.9906,17.6326,15.1995,10.6547,-26.3654,-6.1053,-7.3563,-0.6755,,,-0.3011,-20.5473,-1.6803,0.2088,16.4825,-3.2679,-0.1151,1.138,-11.1007,,,,,,74.0823,86.4279,79.7688,,,,"Duque","","N/A","2008-01-01T00:00:00.000Z","Bay","Gelding","PRE horse (Pura Raza Espanola) - Andalusier","Dressage","","20260119T121135_logfile.itlog","2026-01-19T19:11:35.549Z","In hand","Research",,,
9,"trot","right","hard",1268.195,1267.855,1267.855,1268.18,4155.82,4155.48,4155.48,4155.805,0.7231,47.3757,0.35,0.33,0.335,0.355,0.375,0.405,0.41,0.375,255.0769,250.9873,175.8136,164.3963,48.951,45.993,45.4237,49.1349,,,0,0,0.01,1.3829,0,0,0.015,2.0743,,,,,78.1186,86.361,62.8043,62.0405,38.8762,19.7427,23.771,13.4041,24.2606,32.8587,39.998,32.7089,-53.858,-53.5023,-22.8062,-29.3316,7.0776,14.054,15.8653,9.5885,-31.7986,-5.6887,-7.9057,-3.8156,,,-0.5264,-14.7272,7.2491,0.1709,17.2718,4.6718,-0.0251,-0.3164,-10.7748,,,,,,69.9539,86.0694,80.2641,,,,"Duque","","N/A","2008-01-01T00:00:00.000Z","Bay","Gelding","PRE horse (Pura Raza Espanola) - Andalusier","Dressage","","20260119T121135_logfile.itlog","2026-01-19T19:11:35.549Z","In hand","Research",,,
9,"trot","right","hard",1268.9,1268.555,1268.585,1268.895,4156.525,4156.18,4156.21,4156.52,0.725,48.09,0.375,0.345,0.32,0.355,0.355,0.37,0.395,0.36,278.1572,312.188,191.7843,177.7585,51.0204,48.2517,44.2907,48.7973,,,0,0,0,0,-0.03,-4.1379,0.005,0.6897,,,,,83.8768,85.2121,58.4852,60.592,44.2981,29.4512,21.671,18.2153,24.0188,30.274,36.7083,31.3936,-59.8579,-54.9381,-21.777,-29.1985,5.8073,22.9339,14.002,10.032,-38.4908,-6.5173,-7.669,-8.1833,,,-0.5866,-25.0957,,0.1898,20.2169,-9.6352,0.111,15.3517,1.4266,,,,,,83.5068,86.5616,81.0799,,,,"Duque","","N/A","2008-01-01T00:00:00.000Z","Bay","Gelding","PRE horse (Pura Raza Espanola) - Andalusier","Dressage","","20260119T121135_logfile.itlog","2026-01-19T19:11:35.549Z","In hand","Research",,,
9,"trot","right","hard",1269.64,1269.27,1269.315,1269.635,4157.265,4156.895,4156.94,4157.26,0.7506,47.1235,0.37,0.365,0.32,0.36,0.365,0.37,0.41,0.385,293.2563,306.8869,182.3577,173.9173,50,48.505,43.5374,46.4516,,,0,0,0.03,3.9967,-0.045,-5.995,0.005,0.6661,,,,,78.3705,85.2851,62.5788,55.5007,39.4635,19.8655,16.4023,22.7087,25.2646,28.462,38.9842,28.197,-53.1059,-56.8231,-23.5946,-27.3037,5.9692,16.0755,9.5523,13.4314,-33.4943,-3.79,-6.8501,-9.2773,,,-0.3261,-22.8228,-2.6575,0.1798,14.8121,-5.4819,-0.2058,5.8518,-16.6704,,,,,,64.354,93.7775,86.927,,,,"Duque","","N/A","2008-01-01T00:00:00.000Z","Bay","Gelding","PRE horse (Pura Raza Espanola) - Andalusier","Dressage","","20260119T121135_logfile.itlog","2026-01-19T19:11:35.549Z","In hand","Research",,,
9,"trot","right","hard",1270.385,1270.04,1270.055,1270.44,4158.01,4157.665,4157.68,4158.065,0.7363,45.484,0.37,0.335,0.335,0.3,0.375,0.405,0.42,0.445,260.4647,271.8673,181.4697,156.6064,49.8316,46.2069,44.5183,41.3793,,,0,0,0,0,-0.015,-2.0374,-0.055,-7.4703,,,,,81.5157,82.0545,60.4845,54.2788,41.3825,19.8938,19.8091,17.3242,25.3393,29.7516,36.7199,34.1676,-56.1764,-52.3029,-23.7646,-20.1111,8.8124,14.6719,13.8625,9.5255,-32.5701,-5.2219,-5.9467,-7.7987,,,-0.3835,-16.2118,-6.5322,0.2012,18.3279,6.7443,-0.2571,-9.4874,-14.7174,,,,,,70.9034,90.7965,88.3738,,,,"Duque","","N/A","2008-01-01T00:00:00.000Z","Bay","Gelding","PRE horse (Pura Raza Espanola) - Andalusier","Dressage","","20260119T121135_logfile.itlog","2026-01-19T19:11:35.549Z","In hand","Research",,,
9,"trot","right","hard",1271.125,1270.75,1270.805,1271.145,4158.75,4158.375,4158.43,4158.77,0.7669,47.6123,0.415,0.375,0.32,0.35,0.37,0.375,0.415,0.405,287.6075,278.0453,182.1111,160.6921,54.4262,49.0196,43.3898,43.6137,,,0,0,0,0,-0.055,-7.172,-0.02,-2.608,,,,,85.2737,79.4781,58.0509,46.8229,25.3473,32.6028,22.2214,26.1293,29.4678,27.6975,36.815,25.7596,-55.806,-51.7805,-21.2358,-21.0633,0.1697,23.6214,16.4741,13.0497,-25.1776,-8.9814,-5.7473,-13.0797,,,0.0412,-4.067,-11.0293,0.2497,14.3107,1.7506,-0.3298,-6.4438,-18.7293,,,,,,76.855,80.2669,87.4871,,,,"Duque","","N/A","2008-01-01T00:00:00.000Z","Bay","Gelding","PRE horse (Pura Raza Espanola) - Andalusier","Dressage","","20260119T121135_logfile.itlog","2026-01-19T19:11:35.549Z","In hand","Research",,,
9,"trot","right","hard",1271.865,1271.53,1271.545,1271.995,4159.49,4159.155,4159.17,4159.62,0.76,45.5145,0.41,0.365,0.345,0.265,0.325,0.405,0.42,0.5,278.9167,267.7824,175.983,139.9054,54.1254,47.557,44.8052,35.5705,,,0,0,0.02,2.6316,-0.015,-1.9737,-0.13,-17.1053,,,,,83.8438,83.1549,58.7599,47.0531,37.7219,18.3859,28.1372,17.6274,25.8298,29.9079,36.2983,35.7118,-58.0141,-53.247,-22.4615,-11.3413,4.7544,14.6683,18.4509,12.4014,-32.9675,-3.7175,-9.6863,-5.226,,,0.2333,-6.4201,21.8428,0.1696,12.2717,1.1428,-0.3422,-17.9744,-15.387,,,,,,78.1915,83.6812,96.7408,,,,"Duque","","N/A","2008-01-01T00:00:00.000Z","Bay","Gelding","PRE horse (Pura Raza Espanola) - Andalusier","Dressage","","20260119T121135_logfile.itlog","2026-01-19T19:11:35.549Z","In hand","Research",,,
9,"trot","right","hard",1272.645,1272.295,1272.32,1272.72,4160.27,4159.92,4159.945,4160.345,0.7744,46.6308,0.41,0.375,0.345,0.315,0.37,0.4,0.43,0.46,268.72,266.782,178.0788,135.2184,52.5641,48.5437,44.373,41.0423,,,0,0,0.01,1.2914,-0.025,-3.2284,-0.075,-9.6852,,,,,78.4708,82.2163,54.2477,48.5091,35.627,10.8375,20.9642,17.2134,27.3984,30.6367,32.1026,31.2862,-51.0725,-51.5797,-22.145,-17.2229,5.3685,9.02,14.5969,13.3617,-30.2585,-1.8174,-6.3674,-3.8517,,,0.2649,11.0714,13.3548,0.1559,11.522,2.3505,-0.1904,-7.4089,-9.6109,,,,,,80.2868,79.4404,94.7765,,,,"Duque","","N/A","2008-01-01T00:00:00.000Z","Bay","Gelding","PRE horse (Pura Raza Espanola) - Andalusier","Dressage","","20260119T121135_logfile.itlog","2026-01-19T19:11:35.549Z","In hand","Research",,,
9,"trot","right","hard",1273.425,1273.065,1273.1,1273.48,4161.05,4160.69,4160.725,4161.105,0.765,47.0179,0.405,0.375,0.34,0.32,0.37,0.395,0.435,0.445,241.4447,259.9171,156.2497,145.8176,52.5974,48.0769,44.4444,42.953,,,0,0,0.025,3.268,-0.035,-4.5752,-0.055,-7.1895,,,,,76.9638,80.3635,58.2207,45.5799,35.3236,17.448,19.867,12.6692,23.1387,28.6094,37.5567,26.1788,-53.8251,-51.7541,-20.664,-19.4012,8.2234,13.0439,13.9638,8.3177,-27.1002,-4.4041,-5.9032,-4.3515,,,-0.2004,-13.7821,2.3504,0.2055,8.9772,3.5086,-0.1442,2.6386,-18.991,,,,,,75.8375,77.7331,87.7809,,,,"Duque","","N/A","2008-01-01T00:00:00.000Z","Bay","Gelding","PRE horse (Pura Raza Espanola) - Andalusier","Dressage","","20260119T121135_logfile.itlog","2026-01-19T19:11:35.549Z","In hand","Research",,,
9,"trot","right","hard",1274.19,1273.855,1273.855,1274.205,4161.815,4161.48,4161.48,4161.83,0.7756,48.005,0.4,0.36,0.355,0.375,0.36,0.415,0.415,0.405,258.1729,254.0148,172.0257,144.2063,50.4732,46.9055,46.2541,48.3871,,,0,0,0.025,3.2232,0,0,-0.015,-1.9339,,,,,78.929,79.7423,57.1909,48.6947,30.0625,19.6669,21.4767,13.1649,23.5503,28.8544,34.6112,24.2243,-55.3787,-50.8879,-22.5797,-24.4704,5.4842,12.8594,14.6921,12.162,-24.5784,-6.8075,-6.7846,-1.0029,,,,16.8808,29.3763,-0.0755,-1.9295,4.5749,-0.1548,-6.0066,-11.1604,,,,,,82.8094,77.205,80.3486,,,,"Duque","","N/A","2008-01-01T00:00:00.000Z","Bay","Gelding","PRE horse (Pura Raza Espanola) - Andalusier","Dressage","","20260119T121135_logfile.itlog","2026-01-19T19:11:35.549Z","In hand","Research",,,
9,"trot","right","hard",1275.015,1274.615,1274.62,1274.975,4162.64,4162.24,4162.245,4162.6,0.7337,45.9459,0.3,0.36,0.345,0.345,0.425,0.4,0.41,0.395,239.0136,264.6141,171.4418,159.0167,43.4783,47.8405,46.4646,46,,,0,0,0.03,4.0886,-0.005,-0.6814,0.04,5.4514,,,,,82.2771,81.3697,61.968,53.7784,36.8462,25.7856,26.2924,26.9145,30.7311,30.3043,38.6923,28.0911,-51.5461,-51.0654,-23.2757,-25.6873,7.4108,16.4085,16.444,17.6336,-29.4354,-9.3771,-9.8484,-9.2808,,,0.1914,-5.7307,29.9417,-0.0127,4.7997,-6.3696,0.0018,-1.6299,-3.7358,,,,,,79.1987,74.8273,73.1379,,,,"Duque","","N/A","2008-01-01T00:00:00.000Z","Bay","Gelding","PRE horse (Pura Raza Espanola) - Andalusier","Dressage","","20260119T121135_logfile.itlog","2026-01-19T19:11:35.549Z","In hand","Research",,,
9,"trot","right","hard",1275.67,1275.36,1275.35,1275.735,4163.295,4162.985,4162.975,4163.36,0.7075,45.5339,0.36,0.315,0.335,0.28,0.355,0.385,0.385,0.415,288.5603,274.8072,194.7097,173.6055,50.1742,45.1613,46.3668,40.4332,,,0,0,0.025,3.5336,0.01,1.4134,-0.065,-9.1873,,,,,77.7091,81.5666,61.7011,54.7056,43.9596,30.8706,25.0617,21.0633,23.327,29.4388,35.9642,35.3536,-54.3821,-52.1278,-25.737,-19.3521,7.2768,21.6809,14.7815,12.6318,-36.6828,-9.1897,-10.2803,-8.4315,,,-0.0783,-4.6917,14.011,0.195,14.6489,-2.4302,-0.284,-14.7525,-0.6325,,,,,,66.4177,82.8897,80.8645,,,,"Duque","","N/A","2008-01-01T00:00:00.000Z","Bay","Gelding","PRE horse (Pura Raza Espanola) - Andalusier","Dressage","","20260119T121135_logfile.itlog","2026-01-19T19:11:35.549Z","In hand","Research",,,
9,"trot","right","hard",1276.39,1276.055,1276.075,1276.425,4164.015,4163.68,4163.7,4164.05,0.6981,45.1445,0.345,0.32,0.305,0.29,0.36,0.38,0.39,0.41,280.0586,296.8715,192.6995,164.1188,49.2857,46.8864,43.4164,40.9894,,,0.01,1.4324,0,0,-0.02,-2.8648,-0.035,-5.0134,,,,,85.2143,81.3135,57.4852,55.2161,39.1843,28.4656,22.9034,22.2126,28.3849,28.6553,33.766,36.8961,-56.8294,-52.6582,-23.7193,-18.3199,6.2366,21.7876,15.4705,12.0709,-32.9478,-6.678,-7.4329,-10.1416,,,-0.5293,-12.0848,-16.4563,0.1963,20.2394,-3.0313,-0.1822,-0.4971,-13.615,,,,,,69.5934,84.5202,80.413,,,,"Duque","","N/A","2008-01-01T00:00:00.000Z","Bay","Gelding","PRE horse (Pura Raza Espanola) - Andalusier","Dressage","","20260119T121135_logfile.itlog","2026-01-19T19:11:35.549Z","In hand","Research",,,
9,"trot","right","hard",1277.085,1276.72,1276.785,1277.14,4164.71,4164.345,4164.41,4164.765,0.725,45.5062,0.365,0.36,0.305,0.29,0.35,0.345,0.405,0.425,295.5348,318.8027,179.7161,157.6079,50.3448,49.1468,42.807,39.726,,,0,0,0.03,4.1379,-0.065,-8.9655,-0.055,-7.5862,,,,,81.5672,81.2256,60.0384,55.2582,36.057,29.8383,21.6079,24.1411,25.4063,25.7939,40.6158,36.4599,-56.1609,-55.4318,-19.4226,-18.7983,5.515,21.9747,14.8928,13.1082,-30.542,-7.8635,-6.7151,-11.0329,,,0.1121,1.2964,-11.4694,0.2805,20.8085,-1.4515,,-12.5896,-13.9434,,,,,,62.3736,92.0527,90.6546,,,,"Duque","","N/A","2008-01-01T00:00:00.000Z","Bay","Gelding","PRE horse (Pura Raza Espanola) - Andalusier","Dressage","","20260119T121135_logfile.itlog","2026-01-19T19:11:35.549Z","In hand","Research",,,
9,"trot","right","hard",1277.82,1277.48,1277.5,1277.885,4165.445,4165.105,4165.125,4165.51,0.7569,45.89,0.39,0.37,0.33,0.3,0.37,0.4,0.41,0.455,266.0565,279.408,178.5101,147.2502,51.3158,48.8449,42.4437,40.9556,,,0,0,0.015,1.9818,-0.02,-2.6424,-0.065,-8.5879,,,,,78.1703,81.6649,58.2446,57.6343,38.3785,24.5538,24.8476,14.6698,24.6487,32.4631,37.1339,38.3855,-53.5216,-49.2017,-21.1107,-19.2488,5.0857,18.6042,17.0725,12.5949,-33.2928,-5.9496,-7.7752,-2.0749,,,-0.3154,-7.6891,-2.3417,0.2061,,-1.14,-0.2245,-4.702,-18.9142,,,,,,65.8268,,90.6526,,,,"Duque","","N/A","2008-01-01T00:00:00.000Z","Bay","Gelding","PRE horse (Pura Raza Espanola) - Andalusier","Dressage","","20260119T121135_logfile.itlog","2026-01-19T19:11:35.549Z","In hand","Research",,,
9,"trot","right","hard",1278.58,1278.225,1278.315,1278.595,4166.205,4165.85,4165.94,4166.22,0.7419,45.5978,0.38,0.355,0.27,0.35,0.37,0.375,0.485,0.41,256.0695,275.1605,167.9003,157.119,51.0067,48.2993,37.6307,45.4545,,,0,0,0.005,0.674,-0.09,-12.1314,-0.015,-2.0219,,,,,79.0415,79.5174,57.2318,56.3092,36.5163,17.2669,23.6957,17.2888,26.6252,29.4262,44.0479,32.6855,-52.4164,-50.0912,-13.1839,-23.6237,6.5877,14.4054,21.7664,13.0196,-29.9287,-2.8614,-1.9293,-4.2691,,,-0.3514,-8.2768,-12.4841,-0.005,9.5125,-6.5496,0.0093,4.458,-7.2888,,,,,,69.5612,84.0892,84.6257,,,,"Duque","","N/A","2008-01-01T00:00:00.000Z","Bay","Gelding","PRE horse (Pura Raza Espanola) - Andalusier","Dressage","","20260119T121135_logfile.itlog","2026-01-19T19:11:35.549Z","In hand","Research",,,
9,"trot","right","hard",1279.32,1278.965,1278.995,1279.375,4166.945,4166.59,4166.62,4167,0.7637,47.5724,0.395,0.395,0.345,0.32,0.36,0.385,0.41,0.43,261.076,271.1671,174.3995,144.5068,50.9677,50.9677,45.5446,42.8094,,,0,0,0.02,2.6187,-0.03,-3.928,-0.055,-7.2013,,,,,77.6791,81.6512,59.1851,59.4807,36.6131,24.1578,18.0348,19.2822,22.2619,31.3816,38.5822,39.2293,-55.4172,-50.2696,-20.6029,-20.2515,5.4129,17.7394,12.0661,10.7319,-31.2002,-6.4184,-5.9687,-8.5503,,,-0.4698,-9.676,-27.8515,0.1829,15.926,-4.7248,-0.0353,6.7924,-6.287,,,,,,87.1111,79.9552,87.3598,,,,"Duque","","N/A","2008-01-01T00:00:00.000Z","Bay","Gelding","PRE horse (Pura Raza Espanola) - Andalusier","Dressage","","20260119T121135_logfile.itlog","2026-01-19T19:11:35.549Z","In hand","Research",,,
9,"trot","right","hard",1280.115,1279.735,1279.755,1280.12,4167.74,4167.36,4167.38,4167.745,0.7406,45.2659,0.34,0.355,0.33,0.315,0.4,0.375,0.415,0.425,238.3395,268.1767,173.5131,155.0744,47.0588,48.1356,44.1472,41.7219,,,0.025,3.3755,0.025,3.3755,-0.02,-2.7004,-0.005,-0.6751,,,,,83.1003,80.2729,56.7879,54.8655,38.7822,22.5991,22.4609,21.6022,33.6492,30.9001,35.7689,34.0449,-49.4511,-49.3728,-21.019,-20.8206,7.5714,16.993,15.832,12.0609,-31.2108,-5.6061,-6.6288,-9.5413,,,-0.1898,-21.1832,-16.0716,0.1144,6.9668,-2.1813,-0.1078,9.8988,-13.1225,,,,,,81.9711,80.7936,93.0825,,,,"Duque","","N/A","2008-01-01T00:00:00.000Z","Bay","Gelding","PRE horse (Pura Raza Espanola) - Andalusier","Dressage","","20260119T121135_logfile.itlog","2026-01-19T19:11:35.549Z","In hand","Research",,,
9,"trot","right","hard",1280.82,1280.48,1280.505,1280.89,4168.445,4168.105,4168.13,4168.515,0.7581,45.9501,0.395,0.355,0.34,0.305,0.365,0.39,0.42,0.455,270.0523,268.9197,171.3967,143.7865,50.9677,46.7105,45.1827,40.9396,,,0,0,0.035,4.6167,-0.025,-3.2976,-0.07,-9.2333,,,,,76.5298,81.964,59.2346,54.7762,37.4248,22.9254,24.7593,18.0924,21.8296,29.4465,39.2291,35.0264,-54.7002,-52.5175,-20.0055,-19.7498,4.9969,18.6985,18.7327,10.9098,-32.4279,-4.2269,-6.0265,-7.1827,,,0.1837,-9.9099,21.5121,0.2252,5.0632,9.7338,-0.1772,-4.6177,-17.7323,,,,,,83.9911,81.9785,90.6639,,,,"Duque","","N/A","2008-01-01T00:00:00.000Z","Bay","Gelding","PRE horse (Pura Raza Espanola) - Andalusier","Dressage","","20260119T121135_logfile.itlog","2026-01-19T19:11:35.549Z","In hand","Research",,,
9,"trot","right","hard",1281.61,1281.255,1281.25,1281.62,4169.235,4168.88,4168.875,4169.245,0.7556,46.4846,0.365,0.335,0.355,0.35,0.395,0.42,0.405,0.425,242.7763,274.4905,181.1802,144.7151,48.505,44.5183,46.5574,46.3576,,,0.005,0.6617,0.03,3.9702,0.005,0.6617,-0.01,-1.3234,,,,,75.9384,86.0315,61.6843,56.1459,42.8017,23.0414,21.7754,13.9073,25.6626,30.7938,38.6006,31.1918,-50.2759,-55.2377,-23.0837,-24.9542,7.0235,18.5244,14.2095,9.9976,-35.7782,-4.5169,-7.5659,-3.9097,,,0.4886,18.8557,23.3741,0.0864,8.4798,6.366,-0.1667,-5.5156,-5.8372,,,,,,80.209,87.9009,84.7042,,,,"Duque","","N/A","2008-01-01T00:00:00.000Z","Bay","Gelding","PRE horse (Pura Raza Espanola) - Andalusier","Dressage","","20260119T121135_logfile.itlog","2026-01-19T19:11:35.549Z","In hand","Research",,,
9,"trot","right","hard",1282.355,1282.005,1282.015,1282.355,4169.98,4169.63,4169.64,4169.98,0.7656,47.4957,0.385,0.36,0.34,0.37,0.38,0.415,0.41,0.385,255.4877,287.7666,185.4741,161.3674,49.8382,46.7532,45.1827,48.2085,,,0,0,0.03,3.9184,-0.01,-1.3061,0,0,,,,,81.7659,83.5378,61.1469,52.9517,36.4008,20.5487,24.8778,22.4575,26.9277,30.807,37.4798,26.6224,-54.8382,-52.7308,-23.6671,-26.3293,4.6428,15.2311,16.6516,12.3551,-31.758,-5.3176,-8.2262,-10.1024,,,-0.1357,-10.9833,3.315,0.099,13.8108,-6.8133,-0.0838,2.892,-8.5848,,,,,,72.6844,86.4561,84.8928,,,,"Duque","","N/A","2008-01-01T00:00:00.000Z","Bay","Gelding","PRE horse (Pura Raza Espanola) - Andalusier","Dressage","","20260119T121135_logfile.itlog","2026-01-19T19:11:35.549Z","In hand","Research",,,
9,"trot","right","hard",1283.135,1282.77,1282.77,1283.135,4170.76,4170.395,4170.395,4170.76,0.7606,45.5189,0.36,0.345,0.34,0.34,0.395,0.405,0.415,0.41,260.7054,263.8062,180.7974,162.0064,46.6019,46,44.7368,44.7368,,,0.02,2.6294,0.025,3.2868,0,0,0,0,,,,,79.1891,84.2435,60.6108,49.0433,30.7568,23.254,20.3196,19.7543,27.429,30.7014,36.9685,26.4273,-51.7601,-53.5421,-23.6424,-22.616,4.9817,19.6878,12.9109,11.9003,-25.7751,-3.5662,-7.4087,-7.854,,,0.1984,-12.8804,20.0068,0.1545,3.6268,4.0568,-0.2797,-8.7926,-13.0485,,,,,,78.5491,84.9391,92.4602,,,,"Duque","","N/A","2008-01-01T00:00:00.000Z","Bay","Gelding","PRE horse (Pura Raza Espanola) - Andalusier","Dressage","","20260119T121135_logfile.itlog","2026-01-19T19:11:35.549Z","In hand","Research",,,
9,"trot","right","hard",1283.925,1283.52,1283.535,1283.905,4171.55,4171.145,4171.16,4171.53,0.7756,45.4871,0.34,0.37,0.35,0.35,0.43,0.405,0.425,0.43,221.9029,274.6772,176.5779,140.7069,45.9459,47.8964,45.1613,42.9448,,,0.015,1.9339,0.025,3.2232,-0.015,-1.9339,0.02,2.5786,,,,,75.3906,84.1968,59.5332,51.5733,39.4245,21.3579,17.9937,24.0379,26.8876,31.7497,37.4162,29.8327,-48.5031,-52.4471,-22.117,-21.7406,7.7764,14.8169,11.922,12.7915,-31.6481,-6.541,-6.0717,-11.2464,,,-0.3763,-14.4175,6.6658,0.0269,12.7297,-1.6364,-0.013,8.0964,-14.7291,,,,,,79.6911,90.8495,94.0006,,,,"Duque","","N/A","2008-01-01T00:00:00.000Z","Bay","Gelding","PRE horse (Pura Raza Espanola) - Andalusier","Dressage","","20260119T121135_logfile.itlog","2026-01-19T19:11:35.549Z","In hand","Research",,,
9,"trot","right","hard",1284.635,1284.29,1284.31,1284.755,4172.26,4171.915,4171.935,4172.38,0.7475,44.0514,0.385,0.35,0.33,0.255,0.37,0.4,0.425,0.5,253.7999,266.2673,178.893,149.7199,50.6579,46.6667,43.7086,35.1724,,,0,0,0.02,2.6756,-0.02,-2.6756,-0.12,-16.0535,,,,,76.8326,82.7595,60.3151,45.6112,43.5423,25.2347,19.7567,18.3211,25.0203,31.8399,38.3285,34.1653,-51.8123,-50.9197,-21.9867,-11.4458,5.4357,17.2661,13.5874,9.8155,-38.1066,-7.9686,-6.1693,-8.5056,,,-0.2609,-16.305,-17.2832,0.1539,15.492,-9.3961,-0.0975,9.971,-10.2547,,,,,,82.0312,86.9728,96.5167,,,,"Duque","","N/A","2008-01-01T00:00:00.000Z","Bay","Gelding","PRE horse (Pura Raza Espanola) - Andalusier","Dressage","","20260119T121135_logfile.itlog","2026-01-19T19:11:35.549Z","In hand","Research",,,
9,"trot","right","hard",1285.4,1285.04,1285.065,1285.45,4173.025,4172.665,4172.69,4173.075,0.7606,45.988,0.38,0.36,0.345,0.315,0.38,0.4,0.425,0.44,254.9583,268.4669,175.8873,155.3885,49.5114,46.9055,45.3947,42.1405,,,0,0,0.035,4.6015,-0.025,-3.2868,-0.05,-6.5735,,,,,77.2881,78.6309,59.6902,46.6123,32.7784,26.7817,26.8577,18.2937,24.0605,28.3324,36.1545,27.8373,-53.2275,-50.2985,-23.5356,-18.775,6.1711,18.8639,18.1219,12.3948,-26.6073,-7.9177,-8.7359,-5.8988,,,-0.4276,-27.3737,2.7183,0.1951,12.0481,3.2315,-0.208,-1.2023,-23.1521,,,,,,78.0558,84.895,91.2714,,,,"Duque","","N/A","2008-01-01T00:00:00.000Z","Bay","Gelding","PRE horse (Pura Raza Espanola) - Andalusier","Dressage","","20260119T121135_logfile.itlog","2026-01-19T19:11:35.549Z","In hand","Research",,,
9,"trot","right","hard",1286.175,1285.815,1285.815,1286.19,4173.8,4173.44,4173.44,4173.815,0.7394,45.8039,0.35,0.345,0.34,0.32,0.395,0.415,0.405,0.425,243.215,250.3571,184.2923,151.3342,46.9799,46.1538,45.7912,44.2907,,,0.015,2.0287,0.025,3.3812,0,0,-0.015,-2.0287,,,,,74.6527,78.4756,61.1552,49.6329,33.3887,22.8904,21.932,13.9075,25.2859,29.7226,38.9868,28.7249,-49.3668,-48.7531,-22.1684,-20.908,7.1287,14.5538,15.1439,11.5722,-26.26,-8.3366,-6.7881,-2.3353,,,-0.3004,-22.0842,0.5051,0.1807,11.8724,6.8206,-0.2335,-2.3705,-16.2975,,,,,,67.2326,83.0933,82.912,,,,"Duque","","N/A","2008-01-01T00:00:00.000Z","Bay","Gelding","PRE horse (Pura Raza Espanola) - Andalusier","Dressage","","20260119T121135_logfile.itlog","2026-01-19T19:11:35.549Z","In hand","Research",,,
9,"trot","right","hard",1286.92,1286.55,1286.555,1286.89,4174.545,4174.175,4174.18,4174.515,0.725,46.3797,0.325,0.335,0.34,0.345,0.395,0.39,0.4,0.38,236.0739,261.2038,182.2291,168.8753,46.4286,46.3668,46.1017,46.6216,,,0,0,0.025,3.4483,-0.005,-0.6897,0.03,4.1379,,,,,82.0744,81.9818,59.3646,49.2182,42.2666,27.5483,26.2193,23.1679,30.6339,28.4703,34.1755,25.7845,-51.4406,-53.5115,-25.1891,-23.4337,7.5885,17.3432,16.5697,17.2176,-34.6781,-10.2051,-9.6496,-5.9503,,,-0.3597,-17.9989,-1.2036,0.2332,16.4974,2.9923,-0.1451,12.548,-22.3915,,,,,,66.7042,78.9215,82.1308,,,,"Duque","","N/A","2008-01-01T00:00:00.000Z","Bay","Gelding","PRE horse (Pura Raza Espanola) - Andalusier","Dressage","","20260119T121135_logfile.itlog","2026-01-19T19:11:35.549Z","In hand","Research",,,
9,"trot","right","hard",1287.6,1287.27,1287.29,1287.645,4175.225,4174.895,4174.915,4175.27,0.7056,44.8142,0.35,0.32,0.31,0.285,0.355,0.385,0.395,0.41,291.7486,289.1622,183.363,161.4423,49.6454,45.0704,43.9716,40.5694,,,0,0,0.035,4.9601,-0.02,-2.8344,-0.045,-6.3773,,,,,80.3401,83.277,61.3535,56.566,42.2975,33.8014,24.2899,23.7185,24.1549,30.2849,38.5417,37.7785,-56.1852,-52.9921,-22.8118,-18.7875,6.1809,24.2715,17.4408,14.6641,-36.1167,-9.5299,-6.8491,-9.0544,,,-0.4215,-15.9213,-7.548,0.2437,19.8813,-2.4923,-0.0695,7.378,-16.9097,,,,,,66.1277,84.7806,81.7214,,,,"Duque","","N/A","2008-01-01T00:00:00.000Z","Bay","Gelding","PRE horse (Pura Raza Espanola) - Andalusier","Dressage","","20260119T121135_logfile.itlog","2026-01-19T19:11:35.549Z","In hand","Research",,,
9,"trot","right","hard",1288.305,1287.985,1287.995,1288.355,4175.93,4175.61,4175.62,4175.98,0.7156,45.2473,0.365,0.32,0.315,0.295,0.355,0.395,0.395,0.425,293.277,302.5982,189.5778,163.9795,51.049,44.9123,44.0559,40.9722,,,0,0,0.025,3.4934,-0.01,-1.3974,-0.05,-6.9869,,,,,83.7509,78.9755,58.2089,54.0869,39.4751,31.0368,22.7423,23.104,28.4124,28.1792,33.7003,35.0035,-55.3385,-50.7963,-24.5086,-19.0834,8.0118,22.7492,15.5287,14.6103,-31.4633,-8.2876,-7.2136,-8.4937,,,-0.2216,-14.3732,-5.9039,0.0258,8.2374,-2.014,-0.1062,3.6957,-11.6444,,,,,,57.8127,84.5019,74.5129,,,,"Duque","","N/A","2008-01-01T00:00:00.000Z","Bay","Gelding","PRE horse (Pura Raza Espanola) - Andalusier","Dressage","","20260119T121135_logfile.itlog","2026-01-19T19:11:35.549Z","In hand","Research",,,
9,"trot","right","hard",1289.015,1288.695,1288.715,1289.075,4176.64,4176.32,4176.34,4176.7,0.7287,47.1908,0.385,0.365,0.315,0.31,0.345,0.39,0.405,0.425,288.9585,287.649,182.826,156.1191,52.027,51.4085,43.1507,42.1769,,,0,0,0,0,-0.02,-2.7444,-0.06,-8.2333,,,,,81.8147,81.7106,54.9562,56.2035,38.598,28.1034,25.5816,19.5232,26.697,32.3063,33.2146,35.7914,-55.1177,-49.4043,-21.7416,-20.412,5.7157,18.2331,17.7406,11.543,-32.8823,-9.8703,-7.8409,-7.9802,,,0.1973,-2.6103,8.5285,0.075,14.9533,-8.9993,-0.2141,-5.6701,-8.3416,,,,,,62.8392,89.5278,79.127,,,,"Duque","","N/A","2008-01-01T00:00:00.000Z","Bay","Gelding","PRE horse (Pura Raza Espanola) - Andalusier","Dressage","","20260119T121135_logfile.itlog","2026-01-19T19:11:35.549Z","In hand","Research",,,
9,"trot","right","hard",1289.765,1289.36,1289.455,1289.81,4177.39,4176.985,4177.08,4177.435,0.7475,46.4451,0.375,0.4,0.31,0.305,0.365,0.3,0.425,0.425,277.9258,328.997,171.2884,152.3798,50.6757,52.1173,42.3208,40.6667,,,0,0,0.045,6.0201,-0.095,-12.709,-0.045,-6.0201,,,,,80.2206,77.1906,57.2474,52.4565,35.0449,27.5433,26.0564,22.3094,27.6194,24.8395,37.9984,33.8328,-52.6012,-52.3511,-19.2489,-18.6237,4.8006,23.9563,19.2508,13.2438,-30.2442,-3.5869,-6.8056,-9.0656,,,0.0479,-3.2142,8.337,,18.3397,1.8305,,-16.2352,-16.4402,,,,,,70.6574,87.539,90.3752,,,,"Duque","","N/A","2008-01-01T00:00:00.000Z","Bay","Gelding","PRE horse (Pura Raza Espanola) - Andalusier","Dressage","","20260119T121135_logfile.itlog","2026-01-19T19:11:35.549Z","In hand","Research",,,
9,"trot","right","hard",1290.505,1290.195,1290.185,1290.58,4178.13,4177.82,4177.81,4178.205,0.7681,46.4779,0.42,0.355,0.335,0.32,0.365,0.435,0.42,0.465,254.9601,250.9014,173.8869,132.2463,53.3333,46.4052,43.6482,42.5249,,,0,0,0.01,1.3019,0.01,1.3019,-0.075,-9.764,,,,,75.3042,76.4501,58.148,55.2392,27.5709,14.5331,20.6974,13.907,22.8162,32.4752,37.3813,35.8315,-52.488,-43.9749,-20.7668,-19.4077,5.1762,11.5687,14.2938,13.0494,-22.3947,-2.9644,-6.4035,-0.8576,,,-0.1894,-3.8776,-1.985,0.2366,20.4608,4.9751,-0.349,,-12.8342,,,,,,70.1965,94.2412,94.0109,,,,"Duque","","N/A","2008-01-01T00:00:00.000Z","Bay","Gelding","PRE horse (Pura Raza Espanola) - Andalusier","Dressage","","20260119T121135_logfile.itlog","2026-01-19T19:11:35.549Z","In hand","Research",,,
9,"trot","right","hard",1291.295,1290.935,1290.965,1291.3,4178.92,4178.56,4178.59,4178.925,0.7763,48.3268,0.4,0.38,0.345,0.375,0.37,0.385,0.445,0.4,230.6863,242.3216,170.5413,144.1183,51.9481,49.6732,44.5161,47.1698,,,0,0,0.005,0.6441,-0.03,-3.8647,-0.005,-0.6441,,,,,77.4148,85.0554,56.7735,57.2885,34.0783,12.4262,18.6411,18.3048,25.4699,31.5721,36.6825,31.3963,-51.9449,-53.4833,-20.091,-25.8922,7.0103,8.0728,13.2419,10.8005,-27.068,-4.3533,-5.3992,-7.5044,,,0.0527,16.1993,-13.2009,0.1238,12.0015,3.1409,-0.1896,-3.2496,-10.6277,,,,,,75.5902,81.6782,86.1946,,,,"Duque","","N/A","2008-01-01T00:00:00.000Z","Bay","Gelding","PRE horse (Pura Raza Espanola) - Andalusier","Dressage","","20260119T121135_logfile.itlog","2026-01-19T19:11:35.549Z","In hand","Research",,,
9,"trot","right","hard",1292.065,1291.7,1291.725,1292.115,4179.69,4179.325,4179.35,4179.74,0.7869,48.3664,0.405,0.415,0.365,0.335,0.37,0.385,0.415,0.44,253.345,286.4744,168.9667,145.2561,52.4272,53.0351,46.6454,41.358,,,0,0,0,0,-0.025,-3.1771,-0.05,-6.3542,,,,,80.1753,77.9872,57.5035,52.7005,34.899,24.5054,26.3476,25.8749,26.0139,30.0202,34.4727,31.6312,-54.1614,-47.967,-23.0309,-21.0692,4.851,18.6443,17.7873,12.2299,-30.048,-5.861,-8.5602,-13.645,,,-0.4114,-17.1404,-14.2593,0.0773,12.5388,-5.8985,0.0226,6.9223,-11.9794,,,,,,76.7895,80.9968,90.1086,,,,"Duque","","N/A","2008-01-01T00:00:00.000Z","Bay","Gelding","PRE horse (Pura Raza Espanola) - Andalusier","Dressage","","20260119T121135_logfile.itlog","2026-01-19T19:11:35.549Z","In hand","Research",,,
9,"trot","right","hard",1292.835,1292.465,1292.51,1292.96,4180.46,4180.09,4180.135,4180.585,0.7581,46.6885,0.4,0.415,0.345,0.26,0.365,0.35,0.42,0.51,249.5214,274.7651,171.2553,133.3442,52.1173,53.8961,45.2459,35.4949,,,0,0,0.005,0.6595,-0.045,-5.9357,-0.125,-16.488,,,,,80.8922,81.9747,53.6164,55.2414,37.8102,17.8069,20.4553,17.5189,27.8979,32.1273,35.1954,44.0768,-52.9943,-49.8474,-18.421,-11.1646,8.0073,12.3789,14.912,9.5572,-29.8029,-5.428,-5.5432,-7.9617,,,0.0966,2.9007,-6.2584,-0.0815,9.4312,-9.9009,0.1444,10.8247,3.6805,,,,,,67.777,80.5349,90.7611,,,,"Duque","","N/A","2008-01-01T00:00:00.000Z","Bay","Gelding","PRE horse (Pura Raza Espanola) - Andalusier","Dressage","","20260119T121135_logfile.itlog","2026-01-19T19:11:35.549Z","In hand","Research",,,
9,"trot","right","hard",1293.605,1293.24,1293.27,1293.655,4181.23,4180.865,4180.895,4181.28,0.7938,48.2474,0.415,0.415,0.35,0.35,0.37,0.36,0.415,0.435,260.044,273.6043,157.6541,147.8308,52.6984,52.8662,44.8718,42.5532,,,0,0,0.015,1.8898,-0.03,-3.7795,-0.05,-6.2992,,,,,85.312,83.0579,55.3009,54.0631,42.7279,20.6058,21.9945,21.288,26.0294,31.5892,34.3357,32.5311,-59.2826,-51.4687,-20.9652,-21.532,7.0788,16.8109,14.7168,11.4955,-35.6491,-3.7949,-7.2777,-9.7926,,,-0.1786,-10.9207,5.742,0.0065,8.3151,,0.1119,,-7.7762,,,,,,67.7677,83.7211,91.9452,,,,"Duque","","N/A","2008-01-01T00:00:00.000Z","Bay","Gelding","PRE horse (Pura Raza Espanola) - Andalusier","Dressage","","20260119T121135_logfile.itlog","2026-01-19T19:11:35.549Z","In hand","Research",,,
9,"trot","right","hard",1294.395,1294.035,1294.065,1294.515,4182.02,4181.66,4181.69,4182.14,0.7662,45.2569,0.405,0.37,0.34,0.275,0.375,0.38,0.445,0.51,284.784,267.0546,160.5194,138.276,51.9231,48.366,43.4505,37.2881,,,0,0,0.015,1.9576,-0.03,-3.9152,-0.12,-15.6607,,,,,81.9041,82.6637,58.0012,50.8306,34.9345,14.2506,20.4499,15.4159,27.371,28.4762,37.5926,38.5901,-54.5331,-54.1875,-20.4087,-12.2405,6.3176,11.8968,14.2751,15.1172,-28.6169,-2.3539,-6.1748,-0.2986,,,0.0358,-10.3099,4.3353,-0.1019,1.0333,-10.9263,-0.0526,3.6086,-6.4475,,,,,,70.9904,87.8914,90.8779,,,,"Duque","","N/A","2008-01-01T00:00:00.000Z","Bay","Gelding","PRE horse (Pura Raza Espanola) - Andalusier","Dressage","","20260119T121135_logfile.itlog","2026-01-19T19:11:35.549Z","In hand","Research",,,
9,"trot","right","hard",1295.175,1294.815,1294.845,1295.205,4182.8,4182.44,4182.47,4182.83,0.795,49.1677,0.435,0.395,0.35,0.385,0.375,0.41,0.44,0.415,257.0196,263.1546,168.5674,142.471,53.87,49.2212,45.9016,47.678,,,0,0,0,0,-0.03,-3.7736,-0.03,-3.7736,,,,,79.6139,85.2844,55.0615,49.5637,35.2234,11.2724,25.5591,18.8021,23.7814,30.2866,33.9618,24.6266,-55.8325,-54.9978,-21.0997,-24.9371,4.7598,11.6014,17.731,13.8273,-30.4636,0.329,-7.8281,-4.9748,,,0.0576,0.8997,8.7634,-0.0727,6.0805,-6.9925,0.0229,3.836,-3.7064,,,,,,71.8953,85.4433,90.8904,,,,"Duque","","N/A","2008-01-01T00:00:00.000Z","Bay","Gelding","PRE horse (Pura Raza Espanola) - Andalusier","Dressage","","20260119T121135_logfile.itlog","2026-01-19T19:11:35.549Z","In hand","Research",,,
9,"trot","right","hard",1295.98,1295.615,1295.58,1296.02,4183.605,4183.24,4183.205,4183.645,0.835,52.8383,0.485,0.44,0.435,0.405,0.37,0.405,0.385,0.43,256.7889,275.831,177.943,137.3762,58.0838,52.8529,51.1765,49.2401,,,0,0,0,0,0.035,4.1916,-0.04,-4.7904,,,,,79.7939,79.2897,54.7513,48.1544,19.672,14.0765,23.4212,13.631,26.8544,29.9555,27.7089,24.7904,-52.9395,-49.3342,-27.0424,-23.364,2.0117,12.5236,13.4458,13.1601,-17.6602,-1.553,-9.9754,-0.4709,,,0.3398,18.7152,-0.8617,0.0817,11.1578,-10.3507,-0.0703,2.1863,-5.8509,,,,,,78.1017,83.9378,88.4099,,,,"Duque","","N/A","2008-01-01T00:00:00.000Z","Bay","Gelding","PRE horse (Pura Raza Espanola) - Andalusier","Dressage","","20260119T121135_logfile.itlog","2026-01-19T19:11:35.549Z","In hand","Research",,,
9,"trot","right","hard",1296.795,1296.435,1296.46,1296.83,4184.42,4184.06,4184.085,4184.455,0.8112,51.7432,0.45,0.44,0.38,0.41,0.33,0.38,0.445,0.405,255.886,242.9116,162.6699,138.6667,54.7112,53.9877,47.5,50.774,,,0,0,0,0,-0.025,-3.0817,-0.035,-4.3143,,,,,78.699,80.0556,57.1688,57.128,32.0907,13.8614,17.1553,11.8037,25.5113,32.9501,40.3415,33.3753,-53.1878,-47.1055,-16.8272,-23.7527,8.0126,8.8151,12.6404,7.6083,-24.0782,-5.0463,-4.5149,-4.1955,,,0.3497,0.1726,19.0276,0.2422,9.179,7.9181,-0.3154,-1.1375,-19.1801,,,,,,82.6607,77.4312,95.6706,,,,"Duque","","N/A","2008-01-01T00:00:00.000Z","Bay","Gelding","PRE horse (Pura Raza Espanola) - Andalusier","Dressage","","20260119T121135_logfile.itlog","2026-01-19T19:11:35.549Z","In hand","Research",,,
9,"trot","right","hard",1297.66,1297.245,1297.235,1297.63,4185.285,4184.87,4184.86,4185.255,0.7719,48.9784,0.33,0.4,0.42,0.365,0.415,0.37,0.395,0.39,243.0869,246.2316,172.4654,174.4436,45.3608,51.2821,52.1739,47.0968,,,0,0,0.035,4.5344,0.01,1.2955,0.03,3.8866,,,,,85.3323,84.418,64.4164,51.0425,35.653,18.6428,27.4672,22.6389,31.3101,27.2369,34.4932,27.6314,-54.0222,-57.1812,-29.9232,-23.4111,6.1771,14.1279,13.802,13.2904,-29.4759,-4.515,-13.6651,-9.3485,,,-0.0248,-11.0034,24.0465,0.2119,3.0929,11.1406,-0.1155,,,,,,,,82.6747,76.3683,95.7232,,,,"Duque","","N/A","2008-01-01T00:00:00.000Z","Bay","Gelding","PRE horse (Pura Raza Espanola) - Andalusier","Dressage","","20260119T121135_logfile.itlog","2026-01-19T19:11:35.549Z","In hand","Research",,,
9,"trot","right","hard",1298.37,1298.035,1298.03,1298.425,4185.995,4185.66,4185.655,4186.05,0.7312,45.7819,0.375,0.335,0.34,0.29,0.38,0.39,0.375,0.43,279.6592,279.6589,204.6529,160.3597,50,46.6899,46.5753,39.8625,,,0,0,0,0,0.005,0.6838,-0.055,-7.5214,,,,,79.2701,83.5559,61.7465,50.2136,33.4796,13.4594,19.8136,23.2057,23.4844,30.5063,37.2835,30.8188,-55.7857,-53.0496,-24.463,-19.3948,5.948,11.1062,12.1249,14.3272,-27.5316,-2.3532,-7.6887,-8.8784,,,0.0641,3.1149,4.6724,0.1216,8.5266,1.8314,-0.0333,3.8658,-10.8309,,,,,,63.7964,84.4844,85.7234,,,,"Duque","","N/A","2008-01-01T00:00:00.000Z","Bay","Gelding","PRE horse (Pura Raza Espanola) - Andalusier","Dressage","","20260119T121135_logfile.itlog","2026-01-19T19:11:35.549Z","In hand","Research",,,
9,"trot","right","hard",1299.115,1298.745,1298.775,1299.16,4186.74,4186.37,4186.4,4186.785,0.7513,47.0944,0.375,0.38,0.345,0.315,0.37,0.375,0.405,0.445,257.8257,278.1729,182.4337,150.6133,50.5051,50.165,45.8472,41.8605,,,0,0,0.015,1.9967,-0.03,-3.9933,-0.045,-5.99,,,,,77.309,81.6943,59.0733,48.2353,39.3846,19.0377,19.459,21.5969,23.8788,28.1058,34.3242,29.6038,-53.4302,-53.5885,-24.7491,-18.6314,7.5277,12.8061,12.6185,12.8876,-31.857,-6.2316,-6.8405,-8.7092,,,0.144,13.9039,1.3255,0.1135,12.9813,-0.1644,-0.2008,3.8443,-13.5546,,,,,,59.7341,84.0636,83.9671,,,,"Duque","","N/A","2008-01-01T00:00:00.000Z","Bay","Gelding","PRE horse (Pura Raza Espanola) - Andalusier","Dressage","","20260119T121135_logfile.itlog","2026-01-19T19:11:35.549Z","In hand","Research",,,
9,"trot","right","hard",1299.855,1299.505,1299.53,1299.905,4187.48,4187.13,4187.155,4187.53,0.7512,47.4147,0.39,0.365,0.345,0.325,0.365,0.38,0.41,0.43,265.1422,272.6238,172.0015,146.4647,51.6556,48.8294,45.6954,43.4783,,,0,0,0.01,1.3311,-0.025,-3.3278,-0.05,-6.6556,,,,,79.0686,78.8957,54.964,47.75,36.2992,24.8855,26.9091,19.4865,25.5498,29.5056,33.2095,29.8125,-53.5188,-49.3901,-21.7545,-17.9375,7.3835,17.889,19.289,13.2921,-28.9157,-6.9965,-7.62,-6.1945,,,-0.1697,5.0315,-18.8067,0.1795,12.2375,-0.727,-0.2521,-2.9307,-19.8031,,,,,,74.2924,80.686,86.88,,,,"Duque","","N/A","2008-01-01T00:00:00.000Z","Bay","Gelding","PRE horse (Pura Raza Espanola) - Andalusier","Dressage","","20260119T121135_logfile.itlog","2026-01-19T19:11:35.549Z","In hand","Research",,,
9,"trot","right","hard",1300.61,1300.255,1300.285,1300.645,4188.235,4187.88,4187.91,4188.27,0.7406,47.2335,0.38,0.365,0.33,0.325,0.365,0.385,0.41,0.415,258.2808,260.2268,168.4894,141.5808,51.0067,48.505,44.5946,44.8276,,,0,0,0.02,2.7004,-0.03,-4.0506,-0.035,-4.7257,,,,,82.237,82.6855,57.903,51.6601,38.1136,19.7629,21.2963,13.0087,28.985,30.8945,38.0609,28.7902,-53.2519,-51.791,-19.8422,-22.8699,6.771,14.5697,15.7683,10.7051,-31.3426,-5.1932,-5.5279,-2.3036,,,-0.2177,-17.8521,-6.7752,0.2645,17.0166,3.5796,-0.3234,-9.8365,-18.0914,,,,,,69.015,83.6411,87.6585,,,,"Duque","","N/A","2008-01-01T00:00:00.000Z","Bay","Gelding","PRE horse (Pura Raza Espanola) - Andalusier","Dressage","","20260119T121135_logfile.itlog","2026-01-19T19:11:35.549Z","In hand","Research",,,
9,"trot","right","hard",1301.355,1301.01,1301.025,1301.355,4188.98,4188.635,4188.65,4188.98,0.7444,47.378,0.375,0.35,0.335,0.35,0.365,0.39,0.41,0.385,270.8234,269.965,170.3417,165.6556,50.8475,47.9452,44.6667,46.0526,,,0,0,0,0,-0.015,-2.0151,0,0,,,,,81.1738,82.7988,60.0377,55.1062,35.5677,13.5016,22.4384,20.6904,26.1507,27.879,37.6237,29.3426,-55.0231,-54.9197,-22.414,-25.7636,7.6493,10.7639,15.2769,13.8575,-27.9185,-2.7377,-7.1615,-6.8329,,,0.0385,-9.9562,17.4901,0.2901,19.0289,4.1845,-0.3779,-12.8553,-20.9855,,,,,,66.0076,90.714,87.6126,,,,"Duque","","N/A","2008-01-01T00:00:00.000Z","Bay","Gelding","PRE horse (Pura Raza Espanola) - Andalusier","Dressage","","20260119T121135_logfile.itlog","2026-01-19T19:11:35.549Z","In hand","Research",,,
9,"trot","right","hard",1302.09,1301.73,1301.78,1302.14,4189.715,4189.355,4189.405,4189.765,0.7438,46.7142,0.385,0.37,0.32,0.315,0.36,0.37,0.42,0.435,266.3024,286.8071,177.4076,152.2085,51.8519,49.3333,43.3898,42.2819,,,0,0,0.015,2.0168,-0.05,-6.7227,-0.05,-6.7227,,,,,79.7318,78.9162,55.277,51.9437,41.0843,30.5712,22.2974,19.8055,25.6743,27.0397,33.1086,32.5806,-54.0575,-51.8765,-22.1685,-19.3631,6.749,22.038,17.0716,10.1173,-34.3353,-8.5333,-5.2258,-9.6882,,,-0.0683,4.7036,-2.9074,0.0914,7.9878,6.6418,0.109,9.754,-13.68,,,,,,58.1147,82.7317,82.3857,,,,"Duque","","N/A","2008-01-01T00:00:00.000Z","Bay","Gelding","PRE horse (Pura Raza Espanola) - Andalusier","Dressage","","20260119T121135_logfile.itlog","2026-01-19T19:11:35.549Z","In hand","Research",,,
9,"trot","right","hard",1302.83,1302.49,1302.515,1302.88,4190.455,4190.115,4190.14,4190.505,0.7488,46.5713,0.39,0.355,0.335,0.315,0.355,0.39,0.415,0.425,270.9238,278.7688,166.6148,148.9178,51.8272,47.4916,44.9664,42,,,0,0,0.02,2.6711,-0.025,-3.3389,-0.05,-6.6778,,,,,79.7227,79.9723,56.0604,53.3466,39.0554,20.3965,24.8519,23.0247,26.6034,29.1183,35.4496,34.1701,-53.1193,-50.854,-20.6108,-19.1764,6.5138,15.2751,16.858,14.6391,-32.5416,-5.1214,-7.9939,-8.3856,,,0.1198,1.6259,1.1894,0.0226,9.9519,-5.7968,-0.0471,2.5899,-1.3638,,,,,,51.9494,82.9569,79.2209,,,,"Duque","","N/A","2008-01-01T00:00:00.000Z","Bay","Gelding","PRE horse (Pura Raza Espanola) - Andalusier","Dressage","","20260119T121135_logfile.itlog","2026-01-19T19:11:35.549Z","In hand","Research",,,
9,"trot","right","hard",1303.59,1303.24,1303.255,1303.64,4191.215,4190.865,4190.88,4191.265,0.7625,47.0392,0.4,0.38,0.34,0.315,0.37,0.395,0.405,0.445,254.1554,270.029,171.7482,150.824,52.2876,49.6732,44.8845,41.3115,,,0,0,0.005,0.6557,-0.015,-1.9672,-0.05,-6.5574,,,,,78.7439,81.7269,55.6414,54.2715,43.1725,20.3411,21.5261,21.4765,26.0972,32.6068,34.9801,33.7215,-52.6467,-49.1201,-20.6613,-20.55,8.8398,15.0959,15.3887,12.1234,-34.3327,-5.2452,-6.1374,-9.3531,,,0.2371,23.3443,0.9976,-0.0438,9.8212,,0.0161,10.5186,-3.8384,,,,,,59.4463,87.9799,84.7009,,,,"Duque","","N/A","2008-01-01T00:00:00.000Z","Bay","Gelding","PRE horse (Pura Raza Espanola) - Andalusier","Dressage","","20260119T121135_logfile.itlog","2026-01-19T19:11:35.549Z","In hand","Research",,,
9,"trot","right","hard",1304.35,1303.995,1304.025,1304.405,4191.975,4191.62,4191.65,4192.03,0.7656,46.8367,0.425,0.365,0.33,0.315,0.36,0.375,0.43,0.45,272.0413,263.3832,162.4594,145.3599,54.6624,48.505,43.1373,41.0423,,,0,0,0,0,-0.03,-3.9184,-0.055,-7.1837,,,,,84.7212,78.6215,55.9827,55.3283,30.0173,22.7679,26.3535,20.7229,27.5325,27.6181,35.8192,35.3581,-57.1886,-51.0034,-20.1635,-19.9702,4.1444,17.9126,19.0379,12.8703,-25.8729,-4.8553,-7.3156,-7.8525,,,,-23.9532,-22.7879,0.1032,10.1842,-7.2247,-0.2561,-4.1253,-13.5763,,,,,,84.6506,84.2464,93.168,,,,"Duque","","N/A","2008-01-01T00:00:00.000Z","Bay","Gelding","PRE horse (Pura Raza Espanola) - Andalusier","Dressage","","20260119T121135_logfile.itlog","2026-01-19T19:11:35.549Z","In hand","Research",,,
9,"trot","right","hard",1305.12,1304.76,1304.795,1305.175,4192.745,4192.385,4192.42,4192.8,0.7788,48.9139,0.44,0.4,0.345,0.34,0.345,0.4,0.44,0.455,274.6439,262.7884,166.6876,140.166,55.1724,51.9481,44.8052,43.7299,,,0,0,0,0,-0.035,-4.4944,-0.055,-7.0626,,,,,84.0752,79.4474,54.6914,53.2644,24.1104,18.7904,23.6617,12.0395,29.4454,30.9844,34.4615,33.6108,-54.6298,-48.463,-20.2299,-19.6537,4.3371,14.1153,17.5203,10.0753,-19.7733,-4.675,-6.1415,-1.9642,,,-0.5327,,-18.1677,0.1299,13.9278,1.7752,-0.169,-5.8368,-17.6828,,,,,,87.0958,80.0313,90.5208,,,,"Duque","","N/A","2008-01-01T00:00:00.000Z","Bay","Gelding","PRE horse (Pura Raza Espanola) - Andalusier","Dressage","","20260119T121135_logfile.itlog","2026-01-19T19:11:35.549Z","In hand","Research",,,
9,"trot","right","hard",1305.93,1305.5,1305.55,1305.935,4193.555,4193.125,4193.175,4193.56,0.7581,48.5757,0.35,0.44,0.355,0.33,0.37,0.34,0.41,0.42,259.3745,278.066,168.7482,146.3179,48.7805,55.6962,46.4052,43.4211,,,0,0,0.02,2.6381,-0.05,-6.5952,-0.005,-0.6595,,,,,82.8191,81.1899,58.4504,55.1533,39.4018,26.3084,21.2285,23.6978,29.4925,29.1084,36.0581,33.1833,-53.3266,-52.0815,-22.3923,-21.97,6.8235,17.9479,14.2664,11.7036,-32.5783,-8.3605,-6.9621,-11.9941,,,-0.3809,,8.9828,0.2078,16.633,-3.1662,-0.126,-0.3172,-8.2967,,,,,,89.0286,76.36,80.4076,,,,"Duque","","N/A","2008-01-01T00:00:00.000Z","Bay","Gelding","PRE horse (Pura Raza Espanola) - Andalusier","Dressage","","20260119T121135_logfile.itlog","2026-01-19T19:11:35.549Z","In hand","Research",,,
9,"trot","right","hard",1306.645,1306.3,1306.315,1306.705,4194.27,4193.925,4193.94,4194.33,0.7525,46.6646,0.39,0.355,0.35,0.31,0.365,0.36,0.41,0.44,282.0126,279.3482,170.5926,158.2923,51.1475,47.973,46.2046,41.3333,,,0,0,0.03,3.9867,-0.015,-1.9934,-0.06,-7.9734,,,,,81.7025,82.277,56.1342,51.3817,37.2733,27.1219,24.8236,20.0381,25.7271,30.5763,33.9603,33.3561,-55.9754,-51.7007,-22.174,-18.0257,3.8607,21.9892,17.0521,12.0906,-33.4126,-5.1327,-7.7715,-7.9475,,,0.2689,6.6251,11.2931,0.2056,7.2788,2.4303,-0.1114,0.6754,-7.2403,,,,,,76.3338,80.0998,82.367,,,,"Duque","","N/A","2008-01-01T00:00:00.000Z","Bay","Gelding","PRE horse (Pura Raza Espanola) - Andalusier","Dressage","","20260119T121135_logfile.itlog","2026-01-19T19:11:35.549Z","In hand","Research",,,
9,"trot","right","hard",1307.415,1307.065,1307.07,1307.455,4195.04,4194.69,4194.695,4195.08,0.7625,46.7256,0.38,0.36,0.35,0.335,0.38,0.41,0.405,0.44,264.8897,279.2958,172.2929,148.4169,50,47.0588,46.0526,43.7908,,,0,0,0.03,3.9344,-0.005,-0.6557,-0.04,-5.2459,,,,,80.6751,87.5966,63.5708,54.9813,39.444,21.4604,22.0256,20.4634,25.1302,30.6928,41.1229,31.3431,-55.5449,-56.9038,-22.4479,-23.6382,5.7373,17.8573,14.9494,12.8884,-33.7067,-3.6031,-7.0762,-7.5749,,,-0.2268,-14.2797,13.6109,0.1413,15.3626,1.1136,-0.0793,-10.7333,-2.0998,,,,,,73.0138,90.5722,87.2149,,,,"Duque","","N/A","2008-01-01T00:00:00.000Z","Bay","Gelding","PRE horse (Pura Raza Espanola) - Andalusier","Dressage","","20260119T121135_logfile.itlog","2026-01-19T19:11:35.549Z","In hand","Research",,,
9,"trot","right","hard",1308.175,1307.825,1307.835,1308.21,4195.8,4195.45,4195.46,4195.835,0.7519,46.0426,0.38,0.35,0.335,0.32,0.38,0.4,0.415,0.42,257.1381,300.7614,193.0539,163.3626,50.3311,46.5116,44.5183,42.8094,,,0,0,0.025,3.325,-0.01,-1.33,-0.035,-4.655,,,,,81.3452,85.3689,59.1959,56.0363,40.4584,23.4588,21.1702,22.2553,26.6603,31.2035,34.3207,33.9027,-54.6849,-54.1654,-24.8753,-22.1336,7.1003,18.1367,13.4603,12.9355,-33.3581,-5.3221,-7.7099,-9.3198,,,-0.4298,-12.95,-6.9193,0.0098,12.6814,-8.2344,-0.0586,1.8224,-0.4892,,,,,,70.5902,93.3185,86.5026,,,,"Duque","","N/A","2008-01-01T00:00:00.000Z","Bay","Gelding","PRE horse (Pura Raza Espanola) - Andalusier","Dressage","","20260119T121135_logfile.itlog","2026-01-19T19:11:35.549Z","In hand","Research",,,
9,"trot","right","hard",1308.925,1308.58,1308.59,1308.965,4196.55,4196.205,4196.215,4196.59,0.7575,45.3072,0.375,0.345,0.335,0.315,0.37,0.405,0.42,0.435,272.0355,276.4547,174.9548,160.746,50.6757,46.3087,44.3709,39.8734,,,0,0,0.02,2.6403,-0.01,-1.3201,-0.04,-5.2805,,,,,76.8384,82.713,60.1103,49.4999,39.615,23.0932,21.2001,25.5236,24.2421,30.7281,37.0729,28.6391,-52.5963,-51.9849,-23.0374,-20.8607,6.3075,17.4085,14.4743,12.9026,-33.3074,-5.6847,-6.7258,-12.6211,,,-0.3671,-25.4547,-13.1962,-0.0499,4.8553,-9.8454,-0.1537,-1.2982,-10.96,,,,,,68.764,85.6243,81.099,,,,"Duque","","N/A","2008-01-01T00:00:00.000Z","Bay","Gelding","PRE horse (Pura Raza Espanola) - Andalusier","Dressage","","20260119T121135_logfile.itlog","2026-01-19T19:11:35.549Z","In hand","Research",,,
9,"trot","right","hard",1309.66,1309.32,1309.345,1309.795,4197.285,4196.945,4196.97,4197.42,0.7569,47.1303,0.44,0.395,0.335,0.265,0.36,0.395,0.42,0.515,260.1011,274.6739,179.6487,141.0035,55.873,50.9677,44.2244,37.4558,,,0,0,0,0,-0.025,-3.3031,-0.135,-17.8365,,,,,88.8736,84.4512,54.6056,51.5597,28.2445,20.5712,24.8713,11.2549,30.7324,34.5619,34.17,39.5606,-58.1412,-49.8893,-20.4357,-11.9992,2.5372,14.9075,17.2972,11.25,-25.7073,-5.6638,-7.5741,-0.0049,,,0.2371,-12.8925,14.7677,0.02,7.9851,-6.3313,-0.2723,-14.7458,-6.6464,,,,,,82.0284,80.7023,93.939,,,,"Duque","","N/A","2008-01-01T00:00:00.000Z","Bay","Gelding","PRE horse (Pura Raza Espanola) - Andalusier","Dressage","","20260119T121135_logfile.itlog","2026-01-19T19:11:35.549Z","In hand","Research",,,
9,"trot","right","hard",1310.435,1310.08,1310.105,1310.43,4198.06,4197.705,4197.73,4198.055,0.7769,48.8468,0.41,0.37,0.35,0.385,0.335,0.365,0.425,0.37,287.1692,279.1298,164.3438,167.9901,53.9474,48.5246,43.0769,49.8382,,,0,0,0.025,3.218,-0.025,-3.218,0.005,0.6436,,,,,80.3844,86.1231,59.9652,50.5722,38.8456,18.8532,20.6101,18.2783,25.4582,29.0795,39.5658,23.0268,-54.9262,-57.0436,-20.3994,-27.5455,5.2928,15.7464,13.8179,13.7262,-33.5528,-3.1068,-6.7922,-4.552,,,0.2604,-8.2177,,0.1335,10.5863,-7.4038,,,-17.5424,,,,,,82.012,90.8056,95.1409,,,,"Duque","","N/A","2008-01-01T00:00:00.000Z","Bay","Gelding","PRE horse (Pura Raza Espanola) - Andalusier","Dressage","","20260119T121135_logfile.itlog","2026-01-19T19:11:35.549Z","In hand","Research",,,
10,"walk","right","soft",1313.915,1314.5,1313.675,1314.29,4201.54,4202.125,4201.3,4201.915,1.1994,61.9156,0.765,0.79,0.715,0.7,0.43,0.38,0.58,0.49,162.2648,193.9786,122.16,117.4766,63.354,65.8333,58.1301,60.3448,,,,,,,0.825,68.7858,-0.375,-31.2663,0.24,20.0104,0.21,17.5091,81.4611,75.7369,57.7787,57.5131,13.0165,9.2374,17.3223,19.8054,36.2235,33.1997,28.5756,33.7471,-45.2376,-42.5373,-29.2032,-23.766,-1.1116,8.0971,9.9452,13.2277,-14.1282,-1.1403,-7.3771,-6.5777,,,0.4067,20.8675,-39.6815,,6.0887,0.8285,0.1297,1.2959,-8.5798,,,,,,148.89,47.3453,105.049,,,,"Duque","","N/A","2008-01-01T00:00:00.000Z","Bay","Gelding","PRE horse (Pura Raza Espanola) - Andalusier","Dressage","","20260119T121135_logfile.itlog","2026-01-19T19:11:35.549Z","In hand","Research",,,
10,"walk","right","soft",1315.135,1315.73,1314.84,1315.42,4202.76,4203.355,4202.465,4203.045,1.2131,62.5111,0.77,0.765,0.7,0.8,0.455,0.44,0.45,0.43,172.9922,190.0546,132.4206,135.2019,62.8571,63.2231,59.448,64.5161,,,,,,,-0.34,-28.0268,-0.285,-23.493,0.295,24.3174,0.31,25.5538,76.7802,74.7739,65.1393,61.1389,9.7085,10.83,13.6995,11.8554,33.4834,34.2636,31.5451,30.6894,-43.2969,-40.5103,-33.5942,-30.4495,3.5476,7.1921,6.7765,8.5501,-6.1609,-3.6379,-6.923,-3.3053,,,0.0934,94.8351,83.3818,-0.0602,-4.4003,3.472,-0.511,-40.0175,7.5491,,,,,,,53.5535,105.7444,,,,"Duque","","N/A","2008-01-01T00:00:00.000Z","Bay","Gelding","PRE horse (Pura Raza Espanola) - Andalusier","Dressage","","20260119T121135_logfile.itlog","2026-01-19T19:11:35.549Z","In hand","Research",,,
10,"walk","right","soft",1316.36,1316.945,1316.045,1316.67,4203.985,4204.57,4203.67,4204.295,1.2719,63.3783,0.775,0.85,0.77,0.83,0.455,0.45,0.505,0.45,170.4654,190.7853,137.9216,121.6728,62.249,66.0194,60.274,64.9706,,,,,,,-0.315,-24.7666,-0.31,-24.3735,0.315,24.7666,0.275,21.6216,74.0716,70.8168,62.4347,58.8247,8.1648,13.5194,9.2152,9.8579,31.4985,30.5462,30.1366,29.1287,-42.5731,-40.2706,-32.2981,-29.696,0.777,10.6169,7.224,8.5028,-7.3878,-2.9025,-1.9912,-1.3551,,,0.0912,108.2824,97.0045,-0.2359,5.7863,5.6389,-0.106,-13.7288,-3.6839,,,,,,,62.7021,98.4645,,,,"Duque","","N/A","2008-01-01T00:00:00.000Z","Bay","Gelding","PRE horse (Pura Raza Espanola) - Andalusier","Dressage","","20260119T121135_logfile.itlog","2026-01-19T19:11:35.549Z","In hand","Research",,,
10,"walk","right","soft",1317.62,1318.22,1317.325,1317.945,4205.245,4205.845,4204.95,4205.57,1.2675,64.6339,0.79,0.86,0.775,0.845,0.485,0.425,0.51,0.445,158.7644,189.5392,124.0304,122.3589,62.8231,71.3693,58.7121,65.6311,,,,,,,-0.38,-29.9803,-0.325,-25.641,0.295,23.2742,0.275,21.6963,74.8891,72.3297,61.9876,55.8765,13.904,11.9529,13.4536,17.2785,34.3131,33.5184,29.4877,25.8932,-40.576,-38.8113,-32.4998,-29.9833,0.4107,8.3235,8.6174,11.4608,-13.4933,-3.6294,-4.8362,-5.8177,,,-0.0211,66.2506,68.2097,-0.4602,13.8709,14.9225,-0.186,-19.5619,-2.9146,,,,,,159.0423,62.6625,92.4305,,,,"Duque","","N/A","2008-01-01T00:00:00.000Z","Bay","Gelding","PRE horse (Pura Raza Espanola) - Andalusier","Dressage","","20260119T121135_logfile.itlog","2026-01-19T19:11:35.549Z","In hand","Research",,,
10,"walk","right","soft",1318.86,1319.345,1318.68,1319.23,4206.485,4206.97,4206.305,4206.855,1.1681,63.578,0.76,0.835,0.675,0.7,0.45,0.265,0.58,0.44,159.0462,287.1653,115.9464,125.238,66.2309,70.021,56.25,61.8102,,,,,,,-0.46,-39.3793,-0.37,-31.6747,0.18,15.4093,0.115,9.8448,70.5182,71.4012,56.7149,51.6357,8.8262,11.4545,16.1309,14.9271,25.4803,33.8716,28.1628,25.6622,-45.0379,-37.5296,-28.552,-25.9735,-0.5996,6.7987,8.1723,13.716,-9.4258,-4.6558,-7.9586,-1.2111,,,,,,-0.4422,7.6758,17.2186,-0.2763,-23.0876,-1.0586,,,,,,127.3767,55.7975,87.6324,,,,"Duque","","N/A","2008-01-01T00:00:00.000Z","Bay","Gelding","PRE horse (Pura Raza Espanola) - Andalusier","Dressage","","20260119T121135_logfile.itlog","2026-01-19T19:11:35.549Z","In hand","Research",,,
10,"walk","right","soft",1319.945,1320.63,1319.825,1320.355,4207.57,4208.255,4207.45,4207.98,1.2125,63.6592,0.835,0.84,0.65,0.77,0.325,0.45,0.47,0.425,219.8022,173.4963,126.2404,111.7285,67.3387,65.4971,58.296,63.5052,,,,,,,-0.48,-39.5876,-0.41,-33.8144,0.12,9.8969,0.275,22.6804,69.0254,76.7409,59.6543,58.0311,7.2587,14.5378,10.9033,11.8679,26.3984,36.0043,34.1981,29.0371,-42.6269,-40.7366,-25.4562,-28.994,3.6404,9.4528,7.9148,9.0108,-3.6183,-5.0851,-2.9885,-2.8571,,,0.3175,-29.3589,-63.5523,-0.1296,12.4209,0.2726,-0.3037,-26.6351,-9.2828,,,,,,137.0684,66.7848,66.7403,,,,"Duque","","N/A","2008-01-01T00:00:00.000Z","Bay","Gelding","PRE horse (Pura Raza Espanola) - Andalusier","Dressage","","20260119T121135_logfile.itlog","2026-01-19T19:11:35.549Z","In hand","Research",,,
10,"walk","right","soft",1321.265,1321.905,1320.935,1321.585,4208.89,4209.53,4208.56,4209.21,1.2556,64.3111,0.83,0.805,0.805,0.79,0.485,0.435,0.46,0.46,146.8515,194.0101,126.4404,120.7504,64.3411,65.0505,64.2715,63.5815,,,,,,,-0.305,-24.2907,-0.32,-25.4853,0.33,26.2817,0.32,25.4853,82.8953,77.993,60.4137,63.1511,12.5254,11.4907,9.1757,11.94,35.8771,34.2199,26.2641,31.1791,-47.0182,-43.7731,-34.1496,-31.972,4.3655,8.4156,4.6327,9.2421,-8.1599,-3.0751,-4.5431,-2.6979,,,0.0171,33.61,31.6844,-0.1828,4.2514,4.8372,-0.2604,-14.2636,8.8713,,,,,,144.1603,62.1474,88.8558,,,,"Duque","","N/A","2008-01-01T00:00:00.000Z","Bay","Gelding","PRE horse (Pura Raza Espanola) - Andalusier","Dressage","","20260119T121135_logfile.itlog","2026-01-19T19:11:35.549Z","In hand","Research",,,
10,"walk","right","soft",1322.53,1323.14,1322.175,1322.82,4210.155,4210.765,4209.8,4210.445,1.2563,64.3536,0.78,0.85,0.765,0.84,0.435,0.43,0.435,0.445,191.3717,206.9079,132.2454,133.5613,63.4146,66.9291,61.4458,65.625,,,,,,,-0.27,-21.4925,-0.29,-23.0846,0.355,28.2587,0.32,25.4726,73.0324,70.7921,69.088,58.6598,11.9749,11.1627,13.4771,14.148,33.0776,32.536,33.5371,27.8346,-39.9549,-38.2561,-35.5509,-30.8252,0.5612,8.1168,6.7526,9.0119,-11.4137,-3.0459,-6.7245,-5.1361,,,-0.1448,-6.235,9.4065,-0.4268,11.8314,10.6643,-0.4582,,-5.8039,,,,,,156.6731,50.5205,113.5188,,,,"Duque","","N/A","2008-01-01T00:00:00.000Z","Bay","Gelding","PRE horse (Pura Raza Espanola) - Andalusier","Dressage","","20260119T121135_logfile.itlog","2026-01-19T19:11:35.549Z","In hand","Research",,,
10,"walk","right","soft",1323.775,1324.4,1323.465,1324.095,4211.4,4212.025,4211.09,4211.72,1.2844,62.7336,0.825,0.83,0.765,0.8,0.465,0.41,0.525,0.435,163.2971,192.5139,132.7199,131.5952,64.3275,66.8008,58.6207,61.1855,,,,,,,-0.325,-25.3041,-0.32,-24.9148,0.31,24.1363,0.305,23.747,78.11,72.4309,66.6066,56.1389,8.4368,14.3483,7.4607,21.2864,34.6227,33.1936,31.276,26.0683,-43.4872,-39.2373,-35.3306,-30.0706,2.5159,10.1495,3.6308,12.6117,-5.9209,-4.1988,-3.8299,-8.6747,,,-0.6775,1.5604,107.3757,-0.506,16.8619,9.4442,-0.2911,-39.4236,-12.0691,,,,,,157.7426,53.2364,106.0452,,,,"Duque","","N/A","2008-01-01T00:00:00.000Z","Bay","Gelding","PRE horse (Pura Raza Espanola) - Andalusier","Dressage","","20260119T121135_logfile.itlog","2026-01-19T19:11:35.549Z","In hand","Research",,,
10,"walk","right","soft",1325.05,1325.645,1324.785,1325.475,4212.675,4213.27,4212.41,4213.1,1.2131,61.4733,0.79,0.82,0.71,0.665,0.45,0.415,0.555,0.58,173.2338,195.1586,122.7615,106.6858,64.6217,67.0757,57.9592,56.2368,,,,,,,-0.385,-31.7362,-0.425,-35.0335,0.265,21.8444,0.17,14.0134,75.4956,69.8424,62.2836,56.4569,8.8575,11.597,20.8278,15.6752,34.9845,30.6135,32.8515,31.8557,-40.5111,-39.2289,-29.4321,-24.6012,0.1646,9.0449,11.6752,10.6426,-8.6929,-2.5521,-9.1526,-5.0326,,,0.676,3.9809,-98.1941,-0.6166,19.5965,11.2526,-0.2735,-21.1435,6.4999,,,,,,166.9624,58.6891,101.0893,,,,"Duque","","N/A","2008-01-01T00:00:00.000Z","Bay","Gelding","PRE horse (Pura Raza Espanola) - Andalusier","Dressage","","20260119T121135_logfile.itlog","2026-01-19T19:11:35.549Z","In hand","Research",,,
10,"walk","right","soft",1326.255,1326.855,1325.97,1326.595,4213.88,4214.48,4213.595,4214.22,1.2669,64.4616,0.815,0.865,0.78,0.805,0.415,0.39,0.475,0.455,181.2368,203.1368,136.5663,119.6291,65.9919,67.9764,60.1156,63.7624,,,,,,,-0.325,-25.6537,-0.34,-26.8377,0.285,22.4963,0.26,20.5229,72.8242,73.3116,64.0694,54.9296,7.5974,15.3026,16.0341,14.8363,32.084,32.8436,30.8676,23.4383,-40.7402,-40.468,-33.2017,-31.4913,0.3447,9.6841,7.8938,11.5609,-7.2528,-5.6185,-8.1403,-3.2754,,,-0.7944,-33.0088,99.6313,-0.5318,19.637,11.5409,-0.3117,-26.2178,3.6975,,,,,,166.9714,,95.9746,,,,"Duque","","N/A","2008-01-01T00:00:00.000Z","Bay","Gelding","PRE horse (Pura Raza Espanola) - Andalusier","Dressage","","20260119T121135_logfile.itlog","2026-01-19T19:11:35.549Z","In hand","Research",,,
10,"walk","right","soft",1327.495,1328.145,1327.31,1327.86,4215.12,4215.77,4214.935,4215.485,1.2206,62.7113,0.845,0.77,0.68,0.77,0.425,0.425,0.56,0.46,174.9489,192.5413,121.6866,116.253,66.4047,63.6364,56.9038,63.9004,,,,,,,-0.455,-37.276,-0.365,-29.9027,0.185,15.1562,0.285,23.3487,82.2614,83.2447,59.5962,56.5838,10.3363,10.7978,18.079,15.1971,35.0059,32.5319,31.7884,26.4118,-47.2555,-50.7128,-27.8079,-30.1721,1.2328,10.3628,9.9028,11.3905,-9.1035,-0.435,-8.1762,-3.8066,,,0.1686,6.1402,-9.6305,-0.0441,-0.1505,16.2109,-0.2507,-25.3204,-4.9893,,,,,,130.1044,59.2098,86.0833,,,,"Duque","","N/A","2008-01-01T00:00:00.000Z","Bay","Gelding","PRE horse (Pura Raza Espanola) - Andalusier","Dressage","","20260119T121135_logfile.itlog","2026-01-19T19:11:35.549Z","In hand","Research",,,
10,"walk","right","soft",1328.77,1329.37,1328.46,1329.04,4216.395,4216.995,4216.085,4216.665,1.2475,63.8206,0.8,0.825,0.755,0.805,0.43,0.455,0.47,0.41,192.2949,227.2388,131.2286,141.9697,62.8684,65.3465,61.8852,65.1822,,,,,,,-0.315,-25.2505,-0.27,-21.6433,0.31,24.8497,0.33,26.4529,77.6191,78.9921,61.7269,61.3429,16.3175,12.2575,21.089,12.3579,30.0412,34.9063,31.0023,31.1045,-47.5779,-44.0858,-30.7246,-30.2384,3.123,6.9564,10.0086,10.5504,-13.1945,-5.3011,-11.0805,-1.8076,,,-0.1383,-25.0516,-9.2547,0.0165,-2.9419,15.8933,-0.1788,-14.3772,-0.1461,,,,,,123.5131,44.972,79.7187,,,,"Duque","","N/A","2008-01-01T00:00:00.000Z","Bay","Gelding","PRE horse (Pura Raza Espanola) - Andalusier","Dressage","","20260119T121135_logfile.itlog","2026-01-19T19:11:35.549Z","In hand","Research",,,
10,"walk","right","soft",1330.085,1330.615,1329.675,1330.295,4217.71,4218.24,4217.3,4217.92,1.2206,62.7475,0.71,0.775,0.77,0.81,0.515,0.42,0.46,0.45,170.4196,216.0776,142.9205,130.528,59.5388,64.0496,62.6016,64.8,,,,,,,-0.305,-24.9872,-0.21,-17.2043,0.41,33.5893,0.32,26.2161,79.192,78.4294,65.2955,60.536,10.2696,13.9972,8.982,12.0898,37.4142,34.8396,32.1019,29.2014,-41.7778,-43.5898,-33.1936,-31.3346,2.6201,9.9844,4.2659,9.1728,-7.6495,-4.0128,-4.7161,-2.9171,,,0.1292,14.9618,0.5769,-0.5777,16.673,-2.5412,-0.1827,-6.747,9.5378,,,,,,146.6581,46.5798,89.119,,,,"Duque","","N/A","2008-01-01T00:00:00.000Z","Bay","Gelding","PRE horse (Pura Raza Espanola) - Andalusier","Dressage","","20260119T121135_logfile.itlog","2026-01-19T19:11:35.549Z","In hand","Research",,,
10,"walk","right","soft",1331.245,1331.84,1330.905,1331.535,4218.87,4219.465,4218.53,4219.16,1.2456,63.7195,0.765,0.83,0.77,0.81,0.45,0.45,0.46,0.43,183.7653,202.9126,140.9464,142.5519,62.963,65.6126,61.1111,65.1911,,,,,,,-0.29,-23.2815,-0.29,-23.2815,0.34,27.2955,0.305,24.4857,75.6307,75.1968,63.2099,56.7403,15.3373,11.7994,18.7766,13.8508,31.1149,31.9834,29.9355,27.1256,-44.5158,-43.2134,-33.2744,-29.6148,2.2917,7.3739,8.9407,9.8564,-13.0456,-4.4254,-9.8359,-3.9944,,,-0.0048,65.6341,66.1549,-0.437,11.411,8.3514,-0.224,-26.867,-8.0516,,,,,,200.5821,46.5776,92.0331,,,,"Duque","","N/A","2008-01-01T00:00:00.000Z","Bay","Gelding","PRE horse (Pura Raza Espanola) - Andalusier","Dressage","","20260119T121135_logfile.itlog","2026-01-19T19:11:35.549Z","In hand","Research",,,
10,"walk","right","soft",1332.46,1333.09,1332.195,1332.78,4220.085,4220.715,4219.82,4220.405,1.2406,63.5509,0.83,0.83,0.72,0.775,0.45,0.42,0.52,0.435,181.7557,206.7564,132.7751,125.4702,64.7173,66.9355,58.8957,63.655,,,,,,,-0.355,-28.6146,-0.32,-25.7935,0.265,21.3602,0.31,24.9874,81.6053,76.1953,64.6255,57.1801,9.3263,13.6741,17.5705,14.37,34.4464,34.3741,33.1914,27.1658,-47.1589,-41.8212,-31.4341,-30.0143,2.495,9.7499,10.1397,10.2589,-6.8313,-3.9243,-7.4308,-4.1111,,,-0.3132,40.9733,86.3232,-0.5487,19.2772,10.089,-0.3008,-27.4723,-1.2492,,,,,,185.7901,53.033,90.0099,,,,"Duque","","N/A","2008-01-01T00:00:00.000Z","Bay","Gelding","PRE horse (Pura Raza Espanola) - Andalusier","Dressage","","20260119T121135_logfile.itlog","2026-01-19T19:11:35.549Z","In hand","Research",,,
10,"walk","right","soft",1333.745,1334.32,1333.4,1334.005,4221.37,4221.945,4221.025,4221.63,1.2013,64.032,0.765,0.78,0.74,0.79,0.455,0.4,0.485,0.45,182.1662,210.7478,135.9796,120.7188,62.069,64.3299,65.6319,64.0974,,,,,,,-0.31,-25.8065,-0.26,-21.6441,0.345,28.7201,0.315,26.2227,78.3423,79.1232,63.0611,61.1648,14.1546,15.2416,9.2629,18.0579,34.8455,35.2636,29.9878,29.2689,-43.4969,-43.8597,-33.0733,-31.8959,0.317,10.6005,7.1361,12.6891,-13.8376,-4.6411,-2.1268,-5.3687,,,,33.0896,28.0948,,16.7265,18.1002,,-30.0999,2.7207,,,,,,141.3026,52.2298,108.0352,,,,"Duque","","N/A","2008-01-01T00:00:00.000Z","Bay","Gelding","PRE horse (Pura Raza Espanola) - Andalusier","Dressage","","20260119T121135_logfile.itlog","2026-01-19T19:11:35.549Z","In hand","Research",,,
10,"walk","right","soft",1334.99,1335.565,1334.43,1335.23,4222.615,4223.19,4222.055,4222.855,1.2556,65.2653,0.735,0.805,0.95,0.795,0.48,0.465,0.29,0.435,170.7403,207.1425,167.9713,135.9405,61.1227,64.2715,71.2946,64.3725,,,,,,,-0.11,-8.7606,-0.24,-19.114,0.56,44.5993,0.335,26.6799,83.381,76.2197,65.2973,58.2415,7.9784,10.7409,21.8946,17.9391,38.9716,33.5281,22.5464,26.6055,-44.4094,-42.6915,-42.7509,-31.636,0.914,6.7624,9.8356,14.0173,-7.0644,-3.9785,-12.059,-3.9218,,,0.1394,11.6673,-2.2597,0.0316,-7.8617,1.3977,-0.1054,-22.2484,-12.3971,,,,,,141.7984,57.6493,107.9984,,,,"Duque","","N/A","2008-01-01T00:00:00.000Z","Bay","Gelding","PRE horse (Pura Raza Espanola) - Andalusier","Dressage","","20260119T121135_logfile.itlog","2026-01-19T19:11:35.549Z","In hand","Research",,,
10,"walk","right","soft",1336.18,1336.8,1335.855,1336.47,4223.805,4224.425,4223.48,4224.095,1.2575,64.415,0.815,0.83,0.765,0.83,0.455,0.43,0.475,0.445,184.94,202.263,137.321,128.4527,64.8111,66.6667,60.9562,65.2259,,,,,,,-0.29,-23.0616,-0.29,-23.0616,0.325,25.8449,0.33,26.2425,73.9031,69.4784,63.4569,59.727,7.8225,11.6662,17.9435,13.0403,32.4904,30.2493,29.1075,28.4045,-41.4127,-39.2291,-34.3494,-31.3225,0.8343,9.42,8.7903,9.636,-6.9882,-2.2462,-9.1532,-3.4043,,,0.4287,10.9323,-46.2193,-0.31,7.0588,9.8562,-0.2052,-28.5595,-8.344,,,,,,133.3078,57.6551,106.8751,,,,"Duque","","N/A","2008-01-01T00:00:00.000Z","Bay","Gelding","PRE horse (Pura Raza Espanola) - Andalusier","Dressage","","20260119T121135_logfile.itlog","2026-01-19T19:11:35.549Z","In hand","Research",,,
10,"walk","right","soft",1337.425,1338.03,1337.125,1337.74,4225.05,4225.655,4224.75,4225.365,1.2456,63.8748,0.82,0.825,0.745,0.79,0.43,0.4,0.505,0.44,172.3097,197.1987,130.0116,126.6994,66.2626,67.2098,58.317,63.7097,,,,,,,-0.325,-26.0913,-0.315,-25.2885,0.3,24.0843,0.29,23.2815,71.8208,69.462,65.9107,56.9527,12.4777,13.1112,9.7717,15.1164,28.9774,32.1234,32.1696,26.5899,-42.8434,-37.3386,-33.7412,-30.3628,1.2261,9.7504,5.8057,10.1743,-11.2516,-3.3608,-3.966,-4.9422,,,0.2222,21.6116,-1.131,-0.5653,13.2837,11.0152,-0.3147,-37.6907,-7.6956,,,,,,136.9289,49.1264,106.0431,,,,"Duque","","N/A","2008-01-01T00:00:00.000Z","Bay","Gelding","PRE horse (Pura Raza Espanola) - Andalusier","Dressage","","20260119T121135_logfile.itlog","2026-01-19T19:11:35.549Z","In hand","Research",,,
10,"walk","right","soft",1338.65,1339.26,1338.43,1338.99,4226.275,4226.885,4226.055,4226.615,1.2519,62.5067,0.81,0.84,0.7,0.78,0.405,0.405,0.56,0.46,185.2358,188.5244,123.0143,116.0607,65.7201,66.9323,57.1429,60.2317,,,,,,,-0.4,-31.9521,-0.34,-27.1593,0.22,17.5736,0.27,21.5676,75.7898,74.7579,60.6394,52.699,9.9724,9.8863,25.0856,22.6044,32.644,34.2819,32.0646,25.5998,-43.1458,-40.476,-28.5748,-27.0992,-0.8834,7.2225,14.6188,14.8863,-10.8558,-2.6639,-10.4667,-7.7181,,,0.5678,16.3621,-62.7007,-0.5309,16.1012,12.7082,-0.1382,-16.9998,-5.2662,,,,,,139.2388,59.1859,95.6213,,,,"Duque","","N/A","2008-01-01T00:00:00.000Z","Bay","Gelding","PRE horse (Pura Raza Espanola) - Andalusier","Dressage","","20260119T121135_logfile.itlog","2026-01-19T19:11:35.549Z","In hand","Research",,,
10,"walk","right","soft",1339.9,1340.525,1339.62,1340.34,4227.525,4228.15,4227.245,4227.965,1.2394,61.0507,0.825,0.81,0.73,0.665,0.44,0.425,0.49,0.57,172.191,195.1054,131.4825,106.3382,65.6064,64.5418,57.9365,56.1181,,,,,,,-0.36,-29.0469,-0.44,-35.5018,0.28,22.592,0.185,14.9269,81.6847,75.5103,61.6913,56.7538,8.5478,11.7849,13.8589,14.7071,36.7576,34.6989,28.8447,31.4433,-44.9272,-40.8114,-32.8466,-25.3105,0.7747,7.4575,7.0301,10.8617,-7.7731,-4.3273,-6.8289,-3.8454,,,-0.3976,10.2633,62.8667,-0.2731,9.8711,10.5823,-0.3898,-35.2172,0.4396,,,,,,142.5803,59.1936,99.3556,,,,"Duque","","N/A","2008-01-01T00:00:00.000Z","Bay","Gelding","PRE horse (Pura Raza Espanola) - Andalusier","Dressage","","20260119T121135_logfile.itlog","2026-01-19T19:11:35.549Z","In hand","Research",,,
10,"walk","right","soft",1341.15,1341.8,1340.92,1341.475,4228.775,4229.425,4228.545,4229.1,1.2475,61.7267,0.805,0.805,0.685,0.785,0.425,0.465,0.57,0.47,189.6781,179.376,114.9594,112.9495,64.5291,64.2715,54.8,63.3065,,,,,,,-0.395,-31.6633,-0.325,-26.0521,0.23,18.4369,0.325,26.0521,81.5347,79.5383,62.2549,56.1547,8.6538,7.595,8.1384,14.1629,36.76,37.5149,32.9711,25.3268,-44.7747,-42.0233,-29.2837,-30.8279,0.1957,6.9182,4.4523,10.5632,-8.458,-0.6768,-3.6862,-3.5996,,,0.4832,44.2844,-11.0507,-0.2872,8.5722,2.1583,-0.2209,-29.384,-9.2795,,,,,,143.0601,50.0667,100.2828,,,,"Duque","","N/A","2008-01-01T00:00:00.000Z","Bay","Gelding","PRE horse (Pura Raza Espanola) - Andalusier","Dressage","","20260119T121135_logfile.itlog","2026-01-19T19:11:35.549Z","In hand","Research",,,
10,"walk","right","soft",1342.415,1343.035,1342.165,1342.7,4230.04,4230.66,4229.79,4230.325,1.2375,62.4836,0.805,0.815,0.68,0.795,0.46,0.43,0.56,0.44,176.3874,206.1559,118.9801,123.2822,63.8889,65.9919,56.1983,63.8554,,,,,,,-0.365,-29.4949,-0.285,-23.0303,0.25,20.202,0.335,27.0707,77.7484,74.7316,65.6479,60.8412,9.019,12.052,18.0611,16.3451,32.2346,33.0913,35.1885,30.0667,-45.5139,-41.6403,-30.4594,-30.7745,2.7034,9.3188,10.5238,13.2449,-6.3156,-2.7332,-7.5373,-3.1002,,,0.5408,63.2991,-22.5891,0.0141,1.1282,5.5653,-0.2361,-28.7291,-7.7234,,,,,,158.8121,43.5918,96.6889,,,,"Duque","","N/A","2008-01-01T00:00:00.000Z","Bay","Gelding","PRE horse (Pura Raza Espanola) - Andalusier","Dressage","","20260119T121135_logfile.itlog","2026-01-19T19:11:35.549Z","In hand","Research",,,
10,"walk","right","soft",1343.67,1344.26,1343.345,1343.955,4231.295,4231.885,4230.97,4231.58,1.2438,63.8777,0.8,0.815,0.755,0.805,0.45,0.41,0.5,0.46,176.6449,205.8762,134.0451,126.2271,65.1731,67.4948,59.332,63.5108,,,,,,,-0.31,-24.9246,-0.285,-22.9146,0.325,26.1307,0.305,24.5226,68.2941,75.7297,61.1355,54.3605,12.3865,12.3209,15.6049,18.0599,28.2377,34.5008,27.8959,22.6963,-40.0564,-41.2289,-33.2396,-31.6643,1.308,8.2554,8.1353,11.7138,-11.0785,-4.0654,-7.4697,-6.3462,,,0.0352,61.6424,58.0382,-0.3016,9.2359,-0.858,-0.2275,-18.0715,4.3983,,,,,,192.2087,45.3394,98.7775,,,,"Duque","","N/A","2008-01-01T00:00:00.000Z","Bay","Gelding","PRE horse (Pura Raza Espanola) - Andalusier","Dressage","","20260119T121135_logfile.itlog","2026-01-19T19:11:35.549Z","In hand","Research",,,
10,"walk","right","soft",1344.875,1345.45,1344.635,1345.225,4232.5,4233.075,4232.26,4232.85,1.2025,62.163,0.78,0.825,0.68,0.705,0.405,0.375,0.535,0.465,175.1039,216.6903,119.3189,118.297,65.5462,68.0412,56.3147,58.75,,,,,,,-0.375,-31.185,-0.35,-29.106,0.24,19.9584,0.225,18.711,81.377,74.247,61.781,53.7626,7.7919,11.5711,12.6669,23.901,35.9898,33.3761,29.9355,26.9581,-45.3872,-40.8709,-31.8455,-26.8046,0.8838,8.076,7.1556,15.3383,-6.9081,-3.4951,-5.5112,-8.5628,,,-0.3098,66.86,107.881,-0.56,19.5567,6.9333,-0.2632,-34.49,-11.4927,,,,,,199.2624,64.3995,98.8555,,,,"Duque","","N/A","2008-01-01T00:00:00.000Z","Bay","Gelding","PRE horse (Pura Raza Espanola) - Andalusier","Dressage","","20260119T121135_logfile.itlog","2026-01-19T19:11:35.549Z","In hand","Research",,,
10,"walk","right","soft",1346.07,1346.675,1345.835,1346.455,4233.695,4234.3,4233.46,4234.08,1.2456,63.1309,0.835,0.87,0.7,0.745,0.415,0.4,0.52,0.525,192.8153,203.2284,122.3719,105.2308,66.6667,67.4419,58.4551,59.9598,,,,,,,-0.385,-30.9082,-0.385,-30.9082,0.235,18.866,0.22,17.6618,77.0565,72.124,63.6679,56.6083,10.4526,9.4667,17.6528,18.8062,32.6971,29.6556,34.3332,30.3645,-44.3593,-42.4684,-29.3347,-26.2438,0.5422,8.1329,10.8735,13.306,-9.9104,-1.3338,-6.7793,-5.5002,,,0.722,82.4305,-3.1635,-0.2478,7.7228,16.2795,-0.3675,-37.0958,-0.5447,,,,,,159.1002,64.0681,104.7076,,,,"Duque","","N/A","2008-01-01T00:00:00.000Z","Bay","Gelding","PRE horse (Pura Raza Espanola) - Andalusier","Dressage","","20260119T121135_logfile.itlog","2026-01-19T19:11:35.549Z","In hand","Research",,,
10,"walk","right","soft",1347.325,1347.985,1347.01,1347.67,4234.95,4235.61,4234.635,4235.295,1.2937,64.3461,0.85,0.855,0.785,0.84,0.42,0.44,0.475,0.47,184.3123,185.4496,130.1482,118.4318,65.6371,66.2791,60.8527,64.6154,,,,,,,-0.335,-25.8937,-0.345,-26.6667,0.315,24.3478,0.315,24.3478,80.9756,74.773,61.0284,51.6642,13.7609,11.4654,17.6955,16.2027,35.5026,32.6199,28.3496,24.5521,-45.473,-42.1531,-32.6789,-27.1121,4.0298,8.2354,9.3545,10.8361,-9.7311,-3.23,-8.341,-5.3666,,,0.4343,47.1285,7.8466,-0.0913,-1.6623,8.6251,-0.2836,-39.4326,-13.7683,,,,,,118.3764,48.0243,104.2581,,,,"Duque","","N/A","2008-01-01T00:00:00.000Z","Bay","Gelding","PRE horse (Pura Raza Espanola) - Andalusier","Dressage","","20260119T121135_logfile.itlog","2026-01-19T19:11:35.549Z","In hand","Research",,,
10,"walk","right","soft",1348.645,1349.27,1348.33,1348.96,4236.27,4236.895,4235.955,4236.585,1.2775,63.7,0.835,0.85,0.76,0.81,0.47,0.43,0.535,0.45,179.2529,205.0965,119.4053,111.4612,65.2344,66.5362,59.375,63.6542,,,,,,,-0.345,-27.0059,-0.315,-24.6575,0.315,24.6575,0.31,24.2661,79.3164,72.734,62.2263,57.9247,11.74,9.3602,19.0358,16.7672,35.4128,30.5839,30.5754,30.5604,-43.9036,-42.1501,-31.6509,-27.3643,3.3178,7.652,10.0561,11.9528,-8.4222,-1.7082,-8.9797,-4.8145,,,-0.2493,-7.205,19.1376,-0.3066,6.2126,2.5495,-0.3761,,-15.426,,,,,,111.4003,36.855,105.2666,,,,"Duque","","N/A","2008-01-01T00:00:00.000Z","Bay","Gelding","PRE horse (Pura Raza Espanola) - Andalusier","Dressage","","20260119T121135_logfile.itlog","2026-01-19T19:11:35.549Z","In hand","Research",,,
10,"walk","right","soft",1349.9,1350.545,1349.595,1350.245,4237.525,4238.17,4237.22,4237.87,1.2856,64.8447,0.875,0.855,0.775,0.83,0.42,0.425,0.505,0.475,186.7831,198.6129,128.5899,117.3745,68.0934,66.2791,60.6654,64.3411,,,,,,,-0.325,-25.2795,-0.345,-26.8352,0.305,23.7239,0.3,23.335,74.5292,70.5629,62.3556,53.4853,12.2798,11.323,15.5072,13.6871,31.4152,32.7426,31.3426,25.7894,-43.1141,-37.8203,-31.013,-27.6959,3.8108,8.7506,8.0455,9.3961,-8.4691,-2.5724,-7.4617,-4.291,,,0.2004,-23.8776,-41.6745,-0.057,-3.2051,7.1195,-0.1239,-19.337,-8.8825,,,,,,136.0064,37.5576,93.2921,,,,"Duque","","N/A","2008-01-01T00:00:00.000Z","Bay","Gelding","PRE horse (Pura Raza Espanola) - Andalusier","Dressage","","20260119T121135_logfile.itlog","2026-01-19T19:11:35.549Z","In hand","Research",,,
10,"walk","right","soft",1351.175,1351.845,1350.87,1351.52,4238.8,4239.47,4238.495,4239.145,1.2756,65.179,0.87,0.835,0.805,0.815,0.4,0.445,0.5,0.445,185.3212,180.2173,126.9705,115.8754,67.4419,66.2698,61.8042,65.2,,,,,,,-0.325,-25.4777,-0.345,-27.0456,0.305,23.9098,0.325,25.4777,79.2617,77.2649,59.9295,56.1186,9.5103,13.8709,17.4385,15.6952,36.1675,34.9111,26.8348,25.267,-43.0943,-42.3538,-33.0946,-30.8515,4.3355,9.8737,9.563,11.0551,-5.1748,-3.9972,-7.8755,-4.6401,,,-0.8465,-65.1718,35.8762,-0.1381,4.3485,-3.15,-0.2125,-21.7963,-5.2977,,,,,,170.54,44.5687,83.7099,,,,"Duque","","N/A","2008-01-01T00:00:00.000Z","Bay","Gelding","PRE horse (Pura Raza Espanola) - Andalusier","Dressage","","20260119T121135_logfile.itlog","2026-01-19T19:11:35.549Z","In hand","Research",,,
10,"walk","right","soft",1352.485,1353.085,1352.17,1352.76,4240.11,4240.71,4239.795,4240.385,1.2175,64.0693,0.805,0.805,0.72,0.79,0.44,0.405,0.495,0.425,178.8204,210.1047,123.3205,126.8996,65.5804,66.805,59.1376,64.7541,,,,,,,-0.325,-26.694,-0.275,-22.5873,0.315,25.8727,0.325,26.694,79.3474,73.9576,64.1065,58.3036,17.2629,6.7667,22.0622,18.4993,35.6043,34.5572,31.1692,28.0431,-43.7431,-39.4004,-32.9373,-30.2605,2.4917,6.0472,10.949,12.0058,-14.7711,-0.7195,-11.1131,-6.4935,,,0.8474,33.3604,-131.0575,-0.1416,5.0288,5.5911,-0.384,-37.812,-1.3596,,,,,,194.0172,44.5704,106.4949,,,,"Duque","","N/A","2008-01-01T00:00:00.000Z","Bay","Gelding","PRE horse (Pura Raza Espanola) - Andalusier","Dressage","","20260119T121135_logfile.itlog","2026-01-19T19:11:35.549Z","In hand","Research",,,
10,"walk","right","soft",1353.695,1354.285,1353.39,1353.985,4241.32,4241.91,4241.015,4241.61,1.2606,64.9103,0.83,0.875,0.74,0.83,0.405,0.395,0.5,0.435,192.1708,201.1102,134.2893,128.5358,66.6667,67.8295,59.919,65.2259,,,,,,,-0.305,-24.1943,-0.29,-23.0045,0.305,24.1943,0.3,23.7977,77.8146,77.6046,60.4396,54.4188,11.3568,17.6776,17.6017,14.0108,32.9177,35.6299,27.7204,25.0772,-44.8969,-41.9747,-32.7192,-29.3416,4.6046,10.1933,8.1601,10.6834,-6.7522,-7.4843,-9.4416,-3.3274,,,-0.5686,18.3298,97.3537,-0.3819,7.7683,2.5088,-0.1358,-22.7036,-10.3374,,,,,,157.3022,39.3078,101.3658,,,,"Duque","","N/A","2008-01-01T00:00:00.000Z","Bay","Gelding","PRE horse (Pura Raza Espanola) - Andalusier","Dressage","","20260119T121135_logfile.itlog","2026-01-19T19:11:35.549Z","In hand","Research",,,
10,"walk","right","soft",1354.95,1355.595,1354.62,1355.265,4242.575,4243.22,4242.245,4242.89,1.2662,64.8743,0.845,0.835,0.8,0.805,0.425,0.435,0.49,0.45,183.0233,195.7614,126.3871,114.7921,66.0156,66.6667,61.8956,64.9194,,,,,,,-0.335,-26.4561,-0.315,-24.8766,0.33,26.0612,0.33,26.0612,82.7967,77.7005,59.7369,59.8418,10.4535,14.4508,15.6182,11.5554,36.557,32.3539,27.1036,28.0873,-46.2397,-45.3466,-32.6333,-31.7544,1.7492,9.8999,8.6804,7.2568,-8.7043,-4.5509,-6.9379,-4.2986,,,0.1078,13.6197,3.8219,-0.2153,-0.3816,5.668,-0.0789,-15.6416,-9.4398,,,,,,120.9744,41.4144,88.04,,,,"Duque","","N/A","2008-01-01T00:00:00.000Z","Bay","Gelding","PRE horse (Pura Raza Espanola) - Andalusier","Dressage","","20260119T121135_logfile.itlog","2026-01-19T19:11:35.549Z","In hand","Research",,,
10,"walk","right","soft",1356.24,1356.83,1355.915,1356.49,4243.865,4244.455,4243.54,4244.115,1.1987,63.2844,0.755,0.8,0.7,0.78,0.445,0.4,0.495,0.42,185.5254,222.9059,127.1998,143.3324,62.7859,66.5281,58.8235,65,,,,,,,-0.32,-26.6945,-0.25,-20.8551,0.325,27.1116,0.34,28.3629,76.6371,76.9138,64.4085,60.9056,16.0338,9.7696,18.2175,14.7251,31.3056,33.2363,32.6908,31.1518,-45.3315,-43.6775,-31.7177,-29.7537,2.1922,6.0519,10.71,11.7807,-13.8416,-3.7177,-7.5075,-2.9444,,,0.0224,34.5093,31.9123,-0.5666,7.1004,16.4063,-0.269,-25.1063,0.3037,,,,,,157.0923,34.3502,99.0449,,,,"Duque","","N/A","2008-01-01T00:00:00.000Z","Bay","Gelding","PRE horse (Pura Raza Espanola) - Andalusier","Dressage","","20260119T121135_logfile.itlog","2026-01-19T19:11:35.549Z","In hand","Research",,,
10,"walk","right","soft",1357.445,1358.035,1357.1,1357.69,4245.07,4245.66,4244.725,4245.315,1.2337,64.4524,0.79,0.805,0.755,0.83,0.45,0.405,0.485,0.42,193.0941,220.1473,137.7285,147.1848,64.0974,66.9439,60.7646,66.004,,,,,,,-0.27,-21.8845,-0.245,-19.8582,0.345,27.9635,0.345,27.9635,78.409,71.1463,61.3431,54.1614,12.4334,14.226,21.606,18.1578,36.7538,28.5881,28.725,22.9046,-41.6551,-42.5582,-32.6181,-31.2568,4.3902,7.3867,10.3906,13.2713,-8.0432,-6.8394,-11.2154,-4.8865,,,0.0087,49.0725,48.179,-0.3405,-2.5028,1.2289,-0.1384,-10.9468,2.1288,,,,,,150.7319,34.8632,94.4446,,,,"Duque","","N/A","2008-01-01T00:00:00.000Z","Bay","Gelding","PRE horse (Pura Raza Espanola) - Andalusier","Dressage","","20260119T121135_logfile.itlog","2026-01-19T19:11:35.549Z","In hand","Research",,,
10,"walk","right","soft",1358.67,1359.23,1358.345,1358.955,4246.295,4246.855,4245.97,4246.58,1.2225,63.7105,0.775,0.825,0.755,0.76,0.435,0.39,0.49,0.435,178.6722,211.9344,133.8309,115.3585,64.7182,66.5323,60.521,63.0705,,,,,,,-0.31,-25.3579,-0.285,-23.3129,0.325,26.5849,0.275,22.4949,78.4843,75.0169,63.971,58.807,12.9383,13.0819,17.1553,17.2801,32.3525,32.9797,31.908,27.9863,-46.1317,-42.0372,-32.0631,-30.8207,0.7967,9.479,9.0301,12.319,-12.1416,-3.6029,-8.1252,-4.9611,,,-0.0697,-14.0792,-7.7616,-0.4067,7.6152,4.8659,-0.0892,-12.7018,-6.1119,,,,,,133.6532,54.4635,82.3078,,,,"Duque","","N/A","2008-01-01T00:00:00.000Z","Bay","Gelding","PRE horse (Pura Raza Espanola) - Andalusier","Dressage","","20260119T121135_logfile.itlog","2026-01-19T19:11:35.549Z","In hand","Research",,,
10,"walk","right","soft",1359.855,1360.495,1359.595,1360.17,4247.48,4248.12,4247.22,4247.795,1.2356,63.5263,0.83,0.805,0.72,0.785,0.41,0.44,0.495,0.455,197.2064,196.1514,142.2834,125.989,67.3428,64.9194,58.5366,63.3065,,,,,,,-0.365,-29.5397,-0.315,-25.4932,0.26,21.042,0.325,26.3025,78.9216,72.4112,65.8427,58.7837,8.5699,16.7583,9.8402,15.7993,32.8367,30.8358,32.5928,26.2634,-46.0849,-41.5754,-33.2499,-32.5203,1.2299,10.6348,5.6775,12.2717,-7.34,-6.1235,-4.1626,-3.5276,,,-0.3672,-38.9634,10.1038,-0.0239,4.5987,3.8624,-0.3358,-21.4876,11.28,,,,,,136.6415,59.0622,98.4241,,,,"Duque","","N/A","2008-01-01T00:00:00.000Z","Bay","Gelding","PRE horse (Pura Raza Espanola) - Andalusier","Dressage","","20260119T121135_logfile.itlog","2026-01-19T19:11:35.549Z","In hand","Research",,,
10,"walk","right","soft",1361.08,1361.73,1360.84,1361.41,4248.705,4249.355,4248.465,4249.035,1.1806,62.6895,0.8,0.735,0.685,0.74,0.395,0.43,0.525,0.455,199.83,186.0774,126.997,122.9387,66.39,64.0523,57.2025,63.113,,,,,,,-0.345,-29.2218,-0.33,-27.9513,0.24,20.3282,0.32,27.1043,82.0543,84.2642,67.2043,62.9291,12.546,17.74,16.8296,17.0981,33.6493,39.2326,36.0489,31.277,-48.405,-45.0316,-31.1555,-31.6522,1.3536,12.5964,8.2513,11.1497,-11.1925,-5.1436,-8.5783,-5.9485,,,0.1987,-46.5637,-72.4633,-0.3702,11.4036,5.1754,-0.2208,-25.8779,-4.2041,,,,,,178.7023,51.9508,105.4653,,,,"Duque","","N/A","2008-01-01T00:00:00.000Z","Bay","Gelding","PRE horse (Pura Raza Espanola) - Andalusier","Dressage","","20260119T121135_logfile.itlog","2026-01-19T19:11:35.549Z","In hand","Research",,,
10,"walk","right","soft",1362.295,1362.86,1362.025,1362.56,4249.92,4250.485,4249.65,4250.185,1.1687,61.1393,0.695,0.765,0.655,0.745,0.415,0.395,0.5,0.41,193.2999,241.8428,136.9047,153.5482,60.5664,64.4211,56.833,62.7368,,,,,,,-0.295,-25.2406,-0.265,-22.6738,0.27,23.1016,0.3,25.6684,84.3768,79.2858,69.7525,57.4924,12.5785,12.1323,20.1319,18.2064,33.0506,31.7466,34.7419,23.8427,-51.3262,-47.5393,-35.0105,-33.6496,2.9777,6.7723,7.7048,12.9247,-9.6008,-5.36,-12.4271,-5.2817,,,0.6191,16.3635,-103.7463,-0.3727,14.9128,-3.5283,-0.4326,-38.7446,7.9273,,,,,,195.0936,65.6779,107.8888,,,,"Duque","","N/A","2008-01-01T00:00:00.000Z","Bay","Gelding","PRE horse (Pura Raza Espanola) - Andalusier","Dressage","","20260119T121135_logfile.itlog","2026-01-19T19:11:35.549Z","In hand","Research",,,
10,"walk","right","soft",1363.48,1364.075,1363.175,1363.78,4251.105,4251.7,4250.8,4251.405,1.1875,62.3086,0.775,0.745,0.725,0.715,0.49,0.45,0.495,0.475,180.1516,215.7199,156.6749,117.1884,64.0496,63.4043,60.6695,61.1111,,,,,,,-0.315,-26.5263,-0.3,-25.2632,0.305,25.6842,0.295,24.8421,77.2678,74.701,67.4254,63.8915,11.3987,16.0259,14.3296,16.819,30.0375,33.9623,33.4874,31.1645,-47.2303,-40.7387,-33.938,-32.727,1.0861,9.8059,8.0852,11.8866,-10.3125,-6.2199,-6.2445,-4.9324,,,-0.0403,35.2852,40.5597,-0.2556,3.2185,19.0431,-0.327,-19.9708,12.3613,,,,,,178.4903,65.6947,98.8887,,,,"Duque","","N/A","2008-01-01T00:00:00.000Z","Bay","Gelding","PRE horse (Pura Raza Espanola) - Andalusier","Dressage","","20260119T121135_logfile.itlog","2026-01-19T19:11:35.549Z","In hand","Research",,,
10,"walk","right","soft",1364.635,1365.23,1364.345,1364.93,4252.26,4252.855,4251.97,4252.555,1.175,63.6065,0.76,0.78,0.7,0.75,0.38,0.41,0.445,0.435,204.6196,211.9547,145.3704,139.8536,64.8188,65.9619,60.0858,63.5593,,,,,,,-0.27,-22.9787,-0.295,-25.1064,0.29,24.6809,0.3,25.5319,78.3605,71.8164,67.006,57.8097,9.2132,12.3252,20.1744,14.7872,35.6497,32.806,31.7595,26.9501,-42.7108,-39.0104,-35.2466,-30.8596,1.8793,10.1114,10.623,10.3753,-7.3339,-2.2138,-9.5514,-4.4118,,,-0.6743,-77.3122,-3.0884,-0.504,14.401,8.969,-0.2441,-29.5536,-5.3576,,,,,,,66.0825,108.5511,,,,"Duque","","N/A","2008-01-01T00:00:00.000Z","Bay","Gelding","PRE horse (Pura Raza Espanola) - Andalusier","Dressage","","20260119T121135_logfile.itlog","2026-01-19T19:11:35.549Z","In hand","Research",,,
10,"walk","right","soft",1365.84,1366.405,1365.53,1366.105,4253.465,4254.03,4253.155,4253.73,1.2225,63.4054,0.775,0.825,0.715,0.785,0.445,0.395,0.485,0.425,171.4195,205.0653,145.8505,131.1256,63.786,67.3469,58.0122,64.4764,,,,,,,-0.3,-24.5399,-0.265,-21.6769,0.31,25.3579,0.3,24.5399,79.6342,75.603,64.5069,54.327,13.3175,11.4055,14.814,19.4084,37.0828,34.5585,30.2037,23.7378,-42.5514,-41.0445,-34.3032,-30.5892,4.7142,7.757,6.2279,13.0017,-8.6033,-3.6485,-8.5861,-6.4067,,,-0.1342,-81.1603,-64.8165,-0.6531,21.285,,-0.3208,-38.9034,-5.1528,,,,,,,66.085,110.3631,,,,"Duque","","N/A","2008-01-01T00:00:00.000Z","Bay","Gelding","PRE horse (Pura Raza Espanola) - Andalusier","Dressage","","20260119T121135_logfile.itlog","2026-01-19T19:11:35.549Z","In hand","Research",,,
10,"walk","right","soft",1367.05,1367.635,1366.795,1367.33,4254.675,4255.26,4254.42,4254.955,1.2425,62.47,0.795,0.83,0.68,0.8,0.435,0.405,0.55,0.44,185.4735,206.6637,124.3015,119.5995,64.503,66.9355,54.9495,63.4921,,,,,,,-0.39,-31.3883,-0.28,-22.5352,0.255,20.5231,0.305,24.5473,80.5725,76.7343,63.5527,56.5104,8.4247,13.9557,12.8158,19.4885,35.025,33.4891,32.6986,25.7535,-45.5475,-43.2452,-30.8541,-30.7569,2.9603,11.3642,7.6042,13.9401,-5.4643,-2.5914,-5.2116,-5.5483,,,-0.5296,-32.1198,33.1931,-0.5436,12.1378,20.0122,-0.2642,-31.6823,-5.9677,,,,,,143.6656,60.1523,107.7844,,,,"Duque","","N/A","2008-01-01T00:00:00.000Z","Bay","Gelding","PRE horse (Pura Raza Espanola) - Andalusier","Dressage","","20260119T121135_logfile.itlog","2026-01-19T19:11:35.549Z","In hand","Research",,,
10,"walk","right","soft",1368.285,1368.88,1368.04,1368.61,4255.91,4256.505,4255.665,4256.235,1.1906,61.8337,0.775,0.77,0.685,0.715,0.44,0.415,0.565,0.48,180.4258,204.7376,123.0454,114.9886,64.3154,64.7059,57.2025,61.1111,,,,,,,-0.405,-34.0157,-0.325,-27.2966,0.245,20.5774,0.27,22.6772,84.6017,78.598,60.1612,63.1228,13.5805,14.7889,19.4192,16.9004,38.0703,35.0746,30.4109,31.5783,-46.5314,-43.5234,-29.7503,-31.5445,3.5856,9.4075,11.2019,12.2829,-9.9949,-5.3814,-8.2172,-4.6175,,,-0.0153,-18.9375,-17.1204,-0.3135,7.0847,11.0367,-0.2214,-12.1883,8.3181,,,,,,135.6323,50.7745,97.992,,,,"Duque","","N/A","2008-01-01T00:00:00.000Z","Bay","Gelding","PRE horse (Pura Raza Espanola) - Andalusier","Dressage","","20260119T121135_logfile.itlog","2026-01-19T19:11:35.549Z","In hand","Research",,,
10,"walk","right","soft",1369.48,1370.075,1369.185,1369.755,4257.105,4257.7,4256.81,4257.38,1.1956,63.6268,0.775,0.805,0.69,0.775,0.42,0.425,0.46,0.43,199.1251,210.2109,133.6222,143.4752,64.7182,66.3918,59.6112,63.786,,,,,,,-0.305,-25.5097,-0.275,-23.0005,0.295,24.6733,0.32,26.7642,75.2117,73.5632,68.163,59.7729,10.1617,8.4956,14.287,17.4869,32.0506,32.6459,34.8185,29.0684,-43.1611,-40.9173,-33.3445,-30.7046,2.3851,7.4976,8.0413,12.5871,-7.7767,-0.998,-6.2457,-4.8997,,,-0.1329,15.095,31.9175,0.1474,-5.8904,5.8304,-0.2203,-33.0016,-13.7736,,,,,,141.7131,47.5788,104.6267,,,,"Duque","","N/A","2008-01-01T00:00:00.000Z","Bay","Gelding","PRE horse (Pura Raza Espanola) - Andalusier","Dressage","","20260119T121135_logfile.itlog","2026-01-19T19:11:35.549Z","In hand","Research",,,
10,"walk","right","soft",1370.68,1371.27,1370.35,1370.98,4258.305,4258.895,4257.975,4258.605,1.225,64.122,0.795,0.805,0.765,0.775,0.425,0.39,0.475,0.45,171.8311,209.8391,138.1546,128.332,65.1639,66.9439,60.5941,63.786,,,,,,,-0.275,-22.449,-0.3,-24.4898,0.33,26.9388,0.29,23.6735,79.2186,77.7495,63.8486,54.8818,10.6998,13.4975,16.1445,17.2448,35.6226,34.4908,29.132,23.2299,-43.596,-43.2587,-34.7166,-31.6519,4.0427,8.3354,9.2532,12.3779,-6.6571,-5.1621,-6.8913,-4.8669,,,-0.1538,-3.6459,11.8598,-0.5735,12.2411,9.4846,-0.1696,-24.3752,-7.747,,,,,,123.7211,55.4643,105.798,,,,"Duque","","N/A","2008-01-01T00:00:00.000Z","Bay","Gelding","PRE horse (Pura Raza Espanola) - Andalusier","Dressage","","20260119T121135_logfile.itlog","2026-01-19T19:11:35.549Z","In hand","Research",,,
10,"walk","right","soft",1371.9,1372.48,1371.635,1372.185,4259.525,4260.105,4259.26,4259.81,1.2281,62.1686,0.775,0.82,0.69,0.77,0.425,0.405,0.52,0.43,186.6498,217.3292,125.7742,120.0873,63.1365,66.2626,56.6735,62.6016,,,,,,,-0.365,-29.7201,-0.285,-23.2061,0.265,21.5776,0.295,24.0204,79.347,73.861,64.0505,57.9331,10.531,12.5214,12.1221,23.256,34.152,32.5299,32.0345,27.9314,-45.195,-41.3311,-32.016,-30.0017,-0.0853,9.0655,7.0737,14.7856,-10.6163,-3.456,-5.0484,-8.4704,,,0.5536,9.8041,-72.7884,-0.1613,8.5247,6.2596,-0.193,-27.3998,-10.8284,,,,,,149.2028,58.2719,96.7028,,,,"Duque","","N/A","2008-01-01T00:00:00.000Z","Bay","Gelding","PRE horse (Pura Raza Espanola) - Andalusier","Dressage","","20260119T121135_logfile.itlog","2026-01-19T19:11:35.549Z","In hand","Research",,,
10,"walk","right","soft",1373.155,1373.73,1372.86,1373.445,4260.78,4261.355,4260.485,4261.07,1.2531,62.6068,0.79,0.85,0.71,0.79,0.48,0.43,0.535,0.49,165.0578,196.8519,122.9176,111.4501,63.2,66.7976,57.6065,62.8231,,,,,,,-0.38,-30.3242,-0.29,-23.1421,0.295,23.5411,0.285,22.7431,77.3838,75.3688,63.2458,55.2436,12.1553,11.9721,19.7802,16.2429,35.741,34.1185,34.5312,27.8063,-41.6428,-41.2503,-28.7146,-27.4373,1.4363,9.6012,12.4318,12.2637,-10.7191,-2.371,-7.3483,-3.9792,,,0.5322,43.1605,-25.2152,-0.2557,9.8406,5.8672,-0.1474,-14.8103,-0.4776,,,,,,161.6957,51.6165,97.6837,,,,"Duque","","N/A","2008-01-01T00:00:00.000Z","Bay","Gelding","PRE horse (Pura Raza Espanola) - Andalusier","Dressage","","20260119T121135_logfile.itlog","2026-01-19T19:11:35.549Z","In hand","Research",,,
10,"walk","right","soft",1374.385,1374.995,1374.08,1374.68,4262.01,4262.62,4261.705,4262.305,1.2306,63.9015,0.8,0.805,0.75,0.79,0.44,0.415,0.51,0.445,173.2539,202.3884,123.5273,123.7866,64.7773,66.2551,60.6061,63.9676,,,,,,,-0.35,-28.4408,-0.295,-23.9716,0.305,24.7842,0.315,25.5967,73.9303,78.5639,63.3617,59.1008,11.2636,13.1754,21.2755,15.6284,32.5093,35.482,30.8757,29.1193,-41.421,-43.0819,-32.486,-29.9815,1.7363,9.037,10.666,11.8778,-9.5272,-4.1385,-10.6095,-3.7506,,,0.4968,71.2099,6.4521,-0.495,17.8496,2.7145,-0.3142,-30.5614,-0.2794,,,,,,148.3332,52.6157,97.8385,,,,"Duque","","N/A","2008-01-01T00:00:00.000Z","Bay","Gelding","PRE horse (Pura Raza Espanola) - Andalusier","Dressage","","20260119T121135_logfile.itlog","2026-01-19T19:11:35.549Z","In hand","Research",,,
10,"walk","right","soft",1375.615,1376.205,1375.295,1375.915,4263.24,4263.83,4262.92,4263.54,1.2119,63.3427,0.775,0.81,0.74,0.745,0.43,0.405,0.465,0.445,168.5248,219.8704,142.2186,129.7891,64.7182,66.8041,60.5317,61.3169,,,,,,,-0.3,-24.755,-0.3,-24.755,0.32,26.4054,0.29,23.9299,81.3805,70.3905,64.4095,57.0674,13.5047,11.883,21.6119,21.1663,32.4469,30.5214,30.666,28.6551,-48.9336,-39.8691,-33.7436,-28.4122,0.9025,7.871,10.4982,14.5999,-12.6022,-4.012,-11.1137,-6.5663,,,0.0404,16.3379,11.6546,-0.5893,18.1356,11.355,-0.1996,-21.4709,-3.1386,,,,,,127.5306,56.9676,96.3699,,,,"Duque","","N/A","2008-01-01T00:00:00.000Z","Bay","Gelding","PRE horse (Pura Raza Espanola) - Andalusier","Dressage","","20260119T121135_logfile.itlog","2026-01-19T19:11:35.549Z","In hand","Research",,,
10,"walk","right","soft",1376.805,1377.415,1376.535,1377.155,4264.43,4265.04,4264.16,4264.78,1.2512,63.5113,0.825,0.855,0.725,0.775,0.415,0.4,0.5,0.495,205.512,198.338,140.1371,114.1804,65.7371,67.8571,58.9431,61.5079,,,,,,,-0.33,-26.3736,-0.35,-27.972,0.27,21.5784,0.26,20.7792,76.8271,69.4249,61.737,53.5637,9.1197,11.5881,18.4533,17.1534,33.5145,29.115,31.1034,25.5463,-43.3126,-40.3099,-30.6336,-28.0174,1.2684,8.8199,10.0836,12.1178,-7.8513,-2.7682,-8.3697,-5.0356,,,-0.0598,0.7401,6.7858,-0.6344,18.8495,19.1326,-0.2667,-32.3754,-6.9559,,,,,,101.7674,58.5035,102.2584,,,,"Duque","","N/A","2008-01-01T00:00:00.000Z","Bay","Gelding","PRE horse (Pura Raza Espanola) - Andalusier","Dressage","","20260119T121135_logfile.itlog","2026-01-19T19:11:35.549Z","In hand","Research",,,
10,"walk","right","soft",1378.075,1378.68,1377.77,1378.405,4265.7,4266.305,4265.395,4266.03,1.2037,63.2626,0.795,0.785,0.745,0.72,0.445,0.41,0.51,0.475,171.4614,195.3311,125.8774,112.6656,65.2977,66.5254,60.0806,61.1465,,,,,,,-0.355,-29.4912,-0.33,-27.4143,0.305,25.3375,0.275,22.8453,80.7018,77.4879,65.1296,60.9445,11.5017,10.615,19.6222,17.8049,35.234,36.0274,33.1838,31.4119,-45.4677,-41.4605,-31.9458,-29.5327,1.2673,8.4829,10.2723,12.5392,-10.2344,-2.1321,-9.3499,-5.2657,,,-0.1008,16.9603,26.1881,-0.3977,11.6467,9.3596,-0.2758,-31.8217,-7.9822,,,,,,139.8676,57.0573,94.4288,,,,"Duque","","N/A","2008-01-01T00:00:00.000Z","Bay","Gelding","PRE horse (Pura Raza Espanola) - Andalusier","Dressage","","20260119T121135_logfile.itlog","2026-01-19T19:11:35.549Z","In hand","Research",,,
10,"walk","right","soft",1379.27,1379.845,1378.995,1379.565,4266.895,4267.47,4266.62,4267.19,1.2056,63.5413,0.78,0.825,0.7,0.76,0.4,0.38,0.48,0.44,197.1825,227.1684,138.1922,133.3548,65.8228,67.3469,58.7002,62.2951,,,,,,,-0.315,-26.1275,-0.295,-24.4686,0.275,22.8097,0.28,23.2245,75.5236,78.0426,65.7099,58.0337,11.0264,16.6586,21.5566,20.5142,31.2502,34.2062,33.5145,27.8363,-44.2734,-43.8364,-32.1954,-30.1974,2.3721,11.0945,11.438,14.8398,-8.6543,-5.5641,-10.1186,-5.6743,,,-0.0361,24.9817,29.505,-0.3772,13.0697,10.47,-0.3724,-31.498,5.8954,,,,,,150.3276,57.0546,103.517,,,,"Duque","","N/A","2008-01-01T00:00:00.000Z","Bay","Gelding","PRE horse (Pura Raza Espanola) - Andalusier","Dressage","","20260119T121135_logfile.itlog","2026-01-19T19:11:35.549Z","In hand","Research",,,
10,"walk","right","soft",1380.46,1381.09,1380.2,1380.805,4268.085,4268.715,4267.825,4268.43,1.2119,62.5068,0.805,0.765,0.72,0.74,0.41,0.42,0.505,0.48,183.4236,217.235,138.1448,116.7408,65.3144,64.2857,59.0164,61.4108,,,,,,,-0.355,-29.2935,-0.345,-28.4683,0.26,21.4544,0.285,23.5173,83.7351,81.12,63.4101,59.2404,12.2241,17.538,12.7322,17.6139,34.5501,35.4324,31.015,28.9395,-49.185,-45.6876,-32.3952,-30.301,0.7283,11.784,7.4488,10.2244,-11.4958,-5.7541,-5.2834,-7.3895,,,0.3832,39.4046,-7.0359,-0.1513,3.5845,3.8521,-0.1382,-20.1096,-7.397,,,,,,158.9296,53.8132,100.7929,,,,"Duque","","N/A","2008-01-01T00:00:00.000Z","Bay","Gelding","PRE horse (Pura Raza Espanola) - Andalusier","Dressage","","20260119T121135_logfile.itlog","2026-01-19T19:11:35.549Z","In hand","Research",,,
10,"walk","right","soft",1381.71,1382.285,1381.415,1381.995,4269.335,4269.91,4269.04,4269.62,1.205,62.6095,0.765,0.82,0.69,0.745,0.445,0.43,0.495,0.45,188.3662,228.7571,133.6909,131.2643,63.6175,66.2626,58.4746,62.0833,,,,,,,-0.325,-26.971,-0.285,-23.6515,0.295,24.4813,0.29,24.0664,78.29,75.4346,65.6083,60.8905,12.2867,16.0442,22.7865,16.712,32.7339,33.4338,33.9359,31.3118,-45.5561,-42.0007,-31.6724,-29.5787,3.1342,9.6012,13.0326,12.3327,-9.1525,-6.443,-9.7539,-4.3793,,,0.1488,54.1031,34.0637,-0.4421,10.202,9.8195,-0.2342,-33.4737,-11.2379,,,,,,168.7553,48.7586,106.1723,,,,"Duque","","N/A","2008-01-01T00:00:00.000Z","Bay","Gelding","PRE horse (Pura Raza Espanola) - Andalusier","Dressage","","20260119T121135_logfile.itlog","2026-01-19T19:11:35.549Z","In hand","Research",,,
10,"walk","right","soft",1382.905,1383.51,1382.59,1383.2,4270.53,4271.135,4270.215,4270.825,1.2456,64.6275,0.815,0.83,0.755,0.82,0.43,0.405,0.485,0.46,185.9718,212.113,140.926,128.4918,65.0699,67.4797,61.0101,64.9505,,,,,,,-0.305,-24.4857,-0.295,-23.6829,0.315,25.2885,0.31,24.8871,81.0857,69.9537,62.6267,55.1269,9.3955,12.6095,16.5226,14.533,38.34,29.9575,29.9928,24.0115,-42.7456,-39.9961,-32.6339,-31.1154,2.1123,10.2989,7.8504,11.0833,-7.2832,-2.3107,-8.6722,-3.4497,,,0.4261,12.5355,-45.7051,-0.6487,15.4342,8.0459,-0.1998,-18.4486,0.7453,,,,,,136.6771,44.967,96.0556,,,,"Duque","","N/A","2008-01-01T00:00:00.000Z","Bay","Gelding","PRE horse (Pura Raza Espanola) - Andalusier","Dressage","","20260119T121135_logfile.itlog","2026-01-19T19:11:35.549Z","In hand","Research",,,
10,"walk","right","soft",1384.165,1384.735,1383.825,1384.445,4271.79,4272.36,4271.45,4272.07,1.2619,65.1592,0.805,0.88,0.775,0.83,0.445,0.395,0.48,0.425,179.5147,202.7026,132.1196,126.8261,64.6586,68.4825,61.753,65.7426,,,,,,,-0.315,-24.9629,-0.28,-22.1892,0.34,26.944,0.29,22.9817,75.3035,70.4653,64.5571,56.4914,11.7444,15.3704,19.4808,13.2604,34.5902,30.7689,32.1304,26.6792,-40.7133,-39.6964,-32.4267,-29.8122,2.7307,11.6618,9.5558,9.7963,-9.0137,-3.7086,-9.925,-3.4641,,,0.3546,-11.4569,-46.5953,-0.4658,7.5179,11.1163,-0.2387,-24.3433,-5.0578,,,,,,127.6206,49.198,85.8483,,,,"Duque","","N/A","2008-01-01T00:00:00.000Z","Bay","Gelding","PRE horse (Pura Raza Espanola) - Andalusier","Dressage","","20260119T121135_logfile.itlog","2026-01-19T19:11:35.549Z","In hand","Research",,,
10,"walk","right","soft",1385.405,1386.03,1385.08,1385.715,4273.03,4273.655,4272.705,4273.34,1.2725,65.328,0.835,0.85,0.8,0.84,0.435,0.415,0.48,0.44,172.5937,193.1591,142.7755,125.695,65.2344,67.3267,62.8684,65.8824,,,,,,,-0.345,-27.112,-0.31,-24.3615,0.325,25.5403,0.315,24.7544,74.9113,79.7772,58.8792,51.9279,9.3752,14.9366,18.2363,14.1956,33.3011,37.3634,27.6947,21.4675,-41.6101,-42.4138,-31.1844,-30.4604,2.0735,9.9435,8.3761,11.0744,-7.3017,-4.9931,-9.8602,-3.1212,,,-0.4813,-49.6033,2.7244,-0.5018,5.5525,19.5301,-0.2299,-14.8612,1.9834,,,,,,126.7895,49.0657,73.2576,,,,"Duque","","N/A","2008-01-01T00:00:00.000Z","Bay","Gelding","PRE horse (Pura Raza Espanola) - Andalusier","Dressage","","20260119T121135_logfile.itlog","2026-01-19T19:11:35.549Z","In hand","Research",,,
10,"walk","right","soft",1386.695,1387.29,1386.345,1386.985,4274.32,4274.915,4273.97,4274.61,1.2188,63.3876,0.785,0.78,0.78,0.745,0.455,0.41,0.465,0.43,161.7651,215.3322,130.418,113.1496,63.9511,64.3299,62.4,62.8692,,,,,,,-0.315,-25.8462,-0.29,-23.7949,0.35,28.7179,0.305,25.0256,81.4944,79.35,59.3911,62.7386,11.4394,15.2559,13.15,17.0847,35.1478,34.4738,26.4316,32.2416,-46.3466,-44.8762,-32.9595,-30.4969,2.0808,9.4651,7.2644,12.6536,-9.3586,-5.7908,-5.8856,-4.4311,,,-0.314,-26.3707,13.4395,-0.3032,3.9733,13.518,-0.2746,-19.9749,-3.4443,,,,,,138.5136,47.9645,74.5178,,,,"Duque","","N/A","2008-01-01T00:00:00.000Z","Bay","Gelding","PRE horse (Pura Raza Espanola) - Andalusier","Dressage","","20260119T121135_logfile.itlog","2026-01-19T19:11:35.549Z","In hand","Research",,,
10,"walk","right","soft",1387.91,1388.525,1387.6,1388.18,4275.535,4276.15,4275.225,4275.805,1.2187,64.3916,0.805,0.805,0.72,0.81,0.43,0.455,0.475,0.45,192.8799,207.2962,130.4526,135.815,66.805,65.5804,60.251,64.9299,,,,,,,-0.31,-25.4359,-0.27,-22.1538,0.31,25.4359,0.345,28.3077,72.0953,78.7032,65.5139,57.759,13.4331,14.6402,14.2946,11.335,28.6007,37.82,33.4519,26.9332,-43.4946,-40.8832,-32.062,-30.8258,1.41,8.6647,8.4639,9.3715,-12.0231,-5.9755,-5.8308,-1.9634,,,0.0058,15.6164,14.9185,-0.6055,7.7949,17.7742,-0.3174,-29.4775,3.6393,,,,,,135.0851,42.8579,109.747,,,,"Duque","","N/A","2008-01-01T00:00:00.000Z","Bay","Gelding","PRE horse (Pura Raza Espanola) - Andalusier","Dressage","","20260119T121135_logfile.itlog","2026-01-19T19:11:35.549Z","In hand","Research",,,
10,"walk","right","soft",1389.085,1389.72,1388.795,1389.415,4276.71,4277.345,4276.42,4277.04,1.215,64.7272,0.815,0.805,0.755,0.77,0.37,0.39,0.475,0.425,189.2525,216.3481,134.3259,131.8681,67.2165,66.805,61.3821,63.5052,,,,,,,-0.27,-22.2222,-0.33,-27.1605,0.29,23.8683,0.305,25.1029,81.2151,71.046,65.8237,64.2423,8.9067,14.2268,13.2104,14.7627,35.6197,31.2562,30.5498,33.3444,-45.5954,-39.7898,-35.274,-30.8979,2.8424,10.1623,6.406,10.4677,-6.0642,-4.0646,-6.8044,-4.2951,,,0.4522,26.014,-26.4887,-0.528,15.9806,7.6676,-0.1335,-24.0196,-13.2752,,,,,,147.6355,55.2105,93.7648,,,,"Duque","","N/A","2008-01-01T00:00:00.000Z","Bay","Gelding","PRE horse (Pura Raza Espanola) - Andalusier","Dressage","","20260119T121135_logfile.itlog","2026-01-19T19:11:35.549Z","In hand","Research",,,
10,"walk","right","soft",1390.325,1390.935,1390.025,1390.645,4277.95,4278.56,4277.65,4278.27,1.2506,64.0795,0.815,0.825,0.76,0.805,0.425,0.41,0.475,0.46,187.5385,198.6909,142.2242,128.2674,65.4618,66.6667,60.6786,63.5108,,,,,,,-0.305,-24.3878,-0.32,-25.5872,0.3,23.988,0.29,23.1884,76.7243,69.7749,62.2197,53.1556,9.6504,11.9811,19.3728,18.9393,33.6283,30.655,28.7759,23.4743,-43.096,-39.1199,-33.4439,-29.6814,1.1628,10.444,10.5215,12.2665,-8.4876,-1.5371,-8.8513,-6.6728,,,-0.7936,-78.164,38.9871,-0.459,14.0935,10.3431,-0.1556,-12.8278,3.1909,,,,,,174.4036,58.736,102.971,,,,"Duque","","N/A","2008-01-01T00:00:00.000Z","Bay","Gelding","PRE horse (Pura Raza Espanola) - Andalusier","Dressage","","20260119T121135_logfile.itlog","2026-01-19T19:11:35.549Z","In hand","Research",,,
10,"walk","right","soft",1391.575,1392.175,1391.295,1391.915,4279.2,4279.8,4278.92,4279.54,1.2475,63.6872,0.82,0.865,0.73,0.765,0.435,0.415,0.51,0.465,174.628,191.0467,128.8498,110.9712,65.6,67.9764,59.2292,61.9433,,,,,,,-0.36,-28.8577,-0.34,-27.2545,0.28,22.4449,0.26,20.8417,75.4765,75.041,60.605,55.1286,10.595,13.1369,21.0009,19.1223,33.8939,34.6134,29.9981,28.3975,-41.5826,-40.4275,-30.6069,-26.7312,2.2603,8.7895,11.2705,13.0134,-8.3347,-4.3474,-9.7304,-6.1089,,,0.6236,-42.3204,-143.9939,-0.3996,13.3127,16.596,-0.2722,-29.4667,-6.7955,,,,,,205.358,58.9713,90.0781,,,,"Duque","","N/A","2008-01-01T00:00:00.000Z","Bay","Gelding","PRE horse (Pura Raza Espanola) - Andalusier","Dressage","","20260119T121135_logfile.itlog","2026-01-19T19:11:35.549Z","In hand","Research",,,
10,"walk","right","soft",1392.82,1393.44,1392.52,1393.155,4280.445,4281.065,4280.145,4280.78,1.2856,63.6843,0.84,0.875,0.75,0.81,0.425,0.4,0.495,0.475,172.6466,205.608,128.484,117.0251,65.625,67.5676,58.1395,63.4051,,,,,,,-0.345,-26.8352,-0.335,-26.0574,0.3,23.335,0.285,22.1682,80.445,74.2036,61.9966,53.5791,10.0016,14.0143,14.1008,16.6142,36.4693,33.6875,28.8711,25.1787,-43.9757,-40.5161,-33.1255,-28.4004,1.9616,8.9734,7.141,11.8424,-8.0401,-5.0409,-6.9598,-4.7718,,,-0.8619,-32.4096,138.0784,-0.6231,14.209,10.5655,-0.3454,-30.9547,4.6314,,,,,,197.8116,49.9541,105.6446,,,,"Duque","","N/A","2008-01-01T00:00:00.000Z","Bay","Gelding","PRE horse (Pura Raza Espanola) - Andalusier","Dressage","","20260119T121135_logfile.itlog","2026-01-19T19:11:35.549Z","In hand","Research",,,
10,"walk","right","soft",1394.115,1394.755,1393.855,1394.425,4281.74,4282.38,4281.48,4282.05,1.2744,62.2056,0.845,0.8,0.715,0.81,0.455,0.44,0.585,0.46,178.1564,190.6492,113.4309,107.3652,65.3772,64.257,55.534,63.6542,,,,,,,-0.415,-32.565,-0.31,-24.3256,0.26,20.4022,0.33,25.895,82.7597,70.6693,61.2862,57.3723,9.6725,10.3821,10.402,15.0052,35.976,28.4496,33.1947,26.8471,-46.7837,-42.2198,-28.0915,-30.5252,1.5257,9.0584,5.7996,11.6925,-8.1468,-1.3237,-4.6024,-3.3127,,,0.0511,13.1616,8.815,0.1609,-1.3502,4.0415,-0.1834,-29.3834,-14.0827,,,,,,108.687,38.6146,97.5317,,,,"Duque","","N/A","2008-01-01T00:00:00.000Z","Bay","Gelding","PRE horse (Pura Raza Espanola) - Andalusier","Dressage","","20260119T121135_logfile.itlog","2026-01-19T19:11:35.549Z","In hand","Research",,,
10,"walk","right","soft",1395.4,1396.005,1395.13,1395.7,4283.025,4283.63,4282.755,4283.325,1.2531,62.9254,0.805,0.825,0.725,0.8,0.44,0.45,0.56,0.465,186.842,192.7667,111.8342,119.4299,64.2715,65.2174,58.4677,63.745,,,,,,,-0.375,-29.9252,-0.3,-23.9401,0.27,21.5461,0.305,24.3392,75.7809,73.624,61.5116,58.5061,8.1474,13.5468,13.1746,14.9756,33.246,35.1704,33.1381,28.8286,-42.5349,-38.4537,-28.3735,-29.6775,0.6668,11.3675,7.5223,12.2971,-7.4806,-2.1793,-5.6523,-2.6785,,,0.0884,-1.9676,-11.9002,-0.1134,5.1532,-10.4601,0.0506,-3.0115,-6.9245,,,,,,114.3309,43.3248,80.327,,,,"Duque","","N/A","2008-01-01T00:00:00.000Z","Bay","Gelding","PRE horse (Pura Raza Espanola) - Andalusier","Dressage","","20260119T121135_logfile.itlog","2026-01-19T19:11:35.549Z","In hand","Research",,,
10,"walk","right","soft",1396.66,1397.26,1396.325,1396.945,4284.285,4284.885,4283.95,4284.57,1.2456,64.0417,0.81,0.83,0.76,0.79,0.455,0.43,0.47,0.445,165.5958,189.8482,130.8727,128.3221,65.4545,67.2065,60.5578,62.9482,,,,,,,-0.32,-25.6899,-0.285,-22.8801,0.335,26.8941,0.315,25.2885,79.4976,73.4808,58.932,52.5504,14.8311,12.5653,17.4916,20.2608,37.1012,34.162,27.8153,24.7942,-42.3964,-39.3188,-31.1167,-27.7562,2.3665,8.4535,9.5267,14.5214,-12.4646,-4.1117,-7.965,-5.7394,,,-0.2924,-20.1967,10.9168,-0.0061,-4.6604,5.6373,-0.2407,-14.4383,5.3197,,,,,,138.0825,42.8215,85.9706,,,,"Duque","","N/A","2008-01-01T00:00:00.000Z","Bay","Gelding","PRE horse (Pura Raza Espanola) - Andalusier","Dressage","","20260119T121135_logfile.itlog","2026-01-19T19:11:35.549Z","In hand","Research",,,
10,"walk","right","soft",1397.87,1398.47,1397.605,1398.22,4285.495,4286.095,4285.23,4285.845,1.2556,63.6055,0.83,0.87,0.735,0.76,0.4,0.38,0.52,0.485,194.9015,207.7123,114.6361,107.8152,66.5331,68.5039,58.2178,61.167,,,,,,,-0.345,-27.4764,-0.35,-27.8746,0.265,21.105,0.25,19.9104,77.5559,75.9539,59.4099,56.1977,10.059,11.1601,10.6931,12.9852,32.219,36.0789,29.9609,29.9627,-45.337,-39.875,-29.449,-26.235,2.0193,7.9236,6.5648,10.2449,-8.0396,-3.2365,-4.1283,-2.7403,,,0.3328,-48.2893,-93.784,-0.4203,7.3131,9.8008,-0.1343,-20.6551,-10.5367,,,,,,185.0072,45.4947,85.8675,,,,"Duque","","N/A","2008-01-01T00:00:00.000Z","Bay","Gelding","PRE horse (Pura Raza Espanola) - Andalusier","Dressage","","20260119T121135_logfile.itlog","2026-01-19T19:11:35.549Z","In hand","Research",,,
10,"walk","right","soft",1399.135,1399.76,1398.875,1399.46,4286.76,4287.385,4286.5,4287.085,1.2638,63.9359,0.84,0.87,0.72,0.805,0.435,0.42,0.535,0.48,179.8755,200.6881,120.1829,109.455,65.4971,67.9688,59.0164,63.2613,,,,,,,-0.405,-32.0475,-0.325,-25.7171,0.26,20.5737,0.3,23.7389,74.9559,72.5226,63.8684,57.4759,8.9487,11.8976,12.0998,15.2028,32.9805,31.5092,35.2555,29.2074,-41.9753,-41.0133,-28.6128,-28.2684,1.9472,9.2589,8.0791,10.8529,-7.0015,-2.6387,-4.0208,-4.3499,,,,77.8531,-118.7162,-0.3941,11.6365,10.9428,-0.413,-27.593,10.7477,,,,,,213.6301,49.3312,92.8374,,,,"Duque","","N/A","2008-01-01T00:00:00.000Z","Bay","Gelding","PRE horse (Pura Raza Espanola) - Andalusier","Dressage","","20260119T121135_logfile.itlog","2026-01-19T19:11:35.549Z","In hand","Research",,,
10,"walk","right","soft",1400.425,1401.03,1400.06,1400.72,4288.05,4288.655,4287.685,4288.345,1.2881,65.7017,0.85,0.87,0.815,0.85,0.45,0.4,0.465,0.455,163.0039,205.046,132.8842,120.0305,65.3846,68.1018,63.301,66.0194,,,,,,,-0.3,-23.2897,-0.295,-22.9015,0.365,28.3358,0.31,24.066,78.0038,77.487,60.787,54.2449,14.9329,12.2566,9.8707,13.9282,35.9674,35.6017,27.494,24.9741,-42.0364,-41.8853,-33.293,-29.2707,2.5074,9.807,5.0536,9.3828,-12.4256,-2.4496,-4.8171,-4.5454,,,,-70.287,27.3925,-0.3223,8.0757,3.5171,-0.2131,-20.1286,-1.8097,,,,,,208.9287,45.2,87.7811,,,,"Duque","","N/A","2008-01-01T00:00:00.000Z","Bay","Gelding","PRE horse (Pura Raza Espanola) - Andalusier","Dressage","","20260119T121135_logfile.itlog","2026-01-19T19:11:35.549Z","In hand","Research",,,
10,"walk","right","soft",1401.725,1402.315,1401.355,1401.99,4289.35,4289.94,4288.98,4289.615,1.2806,64.5961,0.8,0.875,0.795,0.84,0.45,0.415,0.48,0.42,167.6601,208.2914,124.4078,126.8298,63.745,66.6667,62.4754,65.4971,,,,,,,-0.325,-25.3782,-0.265,-20.693,0.37,28.8921,0.325,25.3782,77.3183,76.5548,62.4812,58.5679,11.5832,14.2274,19.2336,12.9322,35.0276,32.0499,28.9142,29.1403,-42.2907,-44.5049,-33.567,-29.4276,4.7862,9.6445,8.0222,10.0207,-6.797,-4.5829,-11.2114,-2.9115,,,-0.5243,-1.4315,56.9021,-0.4893,11.9715,5.9647,-0.2705,-28.5698,-6.6108,,,,,,148.9384,48.3961,87.8041,,,,"Duque","","N/A","2008-01-01T00:00:00.000Z","Bay","Gelding","PRE horse (Pura Raza Espanola) - Andalusier","Dressage","","20260119T121135_logfile.itlog","2026-01-19T19:11:35.549Z","In hand","Research",,,
10,"walk","right","soft",1402.985,1403.65,1402.625,1403.295,4290.61,4291.275,4290.25,4290.92,1.2987,64.3045,0.835,0.835,0.82,0.85,0.46,0.46,0.475,0.465,171.3772,192.2556,133.9495,118.5554,64.8544,65.4902,62.3574,64.5161,,,,,,,-0.31,-23.8691,-0.31,-23.8691,0.36,27.719,0.355,27.334,74.1398,71.0336,61.2417,55.8465,11.6875,13.1204,11.3988,12.924,32.8764,32.3023,28.8237,26.7574,-41.2633,-38.7313,-32.418,-29.0891,1.9139,7.9466,6.5831,9.3697,-9.7736,-5.1737,-4.8157,-3.5543,,,,7.863,-57.7349,-0.4102,8.0935,13.2849,-0.2608,-20.4387,2.3109,,,,,,197.1504,48.4186,87.2381,,,,"Duque","","N/A","2008-01-01T00:00:00.000Z","Bay","Gelding","PRE horse (Pura Raza Espanola) - Andalusier","Dressage","","20260119T121135_logfile.itlog","2026-01-19T19:11:35.549Z","In hand","Research",,,
10,"walk","right","soft",1404.265,1404.905,1403.96,1404.615,4291.89,4292.53,4291.585,4292.24,1.2981,64.4893,0.88,0.88,0.785,0.805,0.445,0.42,0.515,0.47,167.8658,189.5732,123.976,114.0652,66.7932,67.433,61.3281,62.4031,,,,,,,-0.31,-23.8806,-0.35,-26.962,0.305,23.4954,0.29,22.3399,80.63,70.8368,61.4635,60.4231,11.3492,13.0234,17.4795,14.7395,36.1306,29.4503,29.7762,31.5606,-44.4994,-41.3865,-31.6874,-28.8625,2.5707,10.0516,8.671,10.7999,-8.7785,-2.9719,-8.8085,-3.9396,,,-0.9201,-37.366,144.002,-0.5254,12.0205,8.1059,-0.3504,-29.1084,0.663,,,,,,197.1143,44.2517,85.1873,,,,"Duque","","N/A","2008-01-01T00:00:00.000Z","Bay","Gelding","PRE horse (Pura Raza Espanola) - Andalusier","Dressage","","20260119T121135_logfile.itlog","2026-01-19T19:11:35.549Z","In hand","Research",,,
10,"walk","right","soft",1405.575,1406.215,1405.22,1405.92,4293.2,4293.84,4292.845,4293.545,1.27,63.5403,0.84,0.835,0.8,0.75,0.43,0.43,0.475,0.5,184.7153,194.0822,128.3336,117.8313,66.6667,66.9339,62.8684,57.6923,,,,,,,-0.315,-24.8031,-0.345,-27.1654,0.355,27.9528,0.295,23.2283,73.9888,73.2026,66.1178,60.8186,10.4531,13.1099,13.5722,22.7972,30.7619,34.1457,33.0034,34.0809,-43.2269,-39.0568,-33.1144,-26.7377,2.4435,8.957,6.8581,14.1611,-8.0096,-4.1529,-6.714,-8.6361,,,-0.6422,19.169,116.2148,-0.3935,10.5031,10.719,-0.232,-15.1743,5.0006,,,,,,183.7415,45.9011,86.9731,,,,"Duque","","N/A","2008-01-01T00:00:00.000Z","Bay","Gelding","PRE horse (Pura Raza Espanola) - Andalusier","Dressage","","20260119T121135_logfile.itlog","2026-01-19T19:11:35.549Z","In hand","Research",,,
10,"walk","right","soft",1406.825,1407.445,1406.49,1407.27,4294.45,4295.07,4294.115,4294.895,1.2819,63.0536,0.85,0.88,0.8,0.705,0.41,0.395,0.47,0.6,183.6678,204.0384,134.116,111.5134,66.5362,68.2171,60.4915,56.9697,,,,,,,-0.275,-21.4529,-0.445,-34.7148,0.335,26.1336,0.175,13.6519,80.3209,77.9527,60.3635,54.2517,8.8494,12.8993,9.6944,14.1133,38.074,35.3448,26.5027,29.7702,-42.2469,-42.6079,-33.8608,-24.4815,2.9271,10.6027,4.8576,9.5789,-5.9223,-2.2966,-4.8368,-4.5344,,,-0.4716,40.2172,109.6493,-0.6882,20.8859,8.3081,-0.2716,-17.5365,10.5106,,,,,,187.4335,53.3218,103.2749,,,,"Duque","","N/A","2008-01-01T00:00:00.000Z","Bay","Gelding","PRE horse (Pura Raza Espanola) - Andalusier","Dressage","","20260119T121135_logfile.itlog","2026-01-19T19:11:35.549Z","In hand","Research",,,
10,"walk","right","soft",1408.12,1408.75,1407.865,1408.44,4295.745,4296.375,4295.49,4296.065,1.225,62.2389,0.8,0.77,0.72,0.76,0.445,0.425,0.575,0.465,177.2889,204.0194,113.393,113.1429,63.745,63.2444,58.8957,63.0705,,,,,,,-0.42,-34.2857,-0.32,-26.1224,0.255,20.8163,0.31,25.3061,83.0255,77.6306,63.5431,60.5345,14.5024,13.7464,13.0127,12.1293,33.5713,33.335,34.9797,29.5036,-49.4541,-44.2956,-28.5635,-31.0309,2.579,8.2241,7.8489,10.2241,-11.9234,-5.5223,-5.1638,-1.9052,,,0.2528,14.5138,-14.9651,-0.4375,7.2253,13.3529,-0.1551,-14.0216,-3.3777,,,,,,117.3779,44.3474,80.3306,,,,"Duque","","N/A","2008-01-01T00:00:00.000Z","Bay","Gelding","PRE horse (Pura Raza Espanola) - Andalusier","Dressage","","20260119T121135_logfile.itlog","2026-01-19T19:11:35.549Z","In hand","Research",,,
10,"walk","right","soft",1409.385,1409.99,1409.015,1409.625,4297.01,4297.615,4296.64,4297.25,1.1862,62.5906,0.735,0.745,0.73,0.76,0.465,0.47,0.43,0.425,189.4655,192.9027,143.906,139.182,62.4204,62.7368,61.4737,63.7317,,,,,,,-0.265,-22.3393,-0.24,-20.2318,0.37,31.1907,0.365,30.7692,83.1078,76.4498,67.1717,61.6666,13.0198,15.7583,15.7741,15.6807,37.1389,36.8064,31.8866,29.0031,-45.9689,-39.6433,-35.2851,-32.6635,2.946,10.069,7.4617,11.1277,-10.0738,-5.6893,-8.3124,-4.553,,,0.0175,26.3368,24.4295,0.1613,-12.2188,10.1998,-0.4579,-35.6131,8.5164,,,,,,167.158,42.2493,106.33,,,,"Duque","","N/A","2008-01-01T00:00:00.000Z","Bay","Gelding","PRE horse (Pura Raza Espanola) - Andalusier","Dressage","","20260119T121135_logfile.itlog","2026-01-19T19:11:35.549Z","In hand","Research",,,
10,"walk","right","soft",1410.54,1411.15,1410.23,1410.825,4298.165,4298.775,4297.855,4298.45,1.2044,63.7254,0.785,0.78,0.73,0.775,0.42,0.415,0.485,0.44,198.3296,206.4632,142.3902,140.9449,64.3443,65.4088,60.8333,64.3154,,,,,,,-0.24,-19.9273,-0.285,-23.6637,0.31,25.7395,0.325,26.985,81.787,72.0567,65.4108,60.1346,13.1721,9.0693,18.4772,15.3682,37.6204,30.8218,30.3988,28.3161,-44.1666,-41.2349,-35.012,-31.8185,1.5892,8.0462,8.5948,9.951,-11.5829,-1.0231,-9.8825,-5.4172,,,-0.4598,18.6656,85.8748,-0.6522,12.3187,12.4451,-0.3091,-36.0173,0.0981,,,,,,167.3754,38.6303,,,,,"Duque","","N/A","2008-01-01T00:00:00.000Z","Bay","Gelding","PRE horse (Pura Raza Espanola) - Andalusier","Dressage","","20260119T121135_logfile.itlog","2026-01-19T19:11:35.549Z","In hand","Research",,,
10,"walk","right","soft",1411.775,1412.34,1411.415,1412.02,4299.4,4299.965,4299.04,4299.645,1.2369,64.5576,0.785,0.845,0.75,0.815,0.45,0.41,0.455,0.42,181.5397,209.1221,145.3561,140.9903,64.7423,67.0635,61.2245,65.2,,,,,,,-0.265,-21.425,-0.245,-19.808,0.36,29.1056,0.32,25.8717,75.1245,75.0074,65.5225,54.2109,10.9387,13.5843,21.9479,17.4161,33.0781,34.5306,31.6397,23.6737,-42.0465,-40.4769,-33.8827,-30.5371,2.5653,10.7499,9.9527,12.3431,-8.3735,-2.8344,-11.9952,-5.073,,,-0.4192,5.7303,66.6623,-0.4594,12.9473,6.5895,-0.2009,-27.2019,-8.2079,,,,,,151.0877,44.262,102.744,,,,"Duque","","N/A","2008-01-01T00:00:00.000Z","Bay","Gelding","PRE horse (Pura Raza Espanola) - Andalusier","Dressage","","20260119T121135_logfile.itlog","2026-01-19T19:11:35.549Z","In hand","Research",,,
10,"walk","right","soft",1412.965,1413.605,1412.66,1413.285,4300.59,4301.23,4300.285,4300.91,1.2569,64.467,0.845,0.815,0.78,0.8,0.405,0.42,0.495,0.45,183.8194,199.1134,139.2183,116.1608,66.5354,66.3951,60.9375,64,,,,,,,-0.32,-25.46,-0.32,-25.46,0.305,24.2665,0.32,25.46,83.5754,72.697,58.5286,55.3707,14.2015,10.3103,20.336,18.1356,38.0517,30.6481,26.3765,25.4602,-45.5237,-42.0489,-32.1522,-29.9105,3.6008,6.3561,10.7001,12.7912,-10.6007,-3.9541,-9.6358,-5.3444,,,-0.2322,23.6709,48.5351,-0.1601,3.8289,2.4274,-0.1909,-12.4953,3.7483,,,,,,171.5448,45.0595,85.0989,,,,"Duque","","N/A","2008-01-01T00:00:00.000Z","Bay","Gelding","PRE horse (Pura Raza Espanola) - Andalusier","Dressage","","20260119T121135_logfile.itlog","2026-01-19T19:11:35.549Z","In hand","Research",,,
10,"walk","right","soft",1414.255,1414.825,1413.945,1414.535,4301.88,4302.45,4301.57,4302.16,1.2194,62.6527,0.775,0.795,0.73,0.755,0.445,0.405,0.505,0.45,182.7618,200.5319,123.9679,121.8311,63.786,65.567,58.9899,62.268,,,,,,,-0.34,-27.8831,-0.28,-22.9626,0.31,25.4229,0.29,23.7827,81.2527,79.3842,65.6506,57.482,12.4346,12.6093,21.3181,22.4839,33.9886,35.3216,34.9745,27.8475,-47.2641,-44.0626,-30.6762,-29.6346,3.9022,9.3585,11.1302,17.0872,-8.5324,-3.2508,-10.1879,-5.3967,,,-0.1989,55.3811,80.974,-0.0557,-1.4447,3.0498,-0.2534,-19.1895,2.1754,,,,,,184.0832,48.6138,87.3535,,,,"Duque","","N/A","2008-01-01T00:00:00.000Z","Bay","Gelding","PRE horse (Pura Raza Espanola) - Andalusier","Dressage","","20260119T121135_logfile.itlog","2026-01-19T19:11:35.549Z","In hand","Research",,,
10,"walk","right","soft",1415.465,1416.05,1415.185,1415.755,4303.09,4303.675,4302.81,4303.38,1.2281,63.1884,0.785,0.825,0.71,0.785,0.435,0.43,0.51,0.465,186.9445,214.6629,136.4655,121.1861,64.6091,66.6667,58.6777,62.8,,,,,,,-0.36,-29.313,-0.29,-23.6132,0.28,22.799,0.295,24.0204,77.363,75.4093,62.4111,56.6301,9.1962,16.5147,10.8839,11.4829,33.0418,32.7884,31.6712,26.2403,-44.3212,-42.6209,-30.7399,-30.3898,2.6601,9.0061,5.8212,8.8629,-6.5361,-7.5086,-5.0627,-2.62,,,-0.0936,-5.9172,2.8353,-0.0077,-5.7459,4.6129,-0.2469,-19.9149,2.7732,,,,,,138.9402,50.0774,91.9079,,,,"Duque","","N/A","2008-01-01T00:00:00.000Z","Bay","Gelding","PRE horse (Pura Raza Espanola) - Andalusier","Dressage","","20260119T121135_logfile.itlog","2026-01-19T19:11:35.549Z","In hand","Research",,,
10,"walk","right","soft",1416.675,1417.27,1416.385,1417.005,4304.3,4304.895,4304.01,4304.63,1.2238,63.0045,0.795,0.805,0.715,0.77,0.425,0.395,0.49,0.465,186.1907,209.1188,132.0274,120.0607,64.7658,65.3144,59.3361,62.6016,,,,,,,-0.335,-27.3749,-0.33,-26.9663,0.29,23.6977,0.265,21.6547,71.5594,72.8935,64.6856,57.8327,9.704,11.7663,15.2094,14.0787,32.0669,30.6671,33.166,31.2871,-39.4925,-42.2264,-31.5196,-26.5455,-0.0061,9.7577,8.0346,9.391,-9.7101,-2.0085,-7.1748,-4.6877,,,0.5092,2.4889,-72.144,-0.5966,12.7735,16.3613,-0.3869,-40.8128,-4.3823,,,,,,146.5684,47.6642,100.442,,,,"Duque","","N/A","2008-01-01T00:00:00.000Z","Bay","Gelding","PRE horse (Pura Raza Espanola) - Andalusier","Dressage","","20260119T121135_logfile.itlog","2026-01-19T19:11:35.549Z","In hand","Research",,,
10,"walk","right","soft",1417.91,1418.535,1417.59,1418.23,4305.535,4306.16,4305.215,4305.855,1.2437,64.0236,0.815,0.82,0.77,0.78,0.44,0.46,0.49,0.455,162.8622,187.6439,137.0028,121.7516,65.4618,65.8635,61.3546,63.4146,,,,,,,-0.32,-25.7286,-0.32,-25.7286,0.32,25.7286,0.305,24.5226,74.5752,70.4523,61.8433,55.7907,10.7992,13.336,17.0387,15.9513,32.057,32.9844,29.6863,27.0846,-42.5182,-37.4679,-32.1569,-28.7061,0.9385,8.8302,8.8842,10.6485,-9.8607,-4.5058,-8.1545,-5.3028,,,-0.5308,25.3528,89.7812,-0.4164,8.8646,10.9704,-0.2846,-27.3657,-1.1823,,,,,,146.722,45.9233,93.1739,,,,"Duque","","N/A","2008-01-01T00:00:00.000Z","Bay","Gelding","PRE horse (Pura Raza Espanola) - Andalusier","Dressage","","20260119T121135_logfile.itlog","2026-01-19T19:11:35.549Z","In hand","Research",,,
10,"walk","right","soft",1419.145,1419.745,1418.84,1419.455,4306.77,4307.37,4306.465,4307.08,1.2375,63.9474,0.815,0.825,0.75,0.775,0.42,0.39,0.48,0.445,181.6432,195.05,128.2536,124.4399,66.1258,66.8016,60.3622,62.5,,,,,,,-0.305,-24.6465,-0.31,-25.0505,0.305,24.6465,0.29,23.4343,78.0564,77.2671,59.6897,55.9971,13.4552,13.8608,20.1201,21.254,32.3773,36.5792,28.3672,26.9619,-45.6791,-40.6879,-31.3225,-29.0351,0.7337,9.6781,9.9115,13.8044,-12.7215,-4.1826,-10.2085,-7.4496,,,0.1144,50.7062,36.7293,-0.3019,5.1573,6.6196,-0.3132,-30.7922,-3.7042,,,,,,158.8793,44.1068,96.2274,,,,"Duque","","N/A","2008-01-01T00:00:00.000Z","Bay","Gelding","PRE horse (Pura Raza Espanola) - Andalusier","Dressage","","20260119T121135_logfile.itlog","2026-01-19T19:11:35.549Z","In hand","Research",,,
10,"walk","right","soft",1420.375,1421,1420.095,1420.715,4308,4308.625,4307.72,4308.34,1.22,62.9988,0.8,0.81,0.725,0.74,0.415,0.43,0.505,0.485,188.1852,197.6067,127.0125,106.5898,64.7773,65.587,59.1837,62.4473,,,,,,,-0.35,-28.6885,-0.34,-27.8689,0.28,22.9508,0.285,23.3607,84.7331,77.3341,60.6562,57.952,8.8877,9.8969,16.7957,13.4413,36.4763,31.8858,28.4446,28.9552,-48.2569,-45.4483,-32.2116,-28.9968,2.7402,6.3342,9.4245,9.7854,-6.1475,-3.5626,-7.3712,-3.656,,,-0.2997,15.943,42.7619,-0.079,3.5571,2.3957,-0.2331,-27.9407,-6.6532,,,,,,158.3412,47.4523,98.083,,,,"Duque","","N/A","2008-01-01T00:00:00.000Z","Bay","Gelding","PRE horse (Pura Raza Espanola) - Andalusier","Dressage","","20260119T121135_logfile.itlog","2026-01-19T19:11:35.549Z","In hand","Research",,,
10,"walk","right","soft",1421.63,1422.23,1421.315,1421.86,4309.255,4309.855,4308.94,4309.485,1.1963,63.0091,0.765,0.76,0.71,0.78,0.455,0.42,0.495,0.405,182.9617,211.7362,126.1641,133.9045,63.75,64.8188,59.6639,63.8037,,,,,,,-0.315,-26.3323,-0.23,-19.2268,0.315,26.3323,0.37,30.93,77.9397,74.4646,71.5945,62.3395,9.7247,14.2861,21.2162,16.8924,34.5339,33.9493,38.8368,30.1929,-43.4058,-40.5153,-32.7577,-32.1465,2.9727,9.8534,10.936,13.0097,-6.752,-4.4327,-10.2803,-3.8827,,,-0.3346,31.4306,83.898,-0.2463,6.387,6.0185,-0.3286,-28.4717,5.5325,,,,,,188.2321,45.0755,103.4749,,,,"Duque","","N/A","2008-01-01T00:00:00.000Z","Bay","Gelding","PRE horse (Pura Raza Espanola) - Andalusier","Dressage","","20260119T121135_logfile.itlog","2026-01-19T19:11:35.549Z","In hand","Research",,,
10,"walk","right","soft",1422.81,1423.395,1422.49,1423.12,4310.435,4311.02,4310.115,4310.745,1.22,62.1178,0.77,0.795,0.73,0.735,0.415,0.405,0.465,0.48,186.177,206.5819,158.7559,130.6017,64.4351,65.1639,59.8361,59.0361,,,,,,,-0.26,-21.3115,-0.31,-25.4098,0.32,26.2295,0.275,22.541,76.9628,70.6645,65.0506,54.7576,10.1685,16.6967,15.2964,24.3312,34.766,33.3727,31.3287,26.2569,-42.1968,-37.2918,-33.7219,-28.5007,0.6841,10.7225,8.1357,14.8274,-9.4843,-5.9741,-7.1607,-9.5039,,,0.3437,43.9601,-3.7114,-0.5523,15.416,0.0745,-0.2608,-17.9421,10.8965,,,,,,154.3894,49.4055,110.5616,,,,"Duque","","N/A","2008-01-01T00:00:00.000Z","Bay","Gelding","PRE horse (Pura Raza Espanola) - Andalusier","Dressage","","20260119T121135_logfile.itlog","2026-01-19T19:11:35.549Z","In hand","Research",,,
10,"walk","right","soft",1424.015,1424.635,1423.735,1424.395,4311.64,4312.26,4311.36,4312.02,1.2237,61.0903,0.785,0.79,0.725,0.69,0.435,0.445,0.515,0.54,172.7456,181.5635,129.7919,104.7161,64.2127,64.8871,58,57.2614,,,,,,,-0.34,-27.7835,-0.38,-31.0521,0.28,22.8805,0.24,19.6118,77.1656,77.3645,65.727,57.1813,5.7867,16.6545,10.1289,18.2306,34.32,37.1291,32.4475,30.2818,-42.8455,-40.2354,-33.2795,-26.8995,0.2225,11.0497,5.957,12.5773,-5.5642,-5.6047,-4.1719,-5.6532,,,-0.0229,36.2494,38.8661,-0.547,,7.8168,-0.3461,-38.4966,-1.5486,,,,,,150.4182,62.7365,108.2899,,,,"Duque","","N/A","2008-01-01T00:00:00.000Z","Bay","Gelding","PRE horse (Pura Raza Espanola) - Andalusier","Dressage","","20260119T121135_logfile.itlog","2026-01-19T19:11:35.549Z","In hand","Research",,,
10,"walk","right","soft",1425.24,1425.835,1424.995,1425.575,4312.865,4313.46,4312.62,4313.2,1.2181,61.623,0.785,0.82,0.675,0.725,0.44,0.41,0.535,0.49,173.6202,208.675,130.4634,114.828,64.4764,65.8635,56.6038,59.5483,,,,,,,-0.36,-29.5536,-0.335,-27.5013,0.245,20.1129,0.26,21.3443,74.5443,64.4912,63.069,60.0533,9.3897,13.0248,15.7719,19.3513,33.0623,27.3496,32.9272,32.6255,-41.482,-37.1416,-30.1418,-27.4278,0.4448,9.8131,8.562,13.6405,-8.9449,-3.2118,-7.2099,-5.7108,,,0.0874,22.7354,12.6503,-0.4092,11.7063,13.6707,-0.2866,-23.4532,3.9019,,,,,,127.9787,60.6231,95.4351,,,,"Duque","","N/A","2008-01-01T00:00:00.000Z","Bay","Gelding","PRE horse (Pura Raza Espanola) - Andalusier","Dressage","","20260119T121135_logfile.itlog","2026-01-19T19:11:35.549Z","In hand","Research",,,
10,"walk","right","soft",1426.45,1427.095,1426.17,1426.795,4314.075,4314.72,4313.795,4314.42,1.2575,63.3015,0.845,0.825,0.74,0.775,0.425,0.44,0.5,0.495,172.2052,172.5075,128.9992,116.2189,66.1448,65.7371,59.2,62.1242,,,,,,,-0.335,-26.6402,-0.345,-27.4354,0.28,22.2664,0.3,23.8569,80.5482,76.4904,62.3813,55.0638,10.4313,12.3243,16.3216,16.1441,35.5603,35.7961,31.9916,25.8191,-44.9879,-40.6943,-30.3897,-29.2447,2.4138,8.5518,8.9113,11.0832,-8.0175,-3.7725,-7.4103,-5.0609,,,0.0636,16.6659,10.134,-0.6287,14.7223,13.0123,-0.2325,-21.8195,0.5235,,,,,,112.8877,49.7761,96.0849,,,,"Duque","","N/A","2008-01-01T00:00:00.000Z","Bay","Gelding","PRE horse (Pura Raza Espanola) - Andalusier","Dressage","","20260119T121135_logfile.itlog","2026-01-19T19:11:35.549Z","In hand","Research",,,
10,"walk","right","soft",1427.735,1428.34,1427.43,1428.02,4315.36,4315.965,4315.055,4315.645,1.2556,63.5093,0.8,0.84,0.74,0.81,0.44,0.42,0.52,0.45,181.5862,207.3423,121.9149,117.5404,64.257,66.6667,59.0818,64.0316,,,,,,,-0.335,-26.6799,-0.285,-22.6979,0.305,24.2907,0.32,25.4853,79.2091,74.5288,66.1075,59.2141,10.1637,12.3634,16.4895,16.2968,35.6178,32.7926,34.7189,27.2815,-43.5913,-41.7362,-31.3886,-31.9325,2.8856,8.8387,9.3589,11.9262,-7.2781,-3.5247,-7.1306,-4.3706,,,0.237,28.6479,3.1411,-0.3156,11.7228,7.6922,-0.3765,-40.0053,-5.7837,,,,,,131.4052,51.4452,102.9071,,,,"Duque","","N/A","2008-01-01T00:00:00.000Z","Bay","Gelding","PRE horse (Pura Raza Espanola) - Andalusier","Dressage","","20260119T121135_logfile.itlog","2026-01-19T19:11:35.549Z","In hand","Research",,,